EXP_id,Subject_disease_key,Subject_disease_name,Subject_disease_id,Subject_type,GSE_id,Organism,Experiment_type,Sequence_type ,Experiment_subject,Experiment_detail,Special_pretreatment,Control_condition,Control_samples,Experiment_subject_detail,Treatment_samples,Drug_delivery,Data_type,Data_process_pipeline,Platform,Original_id ,Exp_number,Strain,Tissue,Cell_type,Cell_line
HBEXP000001,HERB000016_GSE56886,A Jiang Lan Ren; 阿江榄仁; Terminalia Arjuna,HERB000016,Herb,GSE56886,Homo sapiens,Expression profiling by array,total RNA,human,Peripheral blood; PBMC,,control,GSM1370689;GSM1370690,treated with T.arjuna for 3 months,GSM1370687;GSM1370688,exposed,Microarray,Raw data using Oligo,GPL15207,,EXP1,,Peripheral blood,PBMC,
HBEXP000002,HERB000016_GSE56886,A Jiang Lan Ren; 阿江榄仁; Terminalia Arjuna,HERB000016,Herb,GSE56886,Homo sapiens,Expression profiling by array,total RNA,human,Peripheral blood; PBMC,,control,GSM1370693;GSM1370694,treated with T.arjuna for 6 months,GSM1370691;GSM1370692,exposed,Microarray,Raw data using Oligo,GPL15207,,EXP2,,Peripheral blood,PBMC,
HBEXP000003,HERB000146_GSE72755,Ba Xi Hu Tong; 巴西胡桐; Brazilian Calaba; Calophyllum Brasiliense,HERB000146,Herb,GSE72755,Mus musculus,Expression profiling by array,total RNA,mouse,Liver,,control,GSM1869530;GSM1869531;GSM1869532;GSM1869533,mammea A/BA+A/BB 3:1,GSM1869537;GSM1869538;GSM1869539,treated,Microarray,Raw data using Oligo,GPL6246,,EXP2,,Liver,,
HBEXP000004,HERB006632_GSE103208,Yin Xing Ye; 银杏叶; Ginkgo Folium; Ginkgo Folium,HERB006632,Herb,GSE103208,Homo sapiens,Expression profiling by array,total RNA,human cellline,Primary HCC cells,,control,GSM2757408;GSM2757410;GSM2757412,exposed to Ginkgo biloba (EGb761),GSM2757414;GSM2757416;GSM2757418,exposed,Microarray,Processed data,GPL10558,,EXP1,,,Primary HCC cells,
HBEXP000005,HERB006632_GSE103208,Yin Xing Ye; 银杏叶; Ginkgo Folium; Ginkgo Folium,HERB006632,Herb,GSE103208,Homo sapiens,Expression profiling by array,total RNA,human cellline,Hepatoma; WRL68,,control,GSM2757409;GSM2757411;GSM2757413,exposed to Ginkgo biloba (EGb761),GSM2757415;GSM2757417;GSM2757419,exposed,Microarray,Processed data,GPL10558,,EXP2,,,Hepatoma,WRL68
HBEXP000006,HERB006632_GSE103208,Yin Xing Ye; 银杏叶; Ginkgo Folium; Ginkgo Folium,HERB006632,Herb,GSE103208,Homo sapiens,Expression profiling by array,total RNA,human cellline,Hepatoma; Huh7,,control,GSM2757420;GSM2757421;GSM2757422,exposed to Ginkgo biloba (EGb761),GSM2757423;GSM2757424;GSM2757425,exposed,Microarray,Processed data,GPL10558,,EXP3,,,Hepatoma,Huh7
HBEXP000007,HERB006632_GSE103208,Yin Xing Ye; 银杏叶; Ginkgo Folium; Ginkgo Folium,HERB006632,Herb,GSE103208,Homo sapiens,Expression profiling by array,total RNA,human cellline,Hepatocyte; THLE5B,,control,GSM2757426;GSM2757428;GSM2757430,exposed to Ginkgo biloba (EGb761),GSM2757427;GSM2757429;GSM2757431,exposed,Microarray,Processed data,GPL10558,,EXP4,,,Hepatocyte,THLE5B
HBEXP000008,HERB006632_GSE29813,Yin Xing Ye; 银杏叶; Ginkgo Folium; Ginkgo Folium,HERB006632,Herb,GSE29813,Mus musculus,Expression profiling by array,total RNA,mouse,B6C3F1; Liver,,control,GSM652414;GSM652415;GSM652416;GSM652417;GSM652418;GSM652419,induced by Ginkgo biloba leaf extract (GBE),GSM738861;GSM738862;GSM738863;GSM738864;GSM738865;GSM738866,gavage,Microarray,Raw data using Oligo,GPL1261,,EXP1,B6C3F1,Liver,,
HBEXP000009,HERB000523_GSE114586,Bo Niang Hao; 播娘蒿; Flixweed Tansymustard Seed; Descurainia Sophia,HERB000523,Herb,GSE114586,Mus musculus,Expression profiling by high throughput sequencing,total RNA,mouse,BALB/c; Lung,,wile type (Saline),GSM3145352;GSM3145353;GSM3145354,Descurainia sophia treated mice,GSM3145358;GSM3145359;GSM3145360;GSM3145361,treated,High-throughput sequencing,Raw data using FeatureCounts,GPL19057,,EXP1,BALB/c,Lung,,
HBEXP000010,HERB000523_GSE114586,Bo Niang Hao; 播娘蒿; Flixweed Tansymustard Seed; Descurainia Sophia,HERB000523,Herb,GSE114586,Mus musculus,Expression profiling by high throughput sequencing,total RNA,mouse,BALB/c; Lung,,wile type (Saline),GSM3145355;GSM3145356;GSM3145357,Descurainia sophia treated mice,GSM3145358;GSM3145359;GSM3145360;GSM3145361,treated,High-throughput sequencing,Raw data using FeatureCounts,GPL19057,,EXP2,BALB/c,Lung,,
HBEXP000011,HERB000696_GSE42236,Bei Mei Gou Wen; 北美钩吻; Carolina Jasmine; Gelsemium Sempervirens,HERB000696,Herb,GSE42236,Homo sapiens,Expression profiling by array,total RNA,human cellline,Neuroblastoma; SHSY5Y,,control (vehicle solution),GSM1036053;GSM1036054;GSM1036055;GSM1036056,"for 24h with 6 dilutions of the Gelsemium sempervirens extract, namely 2c",GSM1036077;GSM1036078;GSM1036079;GSM1036080,treated,Microarray,Processed data,GPL16025,,EXP1,,,Neuroblastoma,SHSY5Y
HBEXP000012,HERB000696_GSE42236,Bei Mei Gou Wen; 北美钩吻; Carolina Jasmine; Gelsemium Sempervirens,HERB000696,Herb,GSE42236,Homo sapiens,Expression profiling by array,total RNA,human cellline,Neuroblastoma; SHSY5Y,,control (vehicle solution),GSM1036057;GSM1036058;GSM1036059;GSM1036060,"for 24h with 6 dilutions of the Gelsemium sempervirens extract, namely 3c",GSM1036081;GSM1036082;GSM1036083;GSM1036084,treated,Microarray,Processed data,GPL16025,,EXP2,,,Neuroblastoma,SHSY5Y
HBEXP000013,HERB000696_GSE42236,Bei Mei Gou Wen; 北美钩吻; Carolina Jasmine; Gelsemium Sempervirens,HERB000696,Herb,GSE42236,Homo sapiens,Expression profiling by array,total RNA,human cellline,Neuroblastoma; SHSY5Y,,control (vehicle solution),GSM1036061;GSM1036062;GSM1036063;GSM1036064,"for 24h with 6 dilutions of the Gelsemium sempervirens extract, namely 4c",GSM1036085;GSM1036086;GSM1036087;GSM1036088,treated,Microarray,Processed data,GPL16025,,EXP3,,,Neuroblastoma,SHSY5Y
HBEXP000014,HERB000696_GSE42236,Bei Mei Gou Wen; 北美钩吻; Carolina Jasmine; Gelsemium Sempervirens,HERB000696,Herb,GSE42236,Homo sapiens,Expression profiling by array,total RNA,human cellline,Neuroblastoma; SHSY5Y,,control (vehicle solution),GSM1036065;GSM1036066;GSM1036067;GSM1036068,"for 24h with 6 dilutions of the Gelsemium sempervirens extract, namely 5c",GSM1036089;GSM1036090;GSM1036091;GSM1036092,treated,Microarray,Processed data,GPL16025,,EXP4,,,Neuroblastoma,SHSY5Y
HBEXP000015,HERB000696_GSE42236,Bei Mei Gou Wen; 北美钩吻; Carolina Jasmine; Gelsemium Sempervirens,HERB000696,Herb,GSE42236,Homo sapiens,Expression profiling by array,total RNA,human cellline,Neuroblastoma; SHSY5Y,,control (vehicle solution),GSM1036069;GSM1036070;GSM1036071;GSM1036072,"for 24h with 6 dilutions of the Gelsemium sempervirens extract, namely 9c",GSM1036093;GSM1036094;GSM1036095;GSM1036096,treated,Microarray,Processed data,GPL16025,,EXP5,,,Neuroblastoma,SHSY5Y
HBEXP000016,HERB000696_GSE42236,Bei Mei Gou Wen; 北美钩吻; Carolina Jasmine; Gelsemium Sempervirens,HERB000696,Herb,GSE42236,Homo sapiens,Expression profiling by array,total RNA,human cellline,Neuroblastoma; IMR-32,,control (vehicle solution),GSM1036104;GSM1036105;GSM1036106,"for 24h with 6 dilutions of the Gelsemium sempervirens extract, namely 30c",GSM1036101;GSM1036102;GSM1036103,treated,Microarray,Processed data,GPL16025,,EXP6,,,Neuroblastoma,IMR-32
HBEXP000017,HERB000960_GSE70514,Cu; 醋; Vinegar; Vinegar,HERB000960,Herb,GSE70514,Mus musculus,Expression profiling by array,total RNA,mouse,SAMP8; Hippocampus,in independent cages and had free access to food and water.,control CE2 diet,GSM1808266;GSM1808267;GSM1808268;GSM1808269,"SAMP8, Kurozu-containing CE2 diet administrated for 5 weeks",GSM1808270;GSM1808271;GSM1808272;GSM1808273,feed,Microarray,Raw data using Oligo,GPL6246,,EXP1,SAMP8,Hippocampus,,
HBEXP000018,HERB001023_GSE58811,Huang Da Dou; 黄大豆; Soybean; Glycine Max,HERB001023,Herb,GSE58811,Mus musculus,Expression profiling by array,total RNA,mouse,SAMP10; Hippocampus,,control,GSM1419959;GSM1419960;GSM1419961,green soybean extracts for 2 days,GSM1419962;GSM1419963;GSM1419964,feed,Microarray,Raw data using Oligo,GPL6246,,EXP1,SAMP10,Hippocampus,,
HBEXP000019,HERB001023_GSE58811,Huang Da Dou; 黄大豆; Soybean; Glycine Max,HERB001023,Herb,GSE58811,Mus musculus,Expression profiling by array,total RNA,mouse,SAMP10; Hippocampus,,control,GSM1419959;GSM1419960;GSM1419961,yellow soybean extracts for 2 days,GSM1419965;GSM1419966;GSM1419967,feed,Microarray,Raw data using Oligo,GPL6246,,EXP2,SAMP10,Hippocampus,,
HBEXP000020,HERB001023_GSE84442,Huang Da Dou; 黄大豆; Soybean; Glycine Max,HERB001023,Herb,GSE84442,Mus musculus,Expression profiling by array,total RNA,mouse,C57BL/6J; Ileum,,control,GSM2236235;GSM2236238;GSM2236246;GSM2236249,Soybean meal (SBM) diet in 4 weeks,GSM2236234;GSM2236237;GSM2236240;GSM2236243;GSM2236251,feed,Microarray,Raw data using Oligo,GPL11533,,EXP1,C57BL/6J,Ileum,,
HBEXP000021,HERB001104_GSE20093,Da Suan; 大蒜; Garlic; Allii Sativi Bulbus,HERB001104,Herb,GSE20093,Mus musculus,Expression profiling by array,total RNA,mouse,C57BL/6J; Liver,,cellulose (control),GSM502071;GSM502072;GSM502073,4% lyophilized raw garlic powder for 6 weeks for 8-week old male C57BL/6J mice,GSM502074;GSM502075;GSM502076,feed,Microarray,Raw data using Oligo,GPL339,,EXP1,C57BL/6J,Liver,,
HBEXP000022,HERB001104_GSE20093,Da Suan; 大蒜; Garlic; Allii Sativi Bulbus,HERB001104,Herb,GSE20093,Mus musculus,Expression profiling by array,total RNA,mouse,C57BL/6J; Liver,,cellulose (control),GSM502077;GSM502078;GSM502079,4% lyophilized raw garlic powder for 10 weeks for 8-week old male C57BL/6J mice,GSM502080;GSM502081;GSM502082,feed,Microarray,Raw data using Oligo,GPL339,,EXP2,C57BL/6J,Liver,,
HBEXP000023,HERB001104_GSE20094,Da Suan; 大蒜; Garlic; Allii Sativi Bulbus,HERB001104,Herb,GSE20094,Mus musculus,Expression profiling by array,total RNA,mouse,C57BL/6J; Liver,,cellulose (control),GSM502083;GSM502084;GSM502085,15-week garlic-fed for 8-week old male C57BL/6J mice,GSM502086;GSM502087;GSM502088,feed,Microarray,Raw data using Oligo,GPL1261,,EXP1,C57BL/6J,Liver,,
HBEXP000024,HERB001210_GSE89454,Dang Gui; 当归; Root Of Chinese Angelica; Angelicae Sinensis Radix,HERB001210,Herb,GSE89454,Mus musculus,Expression profiling by high throughput sequencing,mRNA,mouse,KM; Adipose,,control,GSM2372426;GSM2372427;GSM2372428,Radix Angelica sinensis(RAS) supplementation ,GSM2372429;GSM2372430;GSM2372431,feed,High-throughput sequencing,Raw data using FeatureCounts,GPL9185,,EXP1,KM,Adipose,,
HBEXP000025,HERB001211_GSE115506,Dang Shen; 党参; Root Pilose Asiabell; Codonopsis Radix,HERB001211,Herb,GSE115506,Homo sapiens,Expression profiling by array,total RNA,human cellline,Hepatocellular carcinoma; HepG2,,control,GSM3179695;GSM3179696;GSM3179697,24h after Codonopsis pilosula (D1-3),GSM3179698;GSM3179699;GSM3179700,treated,Microarray,Processed data,GPL10558,,EXP1,,,Hepatocellular carcinoma,HepG2
HBEXP000027,HERB001282_GSE59494,Dian Fen; 淀粉; Starch; Amylum,HERB001282,Herb,GSE59494,Mus musculus,Expression profiling by array,total RNA,mouse,C57BL/6J; Colonic mucosal scrapings,,control,GSM1055780;GSM1055781;GSM1055782;GSM1055785;GSM1055786,10% dietary resistant starch (RS) for 10 days,GSM1438311;GSM1438312;GSM1438325;GSM1438330;GSM1438331;GSM1438332,feed,Microarray,Raw data using Oligo,GPL11533,,EXP1,C57BL/6J,Colonic mucosal scrapings,,
HBEXP000028,HERB001333_GSE24191,Dong Chong Xia Cao; 冬虫夏草; Chinese Caterpillar Fungus; Cordyceps,HERB001333,Herb,GSE24191,Homo sapiens,Expression profiling by array,total RNA,human cellline,Peripheral blood; Dendritic cell,,untreated,GSM595094;GSM595104,Cordyceps sinensis (CS) 1ug/ml,GSM595069;GSM595070;GSM595098;GSM595099,treated,Microarray,Processed data,GPL10936,,EXP1,,Peripheral blood,Dendritic cell,
HBEXP000029,HERB001382_GSE68360,Dou You; 豆油; Soybean Oil; Glycine Max,HERB001382,Herb,GSE68360,Mus musculus,Expression profiling by high throughput sequencing,mRNA,mouse,Liver,,control (Viv),GSM1669208;GSM1669209;GSM1669210,feed soybean oil plus coconut oil high fat diet (SO-HFD) for 35 weeks,GSM1669211;GSM1669212;GSM1669213,feed,High-throughput sequencing,Raw data using FeatureCounts,GPL13112,,EXP1,,Liver,,
HBEXP000030,HERB001382_GSE71773,Dou You; 豆油; Soybean Oil; Glycine Max,HERB001382,Herb,GSE71773,Mus musculus,Expression profiling by high throughput sequencing,mRNA,mouse,C57BL/6; Skeletal muscle,mice were allowed ad libitum access to food and their food intake was monitored for two weeks,control,GSM1845059;GSM1845062;GSM1845070;GSM1845078,soy for 4 months of age male C57BL/6 mice,GSM1845053;GSM1845068;GSM1845076,feed,High-throughput sequencing,Raw data using FeatureCounts,GPL13112,,EXP1,C57BL/6,Skeletal muscle,,
HBEXP000031,HERB001382_GSE71773,Dou You; 豆油; Soybean Oil; Glycine Max,HERB001382,Herb,GSE71773,Mus musculus,Expression profiling by high throughput sequencing,mRNA,mouse,C57BL/6; Liver,mice were allowed ad libitum access to food and their food intake was monitored for two weeks,control,GSM1845061;GSM1845069;GSM1845077,soy for 4 months of age male C57BL/6 mice,GSM1845054;GSM1845067;GSM1845075;GSM1845083,feed,High-throughput sequencing,Raw data using FeatureCounts,GPL13112,,EXP2,C57BL/6,Liver,,
HBEXP000032,HERB001382_GSE79408,Dou You; 豆油; Soybean Oil; Glycine Max,HERB001382,Herb,GSE79408,Mus musculus,Expression profiling by high throughput sequencing,mRNA,mouse,129/Sv-C57BL/6; Liver,,control,GSM2094879;GSM2094880;GSM2094881;GSM2094882;GSM2094883;GSM2094884,Soybean Oil,GSM2094885;GSM2094886;GSM2094887;GSM2094888;GSM2094889;GSM2094890,treated,High-throughput sequencing,Raw data using FeatureCounts,GPL13112,,EXP1,129/Sv-C57BL/6,Liver,,
HBEXP000033,HERB001616_GSE33443,Fan Qie; 番茄; Tomato; Fructus Lycopersici Esculenti,HERB001616,Herb,GSE33443,Homo sapiens,Expression profiling by array,total RNA,human cellline,Breast cancer; MCF-7,,control,GSM827016;GSM827019;GSM827022,treated with tomato leaves extract (TLE) in 1h,GSM827017;GSM827020;GSM827023,treated,Microarray,Raw data using Oligo,GPL6244,,EXP1,,,Breast cancer,MCF-7
HBEXP000034,HERB001616_GSE33443,Fan Qie; 番茄; Tomato; Fructus Lycopersici Esculenti,HERB001616,Herb,GSE33443,Homo sapiens,Expression profiling by array,total RNA,human cellline,Breast cancer; MCF-7,,control,GSM827016;GSM827019;GSM827022,treated with tomato leaves extract (TLE) in 48h,GSM827018;GSM827021;GSM827024,treated,Microarray,Raw data using Oligo,GPL6244,,EXP2,,,Breast cancer,MCF-7
HBEXP000035,HERB001616_GSE33763,Fan Qie; 番茄; Tomato; Fructus Lycopersici Esculenti,HERB001616,Herb,GSE33763,Mus musculus,Expression profiling by array,total RNA,mouse,Embryonic stem cell; ES,,control,GSM835190;GSM835194;GSM835198,2C::tomato ES cells from mutant ES cultures,GSM835191;GSM835195;GSM835199,treated,Microarray,Raw data using Oligo,GPL6246,,EXP1,,,Embryonic stem cell,ES
HBEXP000036,HERB001616_GSE94548,Fan Qie; 番茄; Tomato; Fructus Lycopersici Esculenti,HERB001616,Herb,GSE94548,Homo sapiens,Expression profiling by array,total RNA,human cellline,Breast cancer; MCF-7,,wild type tomato fruit,GSM2478011;GSM2478012,MCF-7_Treated with WT tomato fruit extract with 1 ug/ml for 24h,GSM2478005;GSM2478006,treated,Microarray,Raw data using Oligo,GPL15207,,EXP1,,,Breast cancer,MCF-7
HBEXP000037,HERB001616_GSE94548,Fan Qie; 番茄; Tomato; Fructus Lycopersici Esculenti,HERB001616,Herb,GSE94548,Homo sapiens,Expression profiling by array,total RNA,human cellline,Breast cancer; MCF-7,,wild type tomato fruit,GSM2478011;GSM2478012,MCF-7_Treated with L6 tomato fruit extract with 1 ug/ml for 24h,GSM2478007;GSM2478008,treated,Microarray,Raw data using Oligo,GPL15207,,EXP2,,,Breast cancer,MCF-7
HBEXP000038,HERB001616_GSE94548,Fan Qie; 番茄; Tomato; Fructus Lycopersici Esculenti,HERB001616,Herb,GSE94548,Homo sapiens,Expression profiling by array,total RNA,human cellline,Breast cancer; MCF-7,,wild type tomato fruit,GSM2478011;GSM2478012,MCF-7_Treated with L7 tomato fruit extract with 1 ug/ml for 24h,GSM2478009;GSM2478010,treated,Microarray,Raw data using Oligo,GPL15207,,EXP3,,,Breast cancer,MCF-7
HBEXP000039,HERB001705_GSE46110,Feng Jiao; 蜂胶; Propolis,HERB001705,Herb,GSE46110,Mus musculus,Expression profiling by array,total RNA,mouse,C57BL/6J; Adipose,,vehicle control,GSM1123902;GSM1123903;GSM1123904,"inhjected with Brazilian propolis ethanol extract (100mg/kg ip, twice a week) for 12 weeks",GSM1123905;GSM1123906;GSM1123907,injection,Microarray,Raw data using Limma,GPL10787,,EXP1,C57BL/6J,Adipose,,
HBEXP000040,HERB002276_GSE18586,Hong Hua; 红花; Safflower; Carthami Flos,HERB002276,Herb,GSE18586,Mus musculus,Expression profiling by array,total RNA,mouse,C57BL/6J; Small intestine,Nine-week-old C57Bl/6J mice,control,GSM462270;GSM462273;GSM462276,Safflower oil (HF-SO; P/S 7.8) for 8 weeks,GSM462272;GSM462275;GSM462278,feed,Microarray,Raw data using Oligo,GPL1261,,EXP1,C57BL/6J,Small intestine,,
HBEXP000041,HERB002560_GSE70772,Huang Qi; 黄芪; Root Of Membranous Milkvetch; Astragali Radix,HERB002560,Herb,GSE70772,Homo sapiens,Expression profiling by array,total RNA,human cellline,HCT116 colon cancer xenograft,,water ,GSM1818003;GSM1818004;GSM1818005;GSM1818006;GSM1818007;GSM1818008;GSM1818009;GSM1818010,treated with Astragalus membranaceus for 28 days,GSM1818011;GSM1818012;GSM1818013;GSM1818014;GSM1818015;GSM1818016;GSM1818017;GSM1818018,treated,Microarray,Raw data using Oligo,GPL17586,,EXP1,,HCT116 colon cancer xenograft,,
HBEXP000042,HERB003106_GSE102895,Ke Ke; 可可; Cocoa; Theobroma Cacao,HERB003106,Herb,GSE102895,Homo sapiens,Expression profiling by array,total RNA,human cellline,Peripheral blood; Dendritic cell,,control,GSM2747889;GSM2747890;GSM2747891,treated with Cocoa procyanidins for 6h,GSM2747892;GSM2747893;GSM2747894,treated,Microarray,Processed data,GPL10904,,EXP1,,Peripheral blood,Dendritic cell,
HBEXP000043,HERB003361_GSE20389,Lian Qiao; 连翘; Weeping Forsythia Capsule; Forsythiae Fructus,HERB003361,Herb,GSE20389,Mus musculus,Expression profiling by array,total RNA,mouse,Soft tissue overlying calvarial bone,,vehicle control,GSM463608;GSM463609;GSM463610;GSM463611;GSM463612,injected T. forsythia at 1.5 x 109 (N = 10) fro 3 days in bone,GSM511102;GSM511103;GSM511104;GSM511105;GSM511106,injected into the soft tissues overlying the calvaria,Microarray,Raw data using Oligo,GPL339,,EXP1,,Soft tissue overlying calvarial bone,,
HBEXP000044,HERB003361_GSE20389,Lian Qiao; 连翘; Weeping Forsythia Capsule; Forsythiae Fructus,HERB003361,Herb,GSE20389,Mus musculus,Expression profiling by array,total RNA,mouse,Calvarial bone,,vehicle control,GSM463618;GSM463619;GSM463620;GSM463621,injected T. forsythia at 1.5 x 109 (N = 10) fro 3 days in soft tissue,GSM511107;GSM511108;GSM511109,injected into the soft tissues overlying the calvaria,Microarray,Raw data using Oligo,GPL339,,EXP2,,Calvarial bone,,
HBEXP000045,HERB003444_GSE117503,Ling Zhi; 灵芝; Lucid Ganoderma; Ganoderma,HERB003444,Herb,GSE117503,Mus musculus,Expression profiling by array,total RNA,mouse,Hepatoma; Hepa1-6,,control,GSM3302001;GSM3302002;GSM3302003,treated with Ganoderma lucidum extract (GLE) for Hepa1-6-bearing C57 BL/6 mice,GSM3302004;GSM3302005;GSM3302006,treated,Microarray,Raw data using Limma,GPL21994,,EXP1,,,Hepatoma,Hepa1-6
HBEXP000046,HERB003617_GSE77964,Lv Cha; 绿茶; Green Tea; Folium Camelliae Sinensis,HERB003617,Herb,GSE77964,Mus musculus,Expression profiling by array,total RNA,mouse,C57BL/6; Liver,,control,GSM2062641;GSM2062642;GSM2062643,treated with Green Tea for liver tissues of treated NAFLD,GSM2062648;GSM2062649;GSM2062650,treated,Microarray,Raw data using Limma,GPL20964,,EXP1,C57BL/6,Liver,,
HBEXP000047,HERB003617_GSE86080,Lv Cha; 绿茶; Green Tea; Folium Camelliae Sinensis,HERB003617,Herb,GSE86080,Mus musculus,Expression profiling by high throughput sequencing,mRNA,mouse,C57BL/6J; Epididymal adipose,,control,GSM2293225;GSM2293226;GSM2293227,green tea extract added high-fat diet-fed,GSM2293228;GSM2293229;GSM2293230,feed,High-throughput sequencing,Raw data using FeatureCounts,GPL17021,,EXP1,C57BL/6J,Epididymal adipose,,
HBEXP000048,HERB003617_GSE86080,Lv Cha; 绿茶; Green Tea; Folium Camelliae Sinensis,HERB003617,Herb,GSE86080,Mus musculus,Expression profiling by high throughput sequencing,mRNA,mouse,C57BL/6J; Liver,,control,GSM2293234;GSM2293235;GSM2293236,green tea extract added high-fat diet-fed,GSM2293237;GSM2293238;GSM2293239,feed,High-throughput sequencing,Raw data using FeatureCounts,GPL17021,,EXP2,C57BL/6J,Liver,,
HBEXP000049,HERB003748_GSE57533,Mang Xiao; 芒硝; Natrii Sulfas,HERB003748,Herb,GSE57533,Mus musculus,Expression profiling by high throughput sequencing,mRNA,mouse,Colon; Epithelial cell,,control,GSM1384318;GSM1384319;GSM1384320,induced by applying dextran sodium sulfate (DSS),GSM1384321;GSM1384322;GSM1384323;GSM1384324,treated,High-throughput sequencing,Raw data using FeatureCounts,GPL13112,,EXP1,,Colon,Epithelial cell,
HBEXP000050,HERB003790_GSE120832,Mao Hua Mi Hou Tao; 毛花猕猴桃; Hairyflower Actinidia; Actinidia Eriantha,HERB003790,Herb,GSE120832,Mus musculus,Expression profiling by array,total RNA,mouse,Macrophage; RAW 264.7,,control,GSM3416533;GSM3416534;GSM3416535,treated with Actinidia eriantha (AEPS) 50 ug/ml for 4h,GSM3416536;GSM3416537;GSM3416538,treated,Microarray,Raw data using Limma,GPL10787,,EXP1,,,Macrophage,RAW 264.7
HBEXP000051,HERB004280_GSE31991,Ou Zhou Jue; 欧洲蕨; Bracken; Pteridium Aquilinum,HERB004280,Herb,GSE31991,Mus musculus,Expression profiling by array,total RNA,mouse,C57BL/6; Gastric mucosa,,control,GSM792379;GSM792380;GSM792381,treated with Bracken fern extract,GSM792382;GSM792383;GSM792384,treated,Microarray,Raw data using Oligo,GPL11098,,EXP1,C57BL/6,Gastric mucosa,,
