db_index,book_index_10th,food_group_ko,food_name_ko,source,food_code,food_name_en,scientific_name,ENERC__energy_kcal,WATER__water_g,PROT__protein_g,FATCE__fat_g,ASH__ash_g,CHOCDF__carbohydrate_g,SUGAR__total_sugars_g,SUCS__sucrose_g,GLUS__glucose_g,FRUS__fructose_g,LACS__lactose_g,MALS__maltose_g,GALS__galactose_g,FIBTG__total_dietary_fiber_g,FIBSOL__water_soluble_dietary_fiber_g,FIBINS__water_insoluble_dietary_fiber_g,CA__calcium_mg,FE__iron_mg,MG__magnesium_mg,P__phosphorus_mg,K__potassium_mg,NA__sodium_mg,ZN__zinc_mg,CU__copper_mg,MN__manganese_mg,SE__selenium_ug,MO__molybdenum_ug,ID__iodine_ug,VITA_RAE__vitamin_a_ug,RETOL__retinol_ug,CARTB__carotene_ug,THIA__thiamin_mg,riboflavin_mg,NIA__niacin_mg,NIAEQ__total_niacin_equivalents_mg,nicotinic_acid_mg,nicotinamide_mg,PANTAC__pantothenic_acid_mg,VITB6C__vitamin_b6_mg,PYRXN__pyridoxine_mg,BIOT__biotin_ug,FOLDFE__folate_ug,FOLFD__food_folate_ug,FOLAC__folic_acid_ug,VITB12__vitamin_b12_ug,VITC__vitamin_c_mg,VITD__vitamin_d_ug,ERGCAL__ergocalciferol_ug,CHOCAL__cholecalciferol_ug,VITE__vitamin_e_mg,TOCPHA__tocopherol_mg,TOCPHB__tocopherol_mg,TOCPHG__tocopherol_mg,TOCPHD__tocopherol_mg,TOCTRA__tocotrienol_mg,TOCTRB__tocotrienol_mg,TOCTRG__tocotrienol_mg,TOCTRD__tocotrienol_mg,VITK__vitamin_k_ug,VITK1__phylloquinone_ug,VITK2__menaquinone_ug,total_amino_acids_mg,AAE10A__total_essential_amino_acids_mg,ILE__isoleucine_mg,LEU__leucine_mg,LYS__lysine_mg,MET__methionine_mg,PHE__phenylalanine_mg,THR__threonine_mg,TRP__tryptophan_mg,VAL__valine_mg,HIS__histidine_mg,ARG__arginine_mg,TYR__tyrosine_mg,CYSTE__cysteine_mg,ALA__alanine_mg,ASP__aspartic_acid_mg,GLU__glutamic_acid_mg,GLY__glycine_mg,PRO__proline_mg,SER__serine_mg,TAU__taurine_mg,CHOLE__cholesterol_mg,FACID__total_fatty_acids_g,FAESS__total_essential_fatty_acids_g,FASAT__total_saturated_fatty_acids_g,F4D0__butyric_acid_mg,F6D0__caproic_acid_mg,F8D0__caprylic_acid_mg,F10D0__capric_acid_mg,F12D0__lauric_acid_mg,F13D0__tridecanoic_acid_mg,F14D0__myristic_acid_mg,F15D0__pentadecanoic_acid_mg,F16D0__palmitic_acid_mg,F17D0__heptadecanoic_acid_mg,F18D0__stearic_acid_mg,F20D0__arachidic_acid_mg,F21D0__henicosanoic_acid_mg,F22D0__behenic_acid_mg,F23D0__tricosanoic_acid_mg,F24D0__lignoceric_acid_mg,total_unsaturated_fatty_acids_g,FAMS__total_monounsaturated_fatty_acids_g,F14D1__myristoleic_acid_mg,F16D1__palmitoleic_acid_mg,F17D1__heptadecenoic_acid_mg,F18D1N9__oleic_acid_mg,F18D1N7__vaccenic_acid_mg,F20D1__gadoleic_acid_mg,F22D1__erucic_acid_mg,F24D1__nervonic_acid_mg,FAPU__total_polyunsaturated_fatty_acids_g,F18D2N6__linoleic_acid_mg,F18D3N3__linolenic_acid_mg,F18D3N6__linolenic_acid_mg,F20D2N6__eicosadienoic_acid_mg,F20D3N3__dihomolinolenic_acid_mg,F20D3N6__eicosatrienoic_acid_mg,F20D4N6__arachidonic_acid_mg,F20D5N3__eicosapentaenoic_acid_epa_mg,F22D2__docosadienoic_acid_mg,F22D5N3__docosapentaenoic_acid_dpa_mg,F22D6N3__docosahexaenoic_acid_dha_mg,FAPUN3__total_n_3_polyunsaturated_fatty_acids_g,FAPUN6__total_n_6_polyunsaturated_fatty_acids_g,FATRN__total_trans_fatty_acids_g,F18D1TN9__trans_oleic_acids_mg,F18D2TN6__trans_linoleic_acids_mg,F18D3TN3__trans_linolenic_acids_mg,NACL_EQ__salt_equivalent_g,REFUSE__refuse_%
1,1.0,곡류 및 그 제품,"귀리, 겉귀리, 도정, 생것",농진청('21),A001001A010a,"Oat(Gwiri), Covered, Polished, Raw",Avena sativa L.,388,11.7,9.88,8.84,1.56,68.03,0.92,0.92,0,0,0,0,0,7.6,2.5,5.2,52,5.3,127,361,423,3,2.13,0.247,5.883,1.61,96.08,0,0,0,0,0.372,0.077,1.415,3.486,0.899,0.516,0.799,0.223,0.059,6.64,24,24,0,0,0,0,0,0,1.09,0.46,0,0.16,0,2.04,0,0.27,0,0,0,0,8480,3285,272,627,392,107,439,308,124,377,196,443,551,333,434,709,1731,468,482,485,0,0,8.62,2.84,1.51,0,0,0,0.89,0,0,13,0,1349.72,3.41,119.28,13.28,0,5.77,0,8.98,7.09,4.24,0,14.5,0,4052.25,73.54,84.38,7.48,10.52,2.85,2764.5,79.27,0,5.13,0,0,0,0,0,0,0,0.08,2.77,0.02,2.75,10.91,4.5,0,0
3381,,곡류 및 그 제품,"귀리, 겉귀리, 도정, 밥",농진청('21),A0490030009a,"Oat(Gwiri), Covered, Polished, Cooked",Avena sativa L.,197,55.5,5.01,4.7,0.72,34.08,0.4,0.4,0,0,0,0,0,4.9,1.5,3.4,26,2.6,61,172,195,1,1.03,0.116,2.883,0.82,46.93,0,0,0,0,0.169,0.044,0.881,2.191,0.556,0.325,0.403,0.113,0.03,3.47,13,13,0,0,0,0,0,0,0.39,0.19,0,0.08,0,0.65,0,0.13,0,0,0,0,4325,1678,131,313,189,60,220,154,79,185,97,251,278,184,218,355,890,235,245,242,0,0,4.35,1.43,0.77,0,0,0,0.69,0,0,6.71,0,681.42,1.67,60.18,6.63,0,3.02,0,4.55,3.57,2.14,0,7.49,0,2038.42,38.14,43.19,3.69,5.93,1.44,1394.41,40.07,0,2.66,0,0,0,0,0,0,0,0.04,1.4,0.01,1.84,9.06,3.35,0,0
2,2.0,곡류 및 그 제품,"귀리, 쌀귀리, 도정, 생것",농진청('20),A001002A010a,"Oat(Gwiri), Naked, Polished, Raw",Avena nuda L.,388,11.6,11.14,8.9,1.7,66.66,0.91,0.83,0,0.08,0,0,0,8.1,3.3,4.8,61,4.31,138,409,405,1,3.08,0.375,6.544,2.01,42.71,0,0,0,2,0.467,0.054,1.194,5.779,0.375,0.819,0.49,0.224,0.06,3.9,35,35,0,0,0,0,0,0,1.38,0.5,0.11,0,0,2.71,0.22,0,0,0,0,0,10920,4736,463,847,479,150,594,362,275,673,255,636,552,225,526,879,2339,569,600,494,0,0,8.25,2.87,1.45,0,0,0,0,0,0,14.43,0,1226.74,3.39,166.82,17.73,0,8.23,0,12.92,6.79,3.92,0,13.58,0,3763.63,58.13,69.74,5.02,8,2.87,2792.46,73.86,0,3.53,0,0,0,0,0,0,0,0.07,2.8,0.01,2.97,3.58,5.25,0,0
3,,곡류 및 그 제품,"귀리, 쌀귀리, 대양, 도정, 생것",농진청('20),A001003A010a,"Oat(Gwiri), Naked, Daeyang, Polished, Raw",Avena nuda L.,386,11.8,11.51,8.78,1.81,66.1,0.91,0.84,0,0.07,0,0,0,7.8,2.4,5.4,59,4.25,142,439,428,2,3.12,0.416,6.29,1.98,55.2,0,0,0,2,0.466,0.051,1.211,6.804,0.399,0.812,0.406,0.206,0.052,5.04,33,33,0,0,0,0,0,0,1.4,0.54,0.1,0,0,2.67,0.17,0,0,0,0,0,11301,4981,477,865,493,152,615,373,336,695,262,713,551,225,542,899,2397,582,616,509,0,0,8.14,2.95,1.37,0,0,0,0,0,0,12.9,0,1150.53,3.29,162.76,17.48,0,8.58,0,13.48,6.76,3.81,0,13.56,0,3648.54,61.48,68.1,4.99,8.85,2.96,2877.03,76.31,0,3.44,0,0,0,0,0,0,0,0.08,2.88,0.01,2.72,4.05,5.04,0,0
4,,곡류 및 그 제품,"귀리, 쌀귀리, 조양, 도정, 생것",농진청('20),A001004A010a,"Oat(Gwiri), Naked, Joyang, Polished, Raw",Avena nuda L.,390,11.4,10.78,9.01,1.6,67.23,0.91,0.83,0,0.08,0,0,0,8.4,4.3,4.2,63,4.37,135,379,383,1,3.04,0.333,6.797,2.04,30.22,0,0,0,2,0.467,0.057,1.177,4.753,0.351,0.826,0.573,0.241,0.067,2.76,37,37,0,0,0,0,0,0,1.36,0.46,0.12,0,0,2.76,0.26,0,0,0,0,0,10539,4491,450,830,465,149,573,352,215,651,248,560,553,225,510,858,2282,557,585,479,0,0,8.36,2.78,1.53,0,0,0,0,0,0,15.95,0,1302.94,3.5,170.87,17.98,0,7.88,0,12.37,6.81,4.03,0,13.59,0,3878.71,54.78,71.37,5.04,7.15,2.78,2707.89,71.41,0,3.62,0,0,0,0,0,0,0,0.07,2.71,0.01,3.23,3.11,5.45,0,0
5,3.0,곡류 및 그 제품,"귀리, 쌀귀리, 도정, 밥",농진청('20),A0490000009a,"Oat(Gwiri), Naked, Polished, Cooked",Avena nuda L.,218,50.7,6.51,5.36,0.95,36.53,0.42,0.42,0,0,0,0,0,3.9,1,2.8,34,2.46,78,228,212,1,1.71,0.206,3.642,1.06,20.26,0,0,0,1,0.226,0.025,0.249,3.448,0.111,0.138,0.274,0.127,0.031,3.23,12,12,0,0,0,0,0,0,0.77,0.3,0.06,0,0,1.43,0.13,0,0,0,0,0,6390,2809,272,462,287,93,340,210,192,399,145,409,150,132,319,557,1446,329,357,291,0,0,4.84,1.68,0.86,0,0,0,0,0,0,8.82,0,724.97,2.11,97.68,10.51,0,4.75,0,7.56,3.98,2.3,0,8.05,0,2205.13,34.27,41.02,3.02,4.73,1.68,1637.43,43.46,0,1.86,0,0,0,0,0,0,0,0.04,1.64,0.01,2.3,2.36,3.59,0,0
6,,곡류 및 그 제품,"귀리, 쌀귀리, 대양, 도정, 밥",농진청('20),A0490010009a,"Oat(Gwiri), Naked, Daeyang, Polished, Cooked",Avena nuda L.,215,51.1,6.71,5.13,1.01,36.09,0.43,0.43,0,0,0,0,0,4,1.5,2.5,32,2.4,82,248,225,1,1.76,0.225,3.529,0.98,23.69,0,0,0,1,0.192,0.026,0.247,3.642,0.086,0.161,0.225,0.104,0.027,3.27,14,14,0,0,0,0,0,0,0.82,0.33,0.06,0,0,1.51,0.11,0,0,0,0,0,6869,2957,293,451,327,91,353,222,204,431,152,433,158,132,353,640,1597,340,379,311,0,0,4.57,1.66,0.77,0,0,0,0,0,0,7.72,0,647.76,1.96,91.22,9.61,0,4.71,0,7.54,3.79,2.13,0,7.96,0,2041.82,34.24,37.17,2.92,5.01,1.66,1613.85,42.02,0,2.05,0,0,0,0,0,0,0,0.04,1.62,0.01,2.78,2.59,2.92,0,0
7,,곡류 및 그 제품,"귀리, 쌀귀리, 조양, 도정, 밥",농진청('20),A0490020009a,"Oat(Gwiri), Naked, Joyang, Polished, Cooked",Avena nuda L.,221,50.2,6.31,5.59,0.88,36.98,0.41,0.41,0,0,0,0,0,3.8,0.6,3.2,35,2.52,75,209,200,0,1.67,0.187,3.754,1.13,16.82,0,0,0,1,0.259,0.023,0.251,3.254,0.136,0.115,0.322,0.148,0.034,3.2,11,11,0,0,0,0,0,0,0.72,0.27,0.06,0,0,1.35,0.14,0,0,0,0,0,5911,2661,251,473,248,95,326,198,180,367,138,385,141,131,285,474,1295,317,335,271,0,0,5.12,1.71,0.94,0,0,0,0,0,0,9.92,0,802.17,2.26,104.15,11.4,0,4.79,0,7.59,4.17,2.46,0,8.14,0,2368.44,34.3,44.87,3.11,4.46,1.71,1661.01,44.9,0,1.66,0,0,0,0,0,0,0,0.05,1.66,0.01,1.82,2.13,4.26,0,0
8,4.0,곡류 및 그 제품,"귀리, 오트밀",농진청('11),A0020000009a,"Oat, Oatmeal",,382,12,13.2,8.2,1.7,64.9,-,-,-,-,-,-,-,18.8,5.2,13.6,60,5.8,-,381,383,4,-,-,-,-,-,-,0,0,3,-,0.07,1.1,-,-,-,-,-,-,-,-,-,-,-,-,-,-,-,-,-,-,-,-,-,-,-,-,-,-,-,-,-,-,-,-,-,-,-,-,-,-,-,-,-,-,-,-,-,-,-,-,-,-,-,-,-,-,-,-,-,-,-,-,-,-,-,-,-,-,-,-,-,-,-,-,-,-,-,-,-,-,-,-,-,-,-,-,-,-,-,-,-,-,-,-,-,-,-,-,0,0
9,,곡류 및 그 제품,"기장, 도정, 생것",농진청('06),A003000A010a,"Proso millet(Gijang), Polished, Raw",Panicum miliaceum L.,360,11.3,11.2,1.9,1,74.6,-,-,-,-,-,-,-,-,-,-,15,2.8,-,226,233,6,-,-,-,-,-,-,0,0,0,0.42,0.09,2.9,-,-,-,-,-,-,-,-,-,-,-,0,-,-,-,-,-,-,-,-,-,-,-,-,-,-,-,-,-,-,-,-,-,-,-,-,-,-,-,-,-,-,-,-,-,-,-,-,-,-,-,-,-,-,-,-,-,-,-,-,-,-,-,-,-,-,-,-,-,-,-,-,-,-,-,-,-,-,-,-,-,-,-,-,-,-,-,-,-,-,-,-,-,-,-,-,0,0
10,5.0,곡류 및 그 제품,"기장, 찰기장, 도정, 생것",농진청('23),A003001A010a,"Proso millet(Gijang), Glutinous, Polished, Raw",Panicum miliaceum L.,371,11.3,13.41,3.69,1.57,70,0.61,0.61,0,0,0,0,0,4.4,0.5,3.9,19,4.57,151,354,288,4,2.97,0.616,0.984,3.37,31.57,0.74,0,0,6,0.623,0.061,0.481,3.39,0.334,0.147,0.635,0.314,0.145,2.71,59,59,0,0,0,0,0,0,0.29,0.1,0.08,1.4,0.38,0,0,0,0,0,0,0,11029,4539,445,1414,173,251,650,300,175,531,235,366,254,117,1292,701,2449,253,764,659,0,0,3.42,2.24,0.52,0,0,0,0,0,0,0,0,418.69,1.57,48.8,18.37,1.83,15.72,0,12.45,2.9,0.65,0,7.76,0,588.27,38.79,16.56,0,1.7,2.25,2195.58,43.12,0,2.5,0,0,4.11,0,0,0,0,0.04,2.2,0,0,3.33,0,0,0
11,,곡류 및 그 제품,"기장, 찰기장, 이백찰, 도정, 생것",농진청('19),A003002A010a,"Proso millet(Gijang), Glutinous, Ibaekchal, Polished, Raw",Panicum miliaceum L.,373,11.2,13.72,4.03,1.59,69.49,0.61,0.61,0,0,0,0,0,4.4,0.5,3.9,27,5.81,163,385,366,4,3.8,0.932,1.103,2.47,45.63,0.51,0,0,5,0.718,0.077,0.482,4.212,0.335,0.147,0.503,0.281,0.142,3.17,63,63,0,0,0,0,0,0,0.36,0.12,0.1,1.87,0,0,0,0,0,0,0,0,10497,4503,464,1336,182,218,592,290,224,622,233,341,153,78,1139,647,2359,258,746,614,0,0,3.39,2.23,0.53,0,0,0,0,0,0,0,0,431.27,1.17,47.25,18.06,1.91,17.44,0,15.11,2.86,0.63,0,9.95,0,555.38,41.79,17.14,0,2,2.23,2174.9,47.08,0,2.37,0,0,4.64,0,0,0,0,0.05,2.18,0,0,4.34,0,0,0
12,,곡류 및 그 제품,"기장, 찰기장, 한라찰, 도정, 생것",농진청('19),A003003A010a,"Proso millet(Gijang), Glutinous, Hallachal, Polished, Raw",Panicum miliaceum L.,373,11.3,12.8,4.35,1.81,69.78,0.61,0.61,0,0,0,0,0,4.4,0.5,3.9,26,5.46,192,436,328,7,3.24,0.776,1.156,1.25,51.58,0.94,0,0,4,0.633,0.054,0.481,3.999,0.334,0.147,0.305,0.311,0.139,1.42,44,44,0,0,0,0,0,0,0.33,0.14,0.09,1.43,0,0,0,0,0,0,0,0,9782,4192,432,1254,154,231,557,265,211,576,211,301,134,88,1054,580,2218,234,713,569,0,0,3.97,2.6,0.59,0,0,0,0,0,0,0,0,473.34,1.98,54.75,23.8,2.12,19.34,0,15.2,3.37,0.78,0,9.67,0,699,47.47,17.64,0,1.32,2.6,2546.43,45.48,0,2.63,0,0,4.74,0,0,0,0,0.05,2.55,0,0,3.36,0,0,0
13,,곡류 및 그 제품,"기장, 찰기장, 황실찰, 도정, 생것",농진청('19),A003004A010a,"Proso millet(Gijang), Glutinous, Hwangsilchal, Polished, Raw",Panicum miliaceum L.,368,11.5,15.55,3.62,1.89,67.42,0.61,0.61,0,0,0,0,0,4.4,0.5,3.9,23,5.14,160,371,307,7,3.89,0.772,0.964,2.7,28.02,0,0,0,4,0.769,0.073,0.48,3.324,0.333,0.147,0.363,0.35,0.153,2.77,68,68,0,0,0,0,0,0,0.29,0.12,0.09,1.29,0,0,0,0,0,0,0,0,12148,5089,551,1594,181,229,705,326,171,728,261,344,174,85,1367,753,2798,262,887,735,0,0,3.27,2.16,0.48,0,0,0,0,0,0,0,0,395.15,1.4,37.93,15.55,1.65,14.51,0,11.71,2.79,0.62,0,4.27,0,561.72,34.75,21.59,0,1.78,2.16,2117.99,38.38,0,2.62,0,0,3.84,0,0,0,0,0.04,2.12,0,0,2.55,0,0,0
3382,,곡류 및 그 제품,"기장, 찰기장, 도정, 밥",농진청('23),A0540010009a,"Proso millet(Gijang), Glutinous, Polished, Cooked",Panicum miliaceum L.,136,67.5,4.76,1.24,0.48,25.99,0.22,0.22,0,0,0,0,0,2.1,0.8,1.3,5,1.39,49,107,83,1,0.75,0.133,0.386,0.83,5.83,0,0,0,0,0.125,0.02,0.098,0.748,0.098,0,0.233,0.107,0.053,0.46,25,25,0,0,0,0,0,0,0.08,0.04,0.03,0.27,0.09,0,0,0,0,0,0,0,4043,1543,103,512,82,117,250,101,39,91,79,169,153,61,555,356,784,110,242,239,0,0,1.3,0.84,0.2,0,0,0,0,0,0,0,0,159.17,0,21.37,6.91,0,5.37,0,3.88,1.1,0.26,0,2.65,0,236.17,15.2,5.53,0,0,0.85,826.44,16.05,0,0.91,0,0,1.33,0,0,0,0,0.02,0.83,0,0,1.01,0,0,0
14,6.0,곡류 및 그 제품,"메밀, 도정, 생것",농진청('14),A004000A010a,"Buckwheat(Memil), Polished, Raw",Fagopyrum esculentum Moench,363,13.1,13.64,3.38,2.04,67.84,0.3,0,0,0,0,0,0,6.3,0.7,5.6,21,2.78,244,453,444,1,3.09,0.541,1.469,3.16,37.62,1.07,1,0,7,0.458,0.255,5.189,7.866,4.527,0.662,0,-,0.201,0,41,41,0,0,0,0,0,0,0.63,0.15,0,4.72,0.3,0,0,0,0,1.516,1.516,0,12685,5832,440,879,783,213,612,513,161,583,321,1327,335,309,579,1258,2386,784,517,685,-,0,3.23,1.25,0.71,0,0,0,0,0,0,3.94,3.1,504.42,2.73,61.49,44.61,2.48,54.16,0,37.39,2.52,1.27,0,5.64,0,1124.41,36.68,92.55,4.75,4.1,1.25,1164.22,82.58,0,4.88,0,0,0,0,0,0,0,0.08,1.17,0,0,0,0,0,0
15,7.0,곡류 및 그 제품,"메밀, 도정, 가루",농진청('14),A004000A015a,"Buckwheat(Memil), Polished, Powder",Fagopyrum esculentum Moench,374,10.5,12.96,3.29,1.89,71.36,0.3,0,0,0,0,0,0,8.5,1.9,6.6,17,2.92,227,435,432,1,2.99,0.522,1.478,2.67,28.46,3.26,1,0,9,0.341,0.274,1.724,3.948,1.316,0.408,3.368,-,0.143,0,26,26,0,0,0,0,0,0,0.76,0.27,0.02,4.74,0.34,0,0,0,0,3.424,3.424,0,11830,5442,409,832,737,201,574,483,134,545,299,1228,301,286,555,1180,2187,744,499,636,-,0,3.15,1.22,0.7,0,0,0,0,0,0,4.19,3.23,497.6,2.96,63.24,43.23,0,52.24,0,36.25,2.45,1.22,0,5.44,0,1081.25,36.08,88.29,4.64,0,1.23,1143.1,80.91,0,4.95,0,0,0,0,0,0,0,0.08,1.15,0,0,0,0,0,0
16,8.0,곡류 및 그 제품,"메밀 국수, 생것",농진청('14),A0050000000a,"Buckwheat noodle, Memil guksu, Wet noodle",,291,28.8,7.59,0.96,1.51,61.14,0,0,0,0,0,0,0,1.9,0.5,1.4,13,0.59,21,64,116,455,0.3,0.074,0.442,6.13,5.71,3.67,0,0,0,0.015,0.05,0.998,2.013,0.897,0.101,0.65,-,0.016,0,20,20,-,0,0,0,0,0,0.2,0.15,0.06,0,0,0.03,0.29,0,0,0,0,0,7232,2296,229,516,151,97,361,202,61,269,151,259,196,153,215,291,2492,262,972,355,-,0,0.92,0.54,0.27,0,0,0,0,0,0,1.58,0,243.88,0,21.28,0,0,2.25,0,2.51,0.65,0.11,0,0,0,97.46,8.08,4.74,0,0,0.54,509.22,29.67,0,0,0,0,0,0,0,0,0,0.03,0.51,0,0,0,0,1.2,0
17,9.0,곡류 및 그 제품,"메밀 국수, 생것, 삶은것",농진청('14),A0050000000b,"Buckwheat noodle, Memil guksu, Wet noodle, Boiled",,124,70.1,3.54,0.44,0.19,25.73,0,0,0,0,0,0,0,1.7000000000000002,0.1,1.6,7,0.28,4,21,7,38,0.21,0.03,0.145,2.9,2.21,1.4,1,0,6,0.009,0.018,0.149,1.595,0.149,0,0.215,-,0.002,0,0,0,-,0,0,0,0,0,0.15,0.12,0.04,0,0,0.02,0.17,0,0,0,0,0,3313,1101,102,224,69,58,162,91,87,123,71,114,98,78,95,126,1117,118,420,160,-,0,0.42,0.24,0.13,0,0,0,0,0,0,0,0,114.07,0,14.88,0,0,0,0,0,0.29,0.05,0,0,0,44.27,3.55,2.03,0,0,0.24,226.43,13.34,0,0,0,0,0,0,0,0,0,0.01,0.23,0,0,0,0,0.1,0
18,10.0,곡류 및 그 제품,"메밀 국수, 말린것",농진청('14),A0050000001a,"Buckwheat noodle, Memil guksu, Dry noodle",,372,8.3,13.58,1.27,2.44,74.41,2.77,0,0.9,0,0,1.87,0,4.6,0.8,3.8,28,2.54,83,173,198,707,1.64,0.36,1.388,7.03,21.38,0.95,0,0,0,0.119,0.12,1.475,3.467,1.475,0,0.329,-,0.001,0,15,15,-,0,1.07,0,0,0,0.04,0.02,0.02,0.02,0,0,0.08,0,0,0,0,0,12792,4200,413,911,295,174,639,351,120,482,275,540,358,264,406,550,4270,487,1653,604,-,0,1.22,0.61,0.38,0,0,0,0,0,0,1.84,0,340.37,0,19.76,5.15,0,6.91,0,7.42,0.84,0.23,0,0,0,198.64,13.35,13.1,0,0,0.61,578.77,27.62,0,0,0,0,0,0,0,0,0,0.03,0.58,0,0,0,0,1.8,0
19,11.0,곡류 및 그 제품,"메밀 국수, 말린것, 삶은것",농진청('14),A0050000001b,"Buckwheat noodle, Memil guksu, Dry noodle, Boiled",,114,72.4,4.28,0.4,0.27,22.65,0,0,0,0,0,0,0,1.5,0.1,1.4,12,0.87,21,47,9,35,0.5,0.056,0.464,2.66,4.98,0,0,0,0,0.021,0.026,0.246,1.383,0.246,0,0,-,0,0,4,4,-,0,0.18,0,0,0,0.03,0.03,0,0.03,0,0,0,0,0,0,0,0,3993,1325,124,277,92,58,199,113,69,147,85,161,120,80,122,167,1331,151,501,196,-,0,0.38,0.19,0.12,0,0,0,0,0,0,0,0,104.61,0,6.62,1.6,0,2.13,0,2.26,0.26,0.07,0,0,0,62.79,4.17,3.86,0,0,0.19,183.63,8.81,0,0,0,0,0,0,0,0,0,0.01,0.18,0,0,0,0,0.1,0
20,12.0,곡류 및 그 제품,"메밀 냉면, 말린것",농진청('14),A0060000001a,"Buckwheat noodle, Nangmyeon, Dry noodle",,360,12.1,10.74,1.44,2.06,73.66,0,0,0,0,0,0,0,3.2,0.8,2.4,27,1.36,36,109,176,628,0.77,0.122,0.953,15.7,10.86,1.94,0,0,0,0.021,0.16,0.444,1.914,0.371,0.073,0.165,-,0.01,0,27,27,-,0.45,0,0,0,0,0.12,0.06,0.07,0.08,0,0.01,0.2,0,0,0,0,0,9822,3128,307,678,203,159,478,278,88,370,205,362,257,244,298,397,3434,369,1213,482,-,0,1.37,0.83,0.34,0,0,0,0,1.54,0,2.14,1.71,311.87,1.71,16.23,2,0,2.81,0,2.8,1.02,0.19,0,1.66,0,161.85,13.15,7.72,1.57,4.09,0.83,779.42,51.12,0,1.38,0,0,0,0,0,0,0,0.05,0.78,0.01,1.49,3.02,2.15,1.6,0
21,13.0,곡류 및 그 제품,"메밀 냉면, 말린것, 삶은것",농진청('14),A0060000001b,"Buckwheat noodle, Nangmyeon, Dry noodle, Boiled",,141,66.2,4.22,0.59,0.28,28.71,0,0,0,0,0,0,0,1.4,0.4,1,18,0.56,15,40,17,68,0.32,0.042,0.38,3.58,1.26,0,0,0,0,0.019,0.047,0.095,0.684,0.079,0.016,0,-,0,0,15,15,-,0.66,0,0,0,0,0.04,0.02,0.03,0.03,0,0,0.08,0,0,0,0,0,3878,1240,122,267,79,63,191,111,36,147,86,138,103,90,116,153,1364,146,472,194,-,0,0.56,0.34,0.14,0,0,0,0,1.53,0,1.29,0.69,127.4,0.9,7.15,0.84,0,1.37,0,1.19,0.42000000000000004,0.08,0,3.08,0,66.88,6.87,3.22,0.7,1.47,0.34,315.98,20.61,0,0.64,0,0,0,0,0,0,0,0.02,0.32,0,0.9,1.11,1.34,0.2,0
22,14.0,곡류 및 그 제품,메밀묵,농진청('22),A0070000000a,"Memilmuk, Buckwheat starch jelly",,54,86.2,1.11,0.41,0.52,11.77,0,0,0,0,0,0,0,1.2,0,1.2,8,0.9,22,37,48,132,0.23,0.043,0.191,2.51,2.94,0,0,0,1,0.035,0.033,0.114,0.317,0.104,0.01,0,0.004,0.002,0,6,6,0,0,0,0,0,0,0.03,0.02,0,0.14,0,0,0,0,0,0,0,0,917,431,36,68,55,16,45,37,12,48,23,89,25,20,43,91,166,58,36,47,0,0,0.26,0.1,0.07,0,0,0,0,0,0,0,0,48.74,0,8.39,3.66,0,4.75,0,3.87,0.19,0.1,0,0,0,87.7,3.34,5.94,0,0,0.1,89.53,5.47,0,0,0,0,0,0,0,0,0,0.01,0.09,0,0,0,0,0.3,0
23,15.0,곡류 및 그 제품,"메밀묵, 가루",농진청('14),A0070000005a,"Starch, Buckwheat, Powder",,371,11,8.33,2.04,1.24,77.4,0,0,0,0,0,0,0,4.1,1.3,2.8,21,1.84,151,289,287,2,2.19,0.356,1.085,1.76,25.05,0,1,0,7,0.197,0.148,0.734,2.338,0.67,0.064,0,-,0.111,0,27,27,0,0,0.34,0,0,0,0.41,0.1,0,3.11,0.2,0,0,0,0,0,0,0,7254,3344,249,507,452,131,350,293,96,330,185,751,187,186,336,715,1340,453,303,389,-,0,2,0.78,0.45,0,0,0,0,0,0,2.77,0,326.27,0,40.44,26.84,0,32.79,0,22.82,1.55,0.77,0,3.71,0,683.48,23.7,54.59,0,0,0.78,726.57,55.11,0,0,0,0,0,0,0,0,0,0.06,0.73,0,0,0,0,0,0
25,16.0,곡류 및 그 제품,"멥쌀, 백미, 생것",대푯값,A008000A030a,"Rice(Ssal), White, Raw",Oryza sativa L.,366,13.2,6.38,1.06,0.39,79,0.24,0.21,0.01,0.02,0,0,0,0.5,0.1,0.4,7,0.25,28,98,84,2,1.78,0.149,0.913,1.54,46.98,0,0,0,0,0.086,0.017,1.202,2.365,1.171,0.031,0.41,0.088,0.048,0.63,15,15,0,0,0,0,0,0,0.3,0.26,0.01,0.05,0,0.09,0,0.21,0.03,0,0,0,5173,2282,203,413,182,113,265,182,70,297,132,426,201,117,299,512,954,253,254,301,0,0,0.83,0.31,0.3,0,0,0,0.24,0.2,0,12.27,0.11,261.21,0.16,18.45,3.26,0,2.39,0,5.56,0.53,0.22,0,0.66,0,207.91,7.65,2.67,0,1.13,0.31,294.19,10.8,0,0,0,0,0,0,0,0,0,0.01,0.29,0,0.3,0.69,0.19,0,0
3383,,곡류 및 그 제품,"멥쌀, 백미, 고시히카리, 생것",농진청('23),A008062A030a,"Rice(Ssal), White, Koshihikari, Raw",Oryza sativa L.,364,13.9,5.86,1.17,0.26,78.8,0.21,0.21,0,0,0,0,0,0.5,0.2,0.3,6,0.3,30,94,75,2,1.25,0.163,0.85,1.66,32.44,0,0,0,0,0.098,0.029,1.214,2.209,1.214,0,0.445,0.087,0.047,2.53,15,15,0,0,0,0,0,0,0.12,0.09,0,0,0,0.07,0,0.18,0,0,0,0,4589,2055,182,361,150,112,245,149,60,262,106,429,184,103,247,482,848,217,198,254,0,0,0.94,0.36,0.34,0,0,0,0,0,0,12.98,0,299.62,0,20.2,3.13,0,1.83,0,5.22,0.6,0.24,0,1.26,0,222.25,9.07,2.68,0,0,0.36,348.88,14.33,0,0,0,0,0,0,0,0,0,0.01,0.35,0,0,0,0,0,0
26,,곡류 및 그 제품,"멥쌀, 백미, 고아미2호, 생것",농진청('20),A008002A030a,"Rice(Ssal), White, Goami2ho, Raw",Oryza sativa L.,363,14.4,7.1,2.04,0.83,75.61,0.2,0.18,0.01,0.01,0,0,0,6.5,0.5,6,13,0.71,78,205,170,1,2.63,0.281,2.343,2.39,70.58,0,0,0,0,0.085,0.013,1.185,2.295,1.154,0.031,0.345,0.095,0.046,1.09,12,12,0,0,0,0,0,0,0.86,0.71,0.04,0.03,0,0.43,0,0.41,0.12,0,0,0,5927,2753,253,503,221,109,334,225,67,362,171,508,241,141,342,583,922,292,302,352,0,0,1.97,0.69,0.65,0,0,0,0,0,0,13.03,0,535.44,0,65.72,12.13,0,5.76,0,13.25,1.32,0.64,0,0,0,613.65,13.97,6.65,0,1.94,0.69,657.53,29.54,0,0,0,0,0,0,0,0,0,0.03,0.66,0,1.19,1.41,0.79,0,0
27,,곡류 및 그 제품,"멥쌀, 백미, 골든퀸3호, 생것",농진청('15),A008036A030a,"Rice(Ssal), White, Goldenqueen3ho, Raw",Oryza sativa L.,355,15.6,6.07,0.86,0.39,77.04,0.2,0.2,0,0,0,0,0,0.5,0.2,0.3,4,0.25,26,91,73,1,1.65,0.162,0.781,2.09,40.61,0,0,0,0,0.069,0.028,0.953,2.198,0.953,0,0.445,0.08,0.045,1.11,12,12,0,0,0,0,0,0,0.16,0.15,0,0,0,0.02,0,0.09,0,0,0,0,5389,2451,217,450,198,132,288,190,75,315,144,442,208,127,306,514,990,253,262,279,0,0,0.64,0.26,0.23,0,0,0,0,0,0,8.05,0,202.35,0,13.97,1.74,0,0.96,0,3.28,0.41,0.15,0,0,0,142.78,6.93,1.31,0,0,0.26,253.43,8.87,0,0,0,0,0,0,0,0,0,0.01,0.25,0,0,0,0,0,0
28,,곡류 및 그 제품,"멥쌀, 백미, 금강1호, 생것",농진청('19),A008038A030a,"Rice(Ssal), White, Geumgang1ho, Raw",Oryza sativa L.,369,12.4,6.69,1.1,0.35,79.46,0.21,0.1,0.02,0.07,0,0.01,0,0.5,0,0.5,5,0.56,29,106,89,1,1.33,0.142,0.918,3.67,47.56,0,0,0,0,0.133,0.012,1.213,2.366,1.182,0.031,0.414,0.112,0.064,0,12,12,0,0,0,0,0,0,0.28,0.23,0,0.38,0,0.03,0,0.38,0.06,0,0,0,5047,2263,201,409,180,112,263,180,69,295,131,422,200,116,284,484,918,242,249,292,0,0,1.04,0.39,0.43,0,0,0,0.62,0.49,0,13.21,0,373.9,0.53,26.7,3.78,0,2.67,0,8.9,0.61,0.22,0,1.29,0,211.98,6.83,2.49,0,1.54,0.39,371.98,15.74,0,0,0,0,0,0,0,0,0,0.02,0.37,0,0.01,1.27,0.01,0,0
29,,곡류 및 그 제품,"멥쌀, 백미, 남찬, 생것",농진청('19),A008039A030a,"Rice(Ssal), White, Namchan, Raw",Oryza sativa L.,365,13.3,6.85,0.96,0.35,78.51,0.2,0.11,0.02,0.08,0,0.01,0,0.5,0,0.5,7,0.17,21,88,76,4,1.73,0.064,0.542,0.6,15.48,0,0,0,0,0.081,0.01,1.222,2.418,1.195,0.027,0.485,0.064,0.037,0,16,16,0,0,0,0,0,0,0.25,0.23,0,0,0,0.05,0,0.18,0.06,0,0,0,5273,2208,185,382,164,104,256,182,72,298,135,431,203,118,305,568,1063,250,245,313,0,0,0.7,0.26,0.29,0,0,0,0.34,0.27,0,10.41,0,249.6,0.46,14.15,2.23,0,1.91,0,5.88,0.42,0.16,0,0.66,0,151.69,5.87,2.29,0,2.39,0.26,245,10.13,0,0,0,0,0,0,0,0,0,0.01,0.25,0,0.01,0.62,0.01,0,0
30,,곡류 및 그 제품,"멥쌀, 백미, 도담쌀, 생것",농진청('20),A008040A030a,"Rice(Ssal), White, Dodamssal, Raw",Oryza sativa L.,360,14.5,6.97,1.14,0.47,76.91,0.31,0.31,0,0,0,0,0,3.7,0.1,3.7,7,0.34,38,118,79,1,1.87,0.156,1.023,1.95,67.96,0,0,0,0,0.151,0.009,1.184,2.356,1.153,0.031,0.404,0.079,0.041,0.55,12,12,0,0,0,0,0,0,0.44,0.36,0.02,0.06,0,0.2,0,0.42,0.12,0,0,0,5520,2479,225,441,198,135,297,177,70,324,153,459,216,126,306,522,990,261,284,336,0,0,1.07,0.4,0.37,0,0,0,0,0,0,9.43,0,314.33,0,32.85,4.99,0,2.45,0,5.78,0.7,0.3,0,1.18,0,282.64,7.85,3.7,0,1.45,0.4,385.34,13.27,0,0,0,0,0,0,0,0,0,0.01,0.39,0,0.48,1.63,0.59,0,0
31,,곡류 및 그 제품,"멥쌀, 백미, 미품, 생것",농진청('20),A008041A030a,"Rice(Ssal), White, Mipum, Raw",Oryza sativa L.,362,14.1,6.94,1.19,0.41,77.34,0.18,0.18,0,0,0,0,0,0.5,0,0.5,6,0.29,29,98,80,4,1.94,0.079,0.53,0.68,19.15,0,0,0,0,0.084,0.012,1.211,2.439,1.185,0.026,0.365,0.057,0.03,0.52,10,10,0,0,0,0,0,0,0.18,0.14,0.01,0.01,0,0.1,0,0.27,0.04,0,0,0,6113,2599,230,509,193,122,304,202,74,350,136,481,252,137,377,641,1090,317,316,384,0,0,0.76,0.29,0.3,0,0,0,0,0,0,12.11,0,257.52,0,18.89,2.53,0,3.22,0,4.38,0.46,0.17,0,1.12,0,158.87,6.41,2.03,0,1.09,0.29,277.43,13.02,0,0,0,0,0,0,0,0,0,0.01,0.28,0,0.69,0.75,0.46,0,0
3384,,곡류 및 그 제품,"멥쌀, 백미, 바로미2, 생것",농진청('23),A008063A030a,"Rice(Ssal), White, Baromi2, Raw",Oryza sativa L.,374,12.2,7.05,2.47,0.93,77.38,0.24,0.2,0.04,0,0,0,0,0.6,0.1,0.5,8,0.53,65,153,171,1,2.34,0.095,1.664,2.09,70.81,0,0,0,0,0.093,0.039,1.175,2.637,1.175,0,0.415,0.066,0.028,1.34,16,16,0,0,0,0,0,0,1.28,1.17,0.07,0,0,0.26,0,0.21,0,0,0,0,6313,2826,211,516,227,155,347,268,88,312,177,526,214,136,351,599,1135,344,305,402,0,0,2.12,0.69,0.62,0,0,0,0,0,0,26.6,1.05,503.76,1.51,56.66,13.63,0,5.18,0,14.61,1.5,0.81,0,3.2,0,779.89,20.75,8.72,0,0,0.69,662.57,23.99,0,0,0,0,0,0,0,0,0,0.02,0.66,0,0,1.07,0,0,0
3535,,곡류 및 그 제품,"멥쌀, 백미, 바로미3, 생것",농진청('25),A008065A030a,"Rice(Ssal), White, Baromi3, Raw",Oryza sativa L.,381,10.4,7.19,2.52,1.02,78.84,0.25,0.22,0.01,0.02,0,0,0,0.6,0.1,0.5,13,0.72,66,156,174,3,1.78,0.097,1.149,1.31,29.05,0,0,0,0,0.095,0.04,1.293,2.784,1.293,0,0.695,0.066,0.025,1.58,15,15,0,0,0,0,0,0,1.07,0.91,0.13,0,0,0.32,0,0.38,0.07,0,0,0,6238,2850,235,526,232,158,347,224,89,323,179,537,188,146,346,610,1101,305,316,376,0,0,2.18,0.7,0.64,0,0,0,0,0,0,26.32,1.03,513.74,1.25,57.81,16.24,0,5.94,0,17.58,1.54,0.83,0,3.48,0,795.35,22.2,11.45,1.09,0,0.7,675.7,27.03,0,0,0,0,0,0,0,0,0,0.03,0.68,0,0,1.1,0,0,0
32,,곡류 및 그 제품,"멥쌀, 백미, 보람찬, 생것",농진청('19),A008042A030a,"Rice(Ssal), White, Boramchan, Raw",Oryza sativa L.,368,12.7,6.26,0.84,0.26,79.96,0.46,0.3,0.05,0.11,0,0.01,0,0.5,0,0.5,8,0.15,21,88,76,4,1.52,0.051,0.473,2.05,15.28,0,0,0,0,0.143,0.009,1.208,2.361,1.177,0.031,0.269,0.103,0.062,0,16,16,0,0,0,0,0,0,0.44,0.37,0,0.19,0,0.18,0,0.2,0.07,0,0,0,4990,2271,204,407,179,110,269,187,69,293,138,415,195,114,277,472,896,236,244,285,0,0,0.65,0.22,0.29,0,0,0,0.62,0.55,0,11.14,0,240.68,0.57,22.12,2.25,0,1.81,0,6.03,0.36,0.15,0,0.56,0,135.04,5.43,1.69,0,2.23,0.22,207.12,10.53,0,0,0,0,0,0,0,0,0,0.01,0.21,0,0.01,0.33,0.01,0,0
33,17.0,곡류 및 그 제품,"멥쌀, 백미, 삼광, 생것",농진청('20),A008043A030a,"Rice(Ssal), White, Samkwang, Raw",Oryza sativa L.,367,12.8,6.31,0.9,0.25,79.71,0.16,0.16,0,0,0,0,0,0.5,0,0.5,7,0.2,22,85,89,1,1.56,0.184,1.325,1.74,58.68,0,0,0,0,0.034,0,1.229,2.343,1.04,0.189,0.346,0.086,0.043,0,15,15,0,0,0,0,0,0,0.38,0.36,0,0.03,0,0.06,0,0.15,0,0,0,0,4427,1940,171,350,151,103,226,158,67,247,116,353,164,96,264,417,807,229,229,281,0,0,0.72,0.27,0.27,0,0,0,0.51,0.47,0,10.48,0,230.92,0,19.35,2.76,0,2.69,0,4.32,0.45,0.18,0,0,0,165.04,6.21,2.14,0,2.4,0.27,264.47,9.41,0,0,0,0,0,0,0,0,0,0.01,0.26,0,0.89,1.01,0.27,0,0
3536,,곡류 및 그 제품,"멥쌀, 백미, 새미면, 생것",농진청('25),A008066A030a,"Rice(Ssal), White, Saemimyeon, Raw",Oryza sativa L.,365,13.4,6.95,1.07,0.47,78.16,0.2,0.2,0,0,0,0,0,0.5,0.1,0.4,9,0.16,25,102,79,2,1.23,0.205,1.128,2.46,60.71,0,0,0,0,0.086,0.017,1.168,2.444,1.168,0,0.409,0.088,0.048,1.43,12,12,0,0,0,0,0,0,0.29,0.26,0,0,0,0.09,0,0.47,0.04,0,0,0,5583,2511,200,450,206,108,297,181,77,364,154,473,223,126,306,522,1015,261,304,315,0,0,0.77,0.33,0.29,0,0,0,0,0,0,14.18,0,252.7,0,17.8,1.99,0,1.52,0,3.99,0.48,0.16,0,1.77,0,146.35,5.33,1.49,0,0,0.33,312.63,14.49,0,0,0,0,0,0,0,0,0,0.01,0.31,0,0,0,0,0,0
34,18.0,곡류 및 그 제품,"멥쌀, 백미, 새일미, 생것",농진청('20),A008044A030a,"Rice(Ssal), White, Saeilmi, Raw",Oryza sativa L.,366,13,6.92,1.04,0.45,78.57,0.15,0.15,0,0,0,0,0,0.5,0,0.5,5,0.12,25,93,90,1,1.62,0.157,0.974,1.96,50.4,0,0,0,0,0.082,0.017,1.227,2.475,1.06,0.167,0.248,0.085,0.057,0,18,18,0,0,0,0,0,0,0.29,0.27,0,0.01,0,0.06,0,0.11,0.03,0,0,0,4733,2132,189,377,168,113,249,177,75,272,127,385,181,106,302,437,857,219,235,264,0,0,0.73,0.27,0.29,0,0,0,0.96,0.6,0,8.55,0,250.9,0,16.43,2.3,0,3.49,0,4.79,0.44,0.17,0,0,0,163.25,5.61,2.17,0,0.9,0.27,263.3,7.83,0,0,0,0,0,0,0,0,0,0.01,0.26,0,0.37,0.6,0.23,0,0
3537,,곡류 및 그 제품,"멥쌀, 백미, 새청무, 생것",농진청('25),A008067A030a,"Rice(Ssal), White, Saecheongmoo, Raw",Oryza sativa L.,372,11.7,5.9,1.11,0.52,80.77,0.42,0.42,0,0,0,0,0,0.5,0.1,0.4,8,0.39,35,118,82,1,2.02,0.115,1.157,1.39,49.16,0,0,0,0,0.083,0.038,1.245,2.479,1.245,0,0.405,0.084,0.047,2.51,12,12,0,0,0,0,0,0,0.3,0.24,0,0.02,0,0.19,0,0.37,0.04,0,0,0,5264,2373,218,436,192,102,287,181,74,314,125,444,209,122,296,505,940,253,261,305,0,0,0.99,0.34,0.35,0,0,0,0,0,0,16.44,0,302.9,0,20.16,3.86,0,1.69,0,5.85,0.64,0.29,0,1.75,0,276.09,12.17,4.3,0,0,0.34,331.27,12.94,0,0,0,0,0,0,0,0,0,0.01,0.33,0,0,0,0,0,0
36,,곡류 및 그 제품,"멥쌀, 백미, 설갱, 생것",농진청('20),A008045A030a,"Rice(Ssal), White, Seolgaeng, Raw",Oryza sativa L.,363,13.7,6.71,1.04,0.44,78.14,0.37,0.37,0,0,0,0,0,0.5,0,0.5,8,0.32,38,112,91,0,2.03,0.257,1.121,2.41,46.93,0,0,0,0,0.106,0,1.195,2.221,1.164,0.031,0.397,0.055,0.033,0,19,19,0,0,0,0,0,0,0.27,0.22,0.01,0.02,0,0.14,0,0.18,0.04,0,0,0,5446,2239,213,427,188,128,248,168,62,276,129,401,205,119,279,526,1065,305,301,408,0,0,0.89,0.33,0.29,0,0,0,0,0,0,11.2,0,243.59,0,17.96,4.75,0,2.88,0,7.22,0.6,0.27,0,0,0,259.02,7.65,3.47,0,0.78,0.33,321.42,10.68,0,0,0,0,0,0,0,0,0,0.01,0.32,0,0.4,0.77,0.2,0,0
3538,,곡류 및 그 제품,"멥쌀, 백미, 신길, 생것",농진청('25),A008068A030a,"Rice(Ssal), White, Shingil, Raw",Oryza sativa L.,371,12.4,6.57,1.5,0.4,79.13,0.21,0.21,0,0,0,0,0,0.5,0.1,0.5,13,0.26,39,156,115,1,1.59,0.19,1.122,2.96,94.12,0,0,0,0,0.082,0.021,1.181,2.573,1.181,0,0.414,0.088,0.048,1.07,12,12,0,0,0,0,0,0,0.07,0.06,0.01,0,0,0.03,0,0.57,0.15,0,0,0,5556,2516,246,434,201,147,324,171,83,343,126,440,236,136,334,570,1016,261,266,222,0,0,1.17,0.41,0.47,0,0,0,0,1.1,0,22.86,0,389.01,1.02,37.55,5.49,0,3.29,0,6.63,0.7,0.29,0,1.63,0,281.34,7,2.39,0,0,0.41,393.75,13.13,0,0,0,0,0,0,0,0,0,0.01,0.39,0,0,2.08,0,0,0
38,19.0,곡류 및 그 제품,"멥쌀, 백미, 신동진, 생것",농진청('20),A008046A030a,"Rice(Ssal), White, Sindongjin, Raw",Oryza sativa L.,361,14.5,6.06,1.09,0.34,78.01,0.09,0.09,0,0,0,0,0,0.5,0,0.5,4,0.07,15,76,72,1,1.74,0.119,0.498,0.67,23.85,0,0,0,0,0.083,0.008,1.206,2.309,1.206,0,0.525,0.102,0.058,0,14,14,0,0,0,0,0,0,0.17,0.17,0,0,0,0.03,0,0.15,0.02,0,0,0,5029,2146,195,378,185,106,237,179,66,280,119,400,187,109,307,482,955,256,270,317,0,0,0.69,0.26,0.3,0,0,0,0.43,0.36,0,12.06,0,260.82,0,14.8,1.98,0,1.86,0,4.23,0.4,0.14,0,0,0,126.41,5.5,1.89,0,1.13,0.26,251.16,8.57,0,0,0,0,0,0,0,0,0,0.01,0.25,0,0.42,0.62,0.28,0,0
3539,,곡류 및 그 제품,"멥쌀, 백미, 아미쌀, 장립종, 생것",농진청('25),A008069A030a,"Rice(Ssal), White, Amissal, Long-grain, Raw",Oryza sativa L.,368,12.5,6.43,0.99,0.45,79.65,0.08,0.08,0,0,0,0,0,0.5,0.1,0.4,10,0.18,28,103,100,1,1.42,0.138,1.082,1.3,69.17,0,0,0,0,0.061,0.061,1.115,2.426,1.115,0,0.829,0.088,0.048,1.16,15,15,0,0,0,0,0,0,0.29,0.27,0,0,0,0.07,0,0.14,0.03,0,0,0,5133,2328,198,486,193,88,206,181,79,294,132,471,279,145,348,451,740,376,195,272,0,0,0.78,0.22,0.29,0,0,0,0,0,0,14.8,0,235.55,0,23.46,4.48,0,2.21,0,5.64,0.49,0.27,0,1.2,0,262.31,7.05,2.56,0,0,0.22,207.02,9.34,0,0,0,0,0,0,0,0,0,0.01,0.21,0,0,0,0,0,0
3385,,곡류 및 그 제품,"멥쌀, 백미, 안남미, 장립종, 생것",농진청('25),A008064A030a,"Rice(Ssal), White, Long-grain, Raw",Oryza sativa L.,371,11.8,6.9,0.95,0.42,79.89,0.08,0.08,0,0,0,0,0,0.5,0.1,0.4,9,0.22,27,105,88,1,1.28,0.145,0.828,1.53,45.63,0,0,0,0,0.068,0.045,1.124,2.535,1.124,0,0.735,0.089,0.049,1.01,16,16,0,0,0,0,0,0,0.25,0.22,0,0,0,0.08,0,0.3,0.02,0,0,0,5641,2590,227,468,207,146,286,206,85,334,146,484,301,135,329,491,940,297,257,300,0,0,0.81,0.26,0.33,0,0,0,0,0.27,0,24.28,0.26,274.73,0.26,23.31,3.45,0,1.8,0,5.34,0.47,0.21,0,1.36,0,201.19,6.64,2.17,0,0,0.26,252.94,9.23,0,0,0,0,0,0,0,0,0,0.01,0.25,0,0,0.82,0,0,0
39,,곡류 및 그 제품,"멥쌀, 백미, 알찬미, 생것",농진청('19),A008047A030a,"Rice(Ssal), White, Alchanmi, Raw",Oryza sativa L.,373,11.7,6.02,1.12,0.31,80.81,0.21,0.12,0.02,0.06,0,0.01,0,0.5,0,0.5,8,0.27,33,109,97,2,2.06,0.206,1.337,2.58,61.58,0,0,0,0,0.118,0.017,1.244,2.247,1.217,0.027,0.348,0.092,0.041,0,17,17,0,0,0,0,0,0,0.51,0.46,0.02,0.25,0,0.06,0,0.17,0.05,0,0,0,4560,1986,177,354,156,106,234,163,60,255,120,361,170,99,262,472,895,206,210,260,0,0,0.92,0.34,0.34,0,0,0,0.36,0.29,0,11.12,0.56,290.89,0.73,22.55,4.1,0,2.78,0,7.86,0.58,0.24,0,1.12,0,226.93,8.8,3.31,0,1.7,0.34,324.88,13.15,0,0,0,0,0,0,0,0,0,0.01,0.33,0,0.01,0.95,0.01,0,0
40,,곡류 및 그 제품,"멥쌀, 백미, 영호진미, 생것",농진청('19),A008048A030a,"Rice(Ssal), White, Yeonghojinmi, Raw",Oryza sativa L.,369,12.6,5.72,1.08,0.24,80.33,0.21,0.13,0.02,0.05,0,0.01,0,0.5,0,0.5,8,0.25,27,99,92,3,1.42,0.15,0.889,3.37,35.22,0,0,0,0,0.093,0.017,1.232,2.283,1.205,0.027,0.367,0.142,0.07,0,20,20,0,0,0,0,0,0,0.51,0.47,0.02,0.21,0,0.06,0,0.16,0.04,0,0,0,4134,1812,192,288,142,90,175,118,63,257,116,371,161,101,247,422,800,190,186,216,0,0,0.85,0.33,0.34,0,0,0,0.2,0.29,0,9.93,0.55,300.1,0.52,15.69,2.39,0,2.34,0,6.09,0.51,0.18,0,0.56,0,169.39,6.77,2.2,0,0.97,0.33,316.55,12.35,0,0,0,0,0,0,0,0,0,0.01,0.32,0,0.01,1.59,0.01,0,0
41,,곡류 및 그 제품,"멥쌀, 백미, 예찬, 생것",농진청('19),A008049A030a,"Rice(Ssal), White, Yechan, Raw",Oryza sativa L.,364,13.4,6.6,0.95,0.52,78.58,0.2,0.12,0.01,0.06,0,0.01,0,0.5,0,0.5,8,0.16,22,81,71,2,1.95,0.101,0.556,0.72,20.9,0,0,0,0,0.074,0.006,1.222,2.405,1.195,0.027,0.367,0.065,0.036,0,17,17,0,0,0,0,0,0,0.18,0.16,0,0,0,0.06,0,0.23,0.04,0,0,0,5135,2323,209,418,184,105,276,192,71,301,142,426,200,117,284,484,919,253,254,301,0,0,0.67,0.25,0.26,0,0,0,0.23,0.21,0,13.83,0.45,226.29,0.44,13.06,2.02,0,1.7,0,5.51,0.41,0.16,0,0.64,0,148.78,6.02,2.01,0,2.02,0.25,241.85,7.97,0,0,0,0,0,0,0,0,0,0.01,0.24,0,0,1,0,0,0
42,20.0,곡류 및 그 제품,"멥쌀, 백미, 오대, 생것",농진청('20),A008050A030a,"Rice(Ssal), White, Ohdae, Raw",Oryza sativa L.,371,11.7,6.63,0.93,0.49,80.21,0.47,0.47,0,0,0,0,0,0.5,0.1,0.4,7,0.38,24,99,92,1,2.57,0.205,1.466,2.3,93.45,0,0,0,0,0.096,0.009,1.245,2.485,1.245,0,0.471,0.1,0.053,0,15,15,0,0,0,0,0,0,0.55,0.51,0.03,0.06,0,0.06,0,0.17,0.03,0,0,0,5880,2556,233,456,205,129,289,216,74,336,149,468,224,131,357,599,1026,305,324,358,0,0,0.79,0.27,0.27,0,0,0,1.06,0.98,0,14.43,0,217.26,0,20.04,4.87,0,2.72,0,6.04,0.52,0.25,0,0,0,234.67,6.85,3.14,0,2.84,0.27,261.9,10.02,0,0,0,0,0,0,0,0,0,0.01,0.26,0,1.12,1.22,0.56,0,0
43,,곡류 및 그 제품,"멥쌀, 백미, 운광, 생것",농진청('20),A008051A030a,"Rice(Ssal), White, Ungwang, Raw",Oryza sativa L.,366,13.3,6.2,1.3,0.43,78.79,0.22,0.22,0,0,0,0,0,0.5,0,0.5,7,0.21,29,101,86,1,1.55,0.141,0.901,0.72,45.09,0,0,0,0,0.059,0.013,1.223,2.295,1.196,0.027,0.448,0.081,0.047,0.57,9,9,0,0,0,0,0,0,0.38,0.31,0.02,0.03,0,0.18,0,0.43,0.05,0,0,0,4553,1960,164,357,158,108,219,156,64,258,110,367,172,100,274,436,824,261,232,294,0,0,0.97,0.31,0.31,0,0,0,0,0,0,12.23,0,265.28,0,19.01,4.44,0,3.68,0,5.49,0.65,0.35,0,1.13,0,332.33,9.41,3.97,0,1.77,0.31,294.86,10.12,0,0,0,0,0,0,0,0,0,0.01,0.3,0,0.89,0.89,0.66,0,0
