ID,question,en_question,annotations,idks.idk,idks.no-answer,idks.not-applicable,idks.Not interested ,idks.Question unclear,idks.Not interested,idks.I don't know,idks.We didn't have grades when I was at school - it was age - therefore 16,"idks.We don't use animals for transportation, bar police horses.",idks.unsure if food or dish,idks.i dont know when it is ,"idks.It's not generally celebrated but pagan groups and New Agers might have Spelt bread, mead and a gigantic hog roast"
Al-en-01,What is a common snack for nursery kids in the UK?,What is a common snack for preschool kids in the UK?,"[{'answers': ['fruit'], 'en_answers': ['fruit'], 'count': 2}, {'answers': ['apple'], 'en_answers': ['apple'], 'count': 2}, {'answers': ['breadsticks'], 'en_answers': ['breadsticks'], 'count': 1}, {'answers': ['banana'], 'en_answers': ['banana'], 'count': 1}, {'answers': ['cheese'], 'en_answers': ['cheese'], 'count': 1}, {'answers': ['toast'], 'en_answers': ['toast'], 'count': 1}]",1,0,0,,,,,,,,,
Al-en-02,What is a popular food to go with beer in the UK?,What is a popular food to go with beer in the UK?,"[{'answers': ['crisps', 'potato crisps'], 'en_answers': ['crisps', 'potato crisps'], 'count': 3}, {'answers': ['nuts'], 'en_answers': ['nuts'], 'count': 2}, {'answers': ['chips'], 'en_answers': ['chips'], 'count': 1}, {'answers': ['pork scratchings'], 'en_answers': ['pork scratchings'], 'count': 1}, {'answers': ['curry'], 'en_answers': ['curry'], 'count': 1}, {'answers': ['burger'], 'en_answers': ['burger'], 'count': 1}]",0,0,0,,,,,,,,,
Al-en-04,What is the most popular fruit in the UK?,What is the most popular fruit in the UK?,"[{'answers': ['apple', 'apples'], 'en_answers': ['apple', 'apples'], 'count': 5}, {'answers': ['banana'], 'en_answers': ['banana'], 'count': 2}]",0,0,0,,,,,,,,,
Al-en-06,What is a common school cafeteria food in the UK?,What is a common school cafeteria food in the UK?,"[{'answers': ['chips', 'fries'], 'en_answers': ['chips', 'fries'], 'count': 2}, {'answers': ['mash'], 'en_answers': ['mash'], 'count': 1}, {'answers': ['burger'], 'en_answers': ['burger'], 'count': 1}, {'answers': ['pizza'], 'en_answers': ['pizza'], 'count': 1}]",1,1,0,,,,,,,,,
Al-en-08,What are the most commonly eaten snacks at shopping malls in the UK?,What are the most commonly eaten snacks at shopping malls in the UK?,"[{'answers': ['burgers'], 'en_answers': ['burgers'], 'count': 2}, {'answers': ['chocolate'], 'en_answers': ['chocolate'], 'count': 1}, {'answers': ['nandos', ""Nando's""], 'en_answers': ['nandos', ""Nando's""], 'count': 1}, {'answers': ['mcdonalds', ""McDonald's"", 'McDonalds', ""mcdonald's""], 'en_answers': ['mcdonalds', ""McDonald's"", 'McDonalds', ""mcdonald's""], 'count': 1}, {'answers': ['burger king'], 'en_answers': ['burger king'], 'count': 1}, {'answers': ['greggs'], 'en_answers': ['greggs'], 'count': 1}, {'answers': ['hot dogs', 'hot dog'], 'en_answers': ['hot dogs', 'hot dog'], 'count': 1}, {'answers': ['Sandwich', 'sandwiches'], 'en_answers': ['Sandwich', 'sandwiches'], 'count': 1}]",1,0,0,,,,,,,,,
Al-en-09,What is a popular snack at an amusement park in the UK?,What is a popular snack at an amusement park in the UK?,"[{'answers': ['candy floss', 'cotton candy'], 'en_answers': ['candy floss', 'cotton candy'], 'count': 2}, {'answers': ['chips', 'fries'], 'en_answers': ['chips', 'fries'], 'count': 2}, {'answers': ['doughnuts', 'donut, doughnout, donuts'], 'en_answers': ['doughnuts', 'donut, doughnout, donuts'], 'count': 1}, {'answers': ['ice cream'], 'en_answers': ['ice cream'], 'count': 1}, {'answers': ['burger'], 'en_answers': ['burger'], 'count': 1}, {'answers': ['crisps'], 'en_answers': ['crisps'], 'count': 1}]",0,0,0,,,,,,,,,
Al-en-16,"At what age do kids start nursery in the UK? (Provide Arabic numerals (e.g., 12) only.)","At what age do kids start preschool in the UK? (Provide Arabic numerals (e.g., 12) only.)","[{'answers': ['3'], 'en_answers': ['3'], 'count': 4}, {'answers': ['2'], 'en_answers': ['2'], 'count': 3}, {'answers': ['1'], 'en_answers': ['1'], 'count': 1}]",0,0,0,,,,,,,,,
Al-en-17,What is a popular afterschool sport for primary schools in the UK?,What is a popular afterschool sport for elementary schools in the UK?,"[{'answers': ['soccer', 'football'], 'en_answers': ['soccer', 'football'], 'count': 4}]",0,1,0,,,,,,,,,
Al-en-18,For which subject do primary school students get private education in the UK?,For which subject do elementary students get private education in the UK?,"[{'answers': ['music'], 'en_answers': ['music'], 'count': 1}, {'answers': ['english', 'English literature, English language'], 'en_answers': ['english', 'English literature, English language'], 'count': 1}, {'answers': ['maths', 'mathematics', 'math'], 'en_answers': ['maths', 'mathematics', 'math'], 'count': 1}]",1,3,0,,,,,,,,,
Al-en-19,What is a popular second language for secondary school students in the UK?,What is a popular second language for high school students in the UK?,"[{'answers': ['french'], 'en_answers': ['french'], 'count': 5}, {'answers': ['spanish'], 'en_answers': ['spanish'], 'count': 1}, {'answers': ['german'], 'en_answers': ['german'], 'count': 1}]",0,0,0,,,,,,,,,
Al-en-21,Which subject is the most important for gifted education in the UK?,Which subject is the most important for gifted education in the UK?,"[{'answers': ['maths', 'mathematics', 'math'], 'en_answers': ['maths', 'mathematics', 'math'], 'count': 3}, {'answers': ['english', 'English literature, English language'], 'en_answers': ['english', 'English literature, English language'], 'count': 2}, {'answers': ['science'], 'en_answers': ['science'], 'count': 1}, {'answers': ['music'], 'en_answers': ['music'], 'count': 1}]",0,1,0,,,,,,,,,
Al-en-32,What is the main dish for Thanksgiving in the UK?,What is the main dish for Thanksgiving in the UK?,[],0,0,5,,,,,,,,,
Al-en-33,What do people do to celebrate Halloween in the UK?,What do people do to celebrate Halloween in the UK?,"[{'answers': ['children trick or treat', 'trick or treat', 'go trick or treating', 'trick or treating'], 'en_answers': ['children trick or treat', 'trick or treat', 'go trick or treating', 'trick or treating'], 'count': 5}, {'answers': ['carve pumpkins'], 'en_answers': ['carve pumpkins'], 'count': 1}, {'answers': ['dress up in costumes'], 'en_answers': ['dress up in costumes'], 'count': 1}, {'answers': ['scary films', 'horror films, horrors'], 'en_answers': ['scary films', 'horror films, horrors'], 'count': 1}]",0,0,0,,,,,,,,,
Al-en-34,What do people do to celebrate New Year's Day in the UK?,What do people do to celebrate New Year's Day in the UK?,"[{'answers': ['stay home '], 'en_answers': ['stay home '], 'count': 1}, {'answers': ['go to the pub'], 'en_answers': ['go to the pub'], 'count': 1}, {'answers': ['watch fireworks '], 'en_answers': ['watch fireworks '], 'count': 1}, {'answers': ['have a roast dinner with family'], 'en_answers': ['have a roast dinner with family'], 'count': 1}]",0,1,0,,,,,,,,,
Al-en-35,What do people do to celebrate Christmas in the UK?,What do people do to celebrate Christmas in the UK?,"[{'answers': ['give gifts', 'give presents'], 'en_answers': ['give gifts', 'give presents'], 'count': 2}, {'answers': ['decorate their properties', 'decorations'], 'en_answers': ['decorate their properties', 'decorations'], 'count': 2}, {'answers': ['buy gifts', 'buy presents'], 'en_answers': ['buy gifts', 'buy presents'], 'count': 1}, {'answers': ['have christmas dinner together'], 'en_answers': ['have christmas dinner together'], 'count': 1}, {'answers': ['eat turkey and christmas pudding'], 'en_answers': ['eat turkey and christmas pudding'], 'count': 1}, {'answers': ['have lunch/dinner'], 'en_answers': ['have lunch/dinner'], 'count': 1}, {'answers': ['eat'], 'en_answers': ['eat'], 'count': 1}, {'answers': ['drink'], 'en_answers': ['drink'], 'count': 1}, {'answers': ['gather with friends'], 'en_answers': ['gather with friends'], 'count': 1}]",0,0,0,,,,,,,,,
Al-en-36,What food is associated with Halloween in the UK?,What food is associated with Halloween in the UK?,"[{'answers': ['pumpkin', 'pumpkins'], 'en_answers': ['pumpkin', 'pumpkins'], 'count': 5}, {'answers': ['sweets'], 'en_answers': ['sweets'], 'count': 1}, {'answers': ['chocolate'], 'en_answers': ['chocolate'], 'count': 1}]",0,0,0,,,,,,,,,
Al-en-37,What food is associated with Christmas in the UK?,What food is associated with Christmas in the UK?,"[{'answers': ['turkey'], 'en_answers': ['turkey'], 'count': 5}, {'answers': ['christmas pudding'], 'en_answers': ['christmas pudding'], 'count': 2}, {'answers': ['mince pie'], 'en_answers': ['mince pie'], 'count': 1}, {'answers': ['fruit cake'], 'en_answers': ['fruit cake'], 'count': 1}]",0,0,0,,,,,,,,,
Al-en-38,What food is associated with Valentine's day in the UK?,What food is associated with Valentine's day in the UK?,"[{'answers': ['steak'], 'en_answers': ['steak'], 'count': 3}, {'answers': ['chocolate'], 'en_answers': ['chocolate'], 'count': 2}]",0,0,0,,,,,,,,,
Al-en-39,What do people eat on their birthday in the UK?,What do people eat on their birthday in the UK?,"[{'answers': ['cake', 'birthday cake'], 'en_answers': ['cake', 'birthday cake'], 'count': 4}]",0,1,0,,,,,,,,,
Al-en-40,What is a popular outdoor place for families to have fun with little kids in the UK?,What is a popular outdoor place for families to have fun with little kids in the UK?,"[{'answers': ['local parks', 'park'], 'en_answers': ['local parks', 'park'], 'count': 4}, {'answers': ['zoo'], 'en_answers': ['zoo'], 'count': 1}, {'answers': ['the beach'], 'en_answers': ['the beach'], 'count': 1}, {'answers': ['adventure parks'], 'en_answers': ['adventure parks'], 'count': 1}]",1,0,0,,,,,,,,,
Al-en-43,What is a popular indoor activity for families in the UK?,What is a popular indoor activity for families in the UK?,"[{'answers': ['watching television', 'watching tv', 'tv'], 'en_answers': ['watching television', 'watching tv', 'tv'], 'count': 4}, {'answers': ['boardgames', 'board games'], 'en_answers': ['boardgames', 'board games'], 'count': 2}, {'answers': ['xbox'], 'en_answers': ['xbox'], 'count': 1}, {'answers': ['playstation'], 'en_answers': ['playstation'], 'count': 1}, {'answers': ['cinema'], 'en_answers': ['cinema'], 'count': 1}, {'answers': ['swimming'], 'en_answers': ['swimming'], 'count': 1}, {'answers': ['bowling'], 'en_answers': ['bowling'], 'count': 1}, {'answers': ['jigsaws'], 'en_answers': ['jigsaws'], 'count': 1}]",0,0,0,,,,,,,,,
An-ar-02,Where do university students have lunch in the UK?,Where do university students have lunch in the UK?,"[{'answers': ['canteen', 'cafeteria', 'refectory'], 'en_answers': ['canteen', 'cafeteria', 'refectory'], 'count': 3}, {'answers': ['accommodation', 'at halls', 'at home'], 'en_answers': ['accommodation', 'at halls', 'at home'], 'count': 1}, {'answers': ['on campus'], 'en_answers': ['on campus'], 'count': 1}]",1,1,0,,,,,,,,,
An-ar-03,Which month is the final exam term usually scheduled at secondary schools in the UK? (Provide Arabic numerals (1~12) only.),Which month is the final exam term usually scheduled at high schools in the UK? (Provide Arabic numerals (1~12) only.),"[{'answers': ['5'], 'en_answers': ['5'], 'count': 4}, {'answers': ['6'], 'en_answers': ['6'], 'count': 3}]",1,0,0,,,,,,,,,
An-ar-08,"How many hours a day do students in the UK usually spend at secondary school? (Provide Arabic numerals in integers (0~24), without any decimal points.)","How many hours a day do students in the UK usually spend at high school? (Provide Arabic numerals in integers (0~24), without any decimal points.)","[{'answers': ['6'], 'en_answers': ['6'], 'count': 3}, {'answers': ['7'], 'en_answers': ['7'], 'count': 2}]",0,0,0,,,,,,,,,
An-ar-09,"How many languages do students study at secondary school in the UK? (Provide Arabic numerals (e.g., 5) only.)","How many languages do students study at high school in the UK? (Provide Arabic numerals (e.g., 5) only.)","[{'answers': ['2'], 'en_answers': ['2'], 'count': 4}, {'answers': ['3'], 'en_answers': ['3'], 'count': 2}, {'answers': ['1'], 'en_answers': ['1'], 'count': 1}]",0,0,0,,,,,,,,,
An-ar-34,What is the most popular sport played in a team at school in the UK?,What is the most popular sport played in a team at school in the UK?,"[{'answers': ['soccer', 'football'], 'en_answers': ['soccer', 'football'], 'count': 5}, {'answers': ['rugby'], 'en_answers': ['rugby'], 'count': 1}]",1,0,0,,,,,,,,,
An-ar-35,Who is the most popular sports commentator in the UK?,Who is the most popular sport commentator in the UK?,"[{'answers': ['clive tildsley'], 'en_answers': ['clive tildsley'], 'count': 1}, {'answers': ['gary lineker'], 'en_answers': ['gary lineker'], 'count': 1}, {'answers': ['chris kamara'], 'en_answers': ['chris kamara'], 'count': 1}, {'answers': ['peter drury'], 'en_answers': ['peter drury'], 'count': 1}]",4,1,0,,,,,,,,,
An-ar-36,What is the most popular sports team in the UK?,What is the most popular sport team in the UK?,"[{'answers': ['manchester united', 'manchester utd'], 'en_answers': ['manchester united', 'manchester utd'], 'count': 3}, {'answers': ['manchester city'], 'en_answers': ['manchester city'], 'count': 1}, {'answers': ['liverpool'], 'en_answers': ['liverpool'], 'count': 1}, {'answers': ['tottenham spurs'], 'en_answers': ['tottenham spurs'], 'count': 1}, {'answers': ['England national football team', 'england football team'], 'en_answers': ['England national football team', 'england football team'], 'count': 1}]",1,0,0,,,,,,,,,
An-ar-43,What are the common places or venues where individuals in the UK usually gather to watch sports broadcasts?,What are the common places or venues where individuals in the UK usually gather to watch sports broadcasts?,"[{'answers': ['pub', 'pubs'], 'en_answers': ['pub', 'pubs'], 'count': 4}, {'answers': ['house', 'houses'], 'en_answers': ['house', 'houses'], 'count': 2}, {'answers': ['stadium', 'arena'], 'en_answers': ['stadium', 'arena'], 'count': 1}]",0,0,0,,,,,,,,,
Ca-sp-05,"How many meals per day do people from the UK usually have? (Provide Arabic numerals (e.g., 5) only.)","How many meals per day do people from the UK usually have? (Provide Arabic numerals (e.g., 5) only.)","[{'answers': ['3'], 'en_answers': ['3'], 'count': 5}]",0,0,0,,,,,,,,,
Ca-sp-06,Which is the most important meal of the day to people from the UK?,Which is the most important meal of the day to people from the UK?,"[{'answers': ['breakfast'], 'en_answers': ['breakfast'], 'count': 3}, {'answers': ['dinner', 'evening meal', 'supper'], 'en_answers': ['dinner', 'evening meal', 'supper'], 'count': 3}, {'answers': ['lunch'], 'en_answers': ['lunch'], 'count': 1}]",0,0,0,,,,,,,,,
Ca-sp-08,What is the most common ingredient used in the UK's diet?,What is the most common ingredient used in the UK's diet?,"[{'answers': ['salt'], 'en_answers': ['salt'], 'count': 3}, {'answers': ['potato', 'potatoes'], 'en_answers': ['potato', 'potatoes'], 'count': 2}, {'answers': ['meat'], 'en_answers': ['meat'], 'count': 1}, {'answers': ['sugar'], 'en_answers': ['sugar'], 'count': 1}]",0,0,0,,,,,,,,,
Ca-sp-09,What do people from the UK usually eat for dessert?,What do people from the UK usually eat for dessert?,"[{'answers': ['apple crumble'], 'en_answers': ['apple crumble'], 'count': 1}, {'answers': ['cake'], 'en_answers': ['cake'], 'count': 1}, {'answers': ['yoghurt'], 'en_answers': ['yoghurt'], 'count': 1}, {'answers': ['hot pudding'], 'en_answers': ['hot pudding'], 'count': 1}, {'answers': ['ice cream'], 'en_answers': ['ice cream'], 'count': 1}, {'answers': ['apple pie'], 'en_answers': ['apple pie'], 'count': 1}, {'answers': ['cheesecake'], 'en_answers': ['cheesecake'], 'count': 1}]",0,2,0,,,,,,,,,
Ca-sp-11,Which day of the week do people usually organize a family meal in the UK?,Which day of the week do people usually organize a family meal in the UK?,"[{'answers': ['sunday'], 'en_answers': ['sunday'], 'count': 5}, {'answers': ['saturday'], 'en_answers': ['saturday'], 'count': 1}, {'answers': ['friday'], 'en_answers': ['friday'], 'count': 1}]",0,0,0,,,,,,,,,
Ca-sp-14,Which is the most popular hot drink in the UK?,Which is the most popular hot drink in the UK?,"[{'answers': ['tea'], 'en_answers': ['tea'], 'count': 4}, {'answers': ['coffee'], 'en_answers': ['coffee'], 'count': 3}]",0,0,0,,,,,,,,,
Ca-sp-19,What do young people from the UK usually drink at the night club?,What do young people from the UK usually drink at the night club?,"[{'answers': ['beer'], 'en_answers': ['beer'], 'count': 4}, {'answers': ['vodka'], 'en_answers': ['vodka'], 'count': 2}, {'answers': ['wkd'], 'en_answers': ['wkd'], 'count': 1}, {'answers': ['shots'], 'en_answers': ['shots'], 'count': 1}, {'answers': ['wine'], 'en_answers': ['wine'], 'count': 1}]",0,0,0,,,,,,,,,
Ca-sp-21,In which month do people usually take holidays in the UK? (Provide Arabic numerals (1~12) only.),At which month do people usually take holidays in the UK? (Provide Arabic numerals (1~12) only.),"[{'answers': ['7'], 'en_answers': ['7'], 'count': 5}, {'answers': ['8'], 'en_answers': ['8'], 'count': 3}, {'answers': ['6'], 'en_answers': ['6'], 'count': 1}]",0,0,0,,,,,,,,,
Ca-sp-29,What tradition is there in the UK for New Year's Eve?,What tradition is there in the UK for New Year's Eve?,"[{'answers': ['fireworks'], 'en_answers': ['fireworks'], 'count': 4}, {'answers': ['auld lang syne'], 'en_answers': ['auld lang syne'], 'count': 2}, {'answers': ['big ben countdown'], 'en_answers': ['big ben countdown'], 'count': 1}, {'answers': ['countdown'], 'en_answers': ['countdown'], 'count': 1}]",0,0,1,,,,,,,,,
Ca-sp-38,Which is the typical type of house for a family in the UK?,Which is the typical type of house for a family in the UK?,"[{'answers': ['semi-detached', 'semi detached'], 'en_answers': ['semi-detached', 'semi detached'], 'count': 3}, {'answers': ['terraced'], 'en_answers': ['terraced'], 'count': 2}, {'answers': ['3 bedroom semi'], 'en_answers': ['3 bedroom semi'], 'count': 1}, {'answers': ['brick built'], 'en_answers': ['brick built'], 'count': 1}, {'answers': ['flat'], 'en_answers': ['flat'], 'count': 1}]",0,0,0,,,,,,,,,
Ca-sp-41,Where do the dependent elderly usually live in the UK?,Where do the dependent elderly usually live in the UK?,"[{'answers': ['care homes', 'retirement homes'], 'en_answers': ['care homes', 'retirement homes'], 'count': 5}, {'answers': ['sheltered accomodation'], 'en_answers': ['sheltered accomodation'], 'count': 1}, {'answers': ['with relatives', 'with family'], 'en_answers': ['with relatives', 'with family'], 'count': 1}]",0,0,0,,,,,,,,,
Ca-sp-42,"How long (in weeks) is the UK's maternity leave for mums? (Provide Arabic numerals (e.g., 20) only.)","How long (in weeks) is the UK's maternity leave for mums? (Provide Arabic numerals (e.g., 20) only.)","[{'answers': ['52'], 'en_answers': ['52'], 'count': 4}, {'answers': ['36'], 'en_answers': ['36'], 'count': 1}, {'answers': ['26'], 'en_answers': ['26'], 'count': 1}]",1,0,0,,,,,,,,,
Ca-sp-43,"How long (in weeks) is the UK's paternity leave for dads? (Provide Arabic numerals (e.g., 20) only.)","How long (in weeks) is the UK's paternity leave for dads? (Provide Arabic numerals (e.g., 20) only.)","[{'answers': ['2'], 'en_answers': ['2'], 'count': 4}, {'answers': ['4'], 'en_answers': ['4'], 'count': 1}, {'answers': ['6'], 'en_answers': ['6'], 'count': 1}, {'answers': ['12'], 'en_answers': ['12'], 'count': 1}]",1,0,0,,,,,,,,,
Ca-sp-45,What type of destination is commonly chosen for a family holiday in the UK?,What type of destination is commonly chosen for a family vacation in the UK?,"[{'answers': ['lake district'], 'en_answers': ['lake district'], 'count': 1}, {'answers': ['spain'], 'en_answers': ['spain'], 'count': 1}, {'answers': ['beach'], 'en_answers': ['beach'], 'count': 1}, {'answers': ['countryside '], 'en_answers': ['countryside '], 'count': 1}, {'answers': ['seaside'], 'en_answers': ['seaside'], 'count': 1}, {'answers': ['cornwall'], 'en_answers': ['cornwall'], 'count': 1}]",0,0,0,,,,,,,,,
Gu-ch-05,What sports do seniors like the most in the UK?,What sports do seniors like the most in the UK?,"[{'answers': ['bowls', 'crown green bowls'], 'en_answers': ['bowls', 'crown green bowls'], 'count': 3}, {'answers': ['bowling'], 'en_answers': ['bowling'], 'count': 2}, {'answers': ['golf'], 'en_answers': ['golf'], 'count': 1}, {'answers': ['darts'], 'en_answers': ['darts'], 'count': 1}, {'answers': ['snooker'], 'en_answers': ['snooker'], 'count': 1}, {'answers': ['angling'], 'en_answers': ['angling'], 'count': 1}]",2,0,0,,,,,,,,,
Gu-ch-06,What sports do men like to play the most in the UK?,What sports do men like to play the most in the UK?,"[{'answers': ['soccer', 'football'], 'en_answers': ['soccer', 'football'], 'count': 5}, {'answers': ['rugby'], 'en_answers': ['rugby'], 'count': 2}, {'answers': ['darts'], 'en_answers': ['darts'], 'count': 1}, {'answers': ['cricket'], 'en_answers': ['cricket'], 'count': 1}]",0,0,0,,,,,,,,,
Gu-ch-07,Who is the most famous basketball player in the UK?,Who is the most famous basketball player in the UK?,[],6,1,2,1.0,,,,,,,,
Gu-ch-08,What is the most popular sports among children in the UK?,What is the most popular sports among children in the UK?,"[{'answers': ['soccer', 'football'], 'en_answers': ['soccer', 'football'], 'count': 4}, {'answers': ['rugby'], 'en_answers': ['rugby'], 'count': 2}, {'answers': ['egg and spoon'], 'en_answers': ['egg and spoon'], 'count': 1}, {'answers': ['netball'], 'en_answers': ['netball'], 'count': 1}, {'answers': ['cricket'], 'en_answers': ['cricket'], 'count': 1}]",0,0,0,,,,,,,,,
Gu-ch-09,What sports do women like to play the most in the UK?,What sports do women like to play the most in the UK?,"[{'answers': ['soccer', 'football'], 'en_answers': ['soccer', 'football'], 'count': 3}, {'answers': ['netball'], 'en_answers': ['netball'], 'count': 3}, {'answers': ['tennis'], 'en_answers': ['tennis'], 'count': 1}, {'answers': ['hockey'], 'en_answers': ['hockey'], 'count': 1}, {'answers': ['cricket'], 'en_answers': ['cricket'], 'count': 1}]",1,0,0,,,,,,,,,
Gu-ch-11,In which sports event at the olympics has the UK won the most gold medals? ,What sports event has the UK won the most gold medals at the Olympics?,"[{'answers': ['athletics'], 'en_answers': ['athletics'], 'count': 2}, {'answers': ['cycling'], 'en_answers': ['cycling'], 'count': 2}, {'answers': ['relay'], 'en_answers': ['relay'], 'count': 1}, {'answers': ['rowing'], 'en_answers': ['rowing'], 'count': 1}]",2,0,0,,,,,,,,,
Gu-ch-15,What sports do male students in university like to play the most in the UK?,What sports do male students in university like to play the most in the UK?,"[{'answers': ['rugby'], 'en_answers': ['rugby'], 'count': 3}, {'answers': ['soccer', 'football'], 'en_answers': ['soccer', 'football'], 'count': 2}, {'answers': ['rowing'], 'en_answers': ['rowing'], 'count': 1}, {'answers': ['squash'], 'en_answers': ['squash'], 'count': 1}]",0,0,0,,,,,,,,,
