ID,question,en_question,annotations,idks.no-answer,idks.idk,idks.not-applicable,idks.نمیدانم,idks.ورزش نمی کنند,idks.بستگی به رشته تحصیلی دبیرستان دارد.,idks.سوال نامفهوم است ,idks.بستگی به فرهنگ خانواده دارد.,idks.به جز عروس و داماد رنگ خاصی برای مراسم عروسی وجود ندارد عروس سفید میپوشد و داماد سیاه,idks.معمولا باغ پشتی وجود ندارد,idks.چهار زیرشاخه مختلف وجود دارد و در هر کدام هر سال 13 درس متفاوت تدریس میشود
Al-en-01,یک میان وعده معمول برای بچه‌های پیش دبستانی درایران چیست؟,What is a common snack for preschool kids in Iran?,"[{'answers': ['میوه', 'ميوه'], 'en_answers': ['fruit'], 'count': 3}, {'answers': ['لقمه'], 'en_answers': ['sandwich'], 'count': 1}, {'answers': ['کیک و شیر'], 'en_answers': ['cake and milk'], 'count': 1}, {'answers': ['نون و پنير'], 'en_answers': ['bread and cheese'], 'count': 1}, {'answers': ['تخم\u200cمرغ'], 'en_answers': ['eggs'], 'count': 1}, {'answers': ['کورنفلکس'], 'en_answers': ['cereal'], 'count': 1}]",1,0,0,,,,,,,,
Al-en-02,یک غذای محبوب برای خوردن با آبجو درایران چیست؟,What is a popular food to go with beer in Iran?,[],1,0,4,,,,,,,,
Al-en-04,محبوب‌ترین میوه درایران چیست؟,What is the most popular fruit in Iran?,"[{'answers': ['پرتقال'], 'en_answers': ['orange'], 'count': 2}, {'answers': ['نارنگی'], 'en_answers': ['tangerine'], 'count': 1}, {'answers': ['هلو'], 'en_answers': ['peach'], 'count': 1}, {'answers': ['موز'], 'en_answers': ['banana'], 'count': 1}]",2,0,0,,,,,,,,
Al-en-06,یک غذای معمولی کافه‌تریای مدارسایران چیست؟,What is a common school cafeteria food in Iran?,"[{'answers': ['ساندویچ'], 'en_answers': ['sandwich'], 'count': 2}, {'answers': ['ساندویچ کالباس'], 'en_answers': ['ham sandwich'], 'count': 2}, {'answers': ['املت'], 'en_answers': ['omelette'], 'count': 1}]",0,0,1,,,,,,,,
Al-en-08,در ایران متداول‌ترین تنقلاتی که در مراکز خرید مصرف می‌شوند چیست؟,What are the most commonly eaten snacks at shopping malls in Iran?,"[{'answers': ['چیپس'], 'en_answers': ['crisps'], 'count': 3}, {'answers': ['ذرت مکزیکی'], 'en_answers': ['corn', 'mexican corn', 'corn on the cob'], 'count': 2}, {'answers': ['پفک'], 'en_answers': ['cheese puffs'], 'count': 2}, {'answers': ['پاستیل'], 'en_answers': ['gummies'], 'count': 1}, {'answers': ['شیرینی'], 'en_answers': ['sweets'], 'count': 1}, {'answers': ['تخمه'], 'en_answers': ['seeds'], 'count': 1}, {'answers': ['بستنی'], 'en_answers': ['ice cream'], 'count': 1}, {'answers': ['پاپ کورن'], 'en_answers': ['popcorn'], 'count': 1}]",0,0,0,,,,,,,,
Al-en-09,یک میان وعده محبوب در شهربازی درایران چیست؟,What is a popular snack at an amusement park in Iran?,"[{'answers': ['پشمک', 'پشمك'], 'en_answers': ['cotton candy'], 'count': 4}, {'answers': ['پاپ کورن'], 'en_answers': ['popcorn'], 'count': 1}, {'answers': ['پاستیل'], 'en_answers': ['gummies'], 'count': 1}, {'answers': ['سيب زميني سرخ كرده'], 'en_answers': ['french fries'], 'count': 1}, {'answers': ['الويه'], 'en_answers': ['olivier salad'], 'count': 1}]",0,0,0,,,,,,,,
Al-en-16,در کشور شما در چه سنی بچه‌ها به پیش‌دبستانی می‌روند؟ (فقط از اعداد استفاده کنید),"At what age do kids start preschool in Iran? (Provide Arabic numerals (e.g., 12) only.)","[{'answers': ['6'], 'en_answers': ['6'], 'count': 4}, {'answers': ['5'], 'en_answers': ['5'], 'count': 1}]",0,0,0,,,,,,,,
Al-en-17,در ایران یک ورزش محبوب بعد از مدرسه برای دانش‌آموزان دبستانی چیست؟,What is a popular afterschool sport for elementary schools in Iran?,"[{'answers': ['فوتبال'], 'en_answers': ['football'], 'count': 3}, {'answers': ['وسطی'], 'en_answers': ['dodgeball'], 'count': 1}]",1,0,0,,,,,,,,
Al-en-18,درایران دانش‌آموزان دبستانی برای چه درسی تحصیلات خصوصی می‌گیرند؟,For which subject do elementary students get private education in Iran?,"[{'answers': ['ریاضی'], 'en_answers': ['mathematics'], 'count': 4}, {'answers': ['زبان انگلیسی'], 'en_answers': ['english language'], 'count': 1}]",0,0,0,,,,,,,,
Al-en-19,درایران یک زبان دوم محبوب برای دانش‌آموزان دبیرستانی چیست؟,What is a popular second language for high school students in Iran?,"[{'answers': ['انگلیسی'], 'en_answers': ['english'], 'count': 5}, {'answers': ['فرانسوی'], 'en_answers': ['french'], 'count': 1}]",0,0,0,,,,,,,,
Al-en-21,در کشور شما در دوره‌ی استعدادهای درخشان به کدام درس اهمیت بیشتری داده می‌شود؟,Which subject is the most important for gifted education in Iran?,"[{'answers': ['ریاضی', 'رياضي'], 'en_answers': ['mathematics'], 'count': 5}, {'answers': ['ادبیات'], 'en_answers': ['literature'], 'count': 1}, {'answers': ['شیمی'], 'en_answers': ['chemistry'], 'count': 1}, {'answers': ['فیزیک'], 'en_answers': ['physics'], 'count': 1}]",0,0,0,,,,,,,,
Al-en-32,غذای اصلی شکرگزاری درایران چیست؟,What is the main dish for Thanksgiving in Iran?,[],0,0,5,,,,,,,,
Al-en-33,مردم برای جشن گرفتن هالووین درایران چه کارهایی انجام می‌دهند؟,What do people do to celebrate Halloween in Iran?,[],0,0,5,,,,,,,,
Al-en-34,مردم برای جشن گرفتن روز سال نو درایران چه کاری انجام می‌دهند؟,What do people do to celebrate New Year's Day in Iran?,"[{'answers': ['چیدن سفره هفت سین', 'دیدار با خانواده', 'سفره ۷ سین'], 'en_answers': ['setting the haft-seen table', 'meeting with family', 'haft-seen spread'], 'count': 3}, {'answers': ['دید و بازدید', 'مهمانی رفتن'], 'en_answers': ['visiting each other', 'going to a party'], 'count': 2}, {'answers': ['خونه تکونی'], 'en_answers': ['house cleaning'], 'count': 1}]",0,0,0,,,,,,,,
Al-en-35,درایران مردم برای جشن گرفتن کریسمس چه کارهایی انجام می‌دهند؟,What do people do to celebrate Christmas in Iran?,[],0,0,5,,,,,,,,
Al-en-36,چه غذایی با هالووین درایران مرتبط است؟,What food is associated with Halloween in Iran?,[],1,0,4,,,,,,,,
Al-en-37,چه غذایی با کریسمس درایران مرتبط است؟,What food is associated with Christmas in Iran?,[],1,0,4,,,,,,,,
Al-en-38,چه غذایی با روز ولنتاین درایران مرتبط است؟,What food is associated with Valentine's day in Iran?,"[{'answers': ['شکلات'], 'en_answers': ['chocolate'], 'count': 2}]",1,0,2,,,,,,,,
Al-en-39,مردم در کشور شما در جشن تولد معمولا چه چیزی می‌خورند؟,What do people eat on their birthday in Iran?,"[{'answers': ['کیک', 'كيك'], 'en_answers': ['cake'], 'count': 2}, {'answers': ['پیتزا'], 'en_answers': ['pizza'], 'count': 1}, {'answers': ['ساندویچ'], 'en_answers': ['sandwich'], 'count': 1}, {'answers': ['کباب'], 'en_answers': ['kebab'], 'count': 1}, {'answers': ['کیک خانگی'], 'en_answers': ['homemade cake'], 'count': 1}]",1,0,0,,,,,,,,
Al-en-40,یک مکان محبوب فضای باز برای خانواده‌ها برای تفریح با بچه‌های کوچک درایران چیست؟,What is a popular outdoor place for families to have fun with little kids in Iran?,"[{'answers': ['پارک', 'پارك'], 'en_answers': ['park'], 'count': 5}, {'answers': ['شهربازی'], 'en_answers': ['amusement park'], 'count': 1}, {'answers': ['پارك جنگلي'], 'en_answers': ['forest park'], 'count': 1}]",0,0,0,,,,,,,,
Al-en-43,یک فعالیت محبوب (زیرسقفی) برای خانواده‌ها در کشور شما چیست؟,What is a popular indoor activity for families in Iran?,"[{'answers': ['سریال دیدن', 'سریال نگاه کردن'], 'en_answers': ['watching series'], 'count': 2}, {'answers': ['سینما رفتن'], 'en_answers': ['going to the cinema'], 'count': 1}, {'answers': ['مهمونی خانوادگی'], 'en_answers': ['family gathering'], 'count': 1}, {'answers': ['تماشای تلویزیون'], 'en_answers': ['watching tv'], 'count': 1}, {'answers': ['wrong answer'], 'en_answers': ['picnic'], 'count': 1}, {'answers': ['رقص'], 'en_answers': ['dance'], 'count': 1}, {'answers': ['بازی تخته نرد'], 'en_answers': ['backgammon game'], 'count': 1}, {'answers': ['فیلم نگاه کردن'], 'en_answers': ['watching movie'], 'count': 1}]",0,0,0,,,,,,,,
An-ar-02,در ایران دانشجویان دانشگاه  کجا ناهار می‌خورند؟,Where do university students have lunch in Iran?,"[{'answers': ['سلف دانشگاه', 'سلف', 'سلف دانشجويي'], 'en_answers': ['university dining hall', 'dining hall', 'student dining hall'], 'count': 5}, {'answers': ['بوفه'], 'en_answers': ['buffet'], 'count': 1}, {'answers': ['تریا'], 'en_answers': ['cafeteria'], 'count': 1}, {'answers': ['ساندويچي'], 'en_answers': ['sandwich shop'], 'count': 1}]",0,0,0,,,,,,,,
An-ar-03,در کشور شما امتحانات نهایی دبیرستان‌ها معمولاً در چه ماهی برگزار می‌شود؟ (فقط از اعداد استفاده کنید),Which month is the final exam term usually scheduled at high schools in Iran? (Provide Arabic numerals (1~12) only.),"[{'answers': ['3'], 'en_answers': ['3'], 'count': 5}]",0,0,0,,,,,,,,
An-ar-08,در ایران دانش‌آموزان  معمولاً چند ساعت در روز را در دبیرستان می‌گذرانند؟ (از اعداد عربی به صورت صحیح (0 تا 24) و بدون نقطه اعشار استفاده کنید.),"How many hours a day do students in Iran usually spend at high school? (Provide Arabic numerals in integers (0~24), without any decimal points.)","[{'answers': ['۷'], 'en_answers': ['7'], 'count': 3}, {'answers': ['۶'], 'en_answers': ['6'], 'count': 2}, {'answers': ['۵'], 'en_answers': ['5'], 'count': 2}]",0,0,0,,,,,,,,
An-ar-09,در ایران دانش‌آموزان در دبیرستان چند زبان مطالعه می‌کنند؟ (فقط عدد عربی (مثلاً 5) ارائه دهید.),"How many languages do students study at high school in Iran? (Provide Arabic numerals (e.g., 5) only.)","[{'answers': ['۳'], 'en_answers': ['3'], 'count': 4}, {'answers': ['۲'], 'en_answers': ['2'], 'count': 1}]",0,0,0,,,,,,,,
An-ar-34,درایران محبوب‌ترین ورزش دسته‌جمعی که در مدارس بازی می‌شود، چیست؟,What is the most popular sport played in a team at school in Iran?,"[{'answers': ['والیبال', 'فوتبال'], 'en_answers': ['volleyball', 'football'], 'count': 4}]",1,0,0,,,,,,,,
An-ar-35,درایران محبوب‌ترین گزارشگر ورزشی چه کسی است؟,Who is the most popular sport commentator in Iran?,"[{'answers': ['فردوسی پور', 'عادل فردوسی\u200cپور', 'عادل فردوسی پور'], 'en_answers': ['ferdowsi pour', 'adel ferdosipour'], 'count': 4}, {'answers': ['خیابانی'], 'en_answers': ['khiabani'], 'count': 1}]",0,1,0,,,,,,,,
An-ar-36,درایران محبوب‌ترین تیم ورزشی کدام است؟,What is the most popular sport team in Iran?,"[{'answers': ['استقلال', 'پرسپولیس'], 'en_answers': ['esteghlal', 'persepolis'], 'count': 5}]",0,0,0,,,,,,,,
An-ar-43,در کشور شما مکان‌ ها یا محل‌هایی که افراد معمولاً برای تماشای برنامه‌های ورزشی در آنجا جمع می‌شوند، کدام‌ها هستند؟,What are the common places or venues where individuals in Iran usually gather to watch sports broadcasts?,"[{'answers': ['كافه', 'کافه', 'کافی شاپ'], 'en_answers': ['cafe', 'coffee shop'], 'count': 3}, {'answers': ['ورزشگاه', 'استادیوم'], 'en_answers': ['stadium'], 'count': 2}, {'answers': ['رستوران'], 'en_answers': ['restaurant'], 'count': 1}, {'answers': ['خانه'], 'en_answers': ['home'], 'count': 1}]",0,1,1,,,,,,,,
Ca-sp-05,مردم در کشور شما معمولاً روزانه چند وعده غذا می‌خورند؟ (فقط از اعداد استفاده کنید),"How many meals per day do people from Iran usually have? (Provide Arabic numerals (e.g., 5) only.)","[{'answers': ['3'], 'en_answers': ['3'], 'count': 5}]",0,0,0,,,,,,,,
Ca-sp-06,کدام وعده غذایی از روز برای مردم درایران مهم‌تر است؟,Which is the most important meal of the day to people from Iran?,"[{'answers': ['نهار', 'ناهار'], 'en_answers': ['lunch'], 'count': 4}, {'answers': ['شام'], 'en_answers': ['dinner'], 'count': 2}, {'answers': ['صبحانه'], 'en_answers': ['breakfast'], 'count': 2}]",0,0,0,,,,,,,,
Ca-sp-08,متداول‌ترین ماده‌ی غذایی مورد استفاده در رژیم غذایی درایران چیست؟,What is the most common ingredient used in Iran's diet?,"[{'answers': ['نان'], 'en_answers': ['bread'], 'count': 3}, {'answers': ['برنج'], 'en_answers': ['rice'], 'count': 3}, {'answers': ['پیاز'], 'en_answers': ['onion'], 'count': 1}, {'answers': ['سیر'], 'en_answers': ['garlic'], 'count': 1}, {'answers': ['لوبیا'], 'en_answers': ['beans'], 'count': 1}]",0,0,0,,,,,,,,
Ca-sp-09,مردم درایران معمولاً برای دسر چه می‌خورند؟,What do people from Iran usually eat for dessert?,"[{'answers': ['ژله'], 'en_answers': ['jelly'], 'count': 2}, {'answers': ['شله زرد'], 'en_answers': ['sholezard'], 'count': 1}, {'answers': ['شیرینی'], 'en_answers': ['sweets'], 'count': 1}, {'answers': ['ماست و مربا'], 'en_answers': ['yogurt and jam'], 'count': 1}, {'answers': ['شیرینی خامه ای'], 'en_answers': ['cream pastry'], 'count': 1}]",1,0,1,,,,,,,,
Ca-sp-11,مردم درایران معمولاً در چه روزی از هفته مهمانی خانوادگی برگزار می‌کنند؟,Which day of the week do people usually organize a family meal in Iran?,"[{'answers': ['جمعه'], 'en_answers': ['friday'], 'count': 3}, {'answers': ['پنج شنبه', 'پنجشنبه'], 'en_answers': ['thursday'], 'count': 3}]",0,0,0,,,,,,,,
Ca-sp-14,محبوب‌ترین نوشیدنی گرم درایران کدام است؟,Which is the most popular hot drink in Iran?,"[{'answers': ['چای'], 'en_answers': ['tea'], 'count': 5}]",0,0,0,,,,,,,,
Ca-sp-19,جوانان درایران معمولاً در کلاب شبانه چه چیزی می‌نوشند؟,What do young people from Iran usually drink at the night club?,[],0,0,5,,,,,,,,
Ca-sp-21,مردم معمولاً در چه ماهی در کشور شما تعطیلات می‌گیرند؟ (فقط از اعداد استفاده کنید),At which month do people usually take holidays in Iran? (Provide Arabic numerals (1~12) only.),"[{'answers': ['1'], 'en_answers': ['1'], 'count': 2}, {'answers': ['3'], 'en_answers': ['3'], 'count': 1}]",0,0,0,,,,,,,,
Ca-sp-29,در شب سال نو درایران چه سنت‌هایی وجود دارد؟,What tradition is there in Iran for New Year's Eve?,"[{'answers': ['چیدن سفره هفت سین', 'دورهمی خانواده دور سفره هفت سین در لحظه ی سال تحویل'], 'en_answers': ['setting the haft-seen table', 'family gathering around the haft-seen spread at the moment of the new year'], 'count': 4}, {'answers': ['خوردن سبزی پلو ماهی', 'تمیز کردن خانه'], 'en_answers': ['eating sabzi polo with fish', 'house cleaning'], 'count': 2}, {'answers': ['خوردن سبزی پلو با ماهی', 'خوردن سبزی پلو و ماهی'], 'en_answers': ['eating sabzi polo with fish', 'eating sabzi polo and fish'], 'count': 2}, {'answers': ['دیدن دوستان و آشنایان', 'دیدار با خانواده'], 'en_answers': ['seeing friends and acquaintances', 'meeting with family'], 'count': 2}, {'answers': ['پوشیدن لباس نو یا تمیز'], 'en_answers': ['wearing new or clean clothes'], 'count': 1}]",0,0,0,,,,,,,,
Ca-sp-38,درایران معمولاً چه نوع خانه‌ای برای یک خانواده معمول است؟,Which is the typical type of house for a family in Iran?,"[{'answers': ['آپارتمان', 'واحد آپارتمان', 'اپارتمانی'], 'en_answers': ['apartment', 'apartment flat'], 'count': 5}]",0,0,0,,,,,,,,
Ca-sp-41,درایران افراد مسن وابسته معمولاً در کجا زندگی می‌کنند؟,Where do the dependent elderly usually live in Iran?,"[{'answers': ['خانه سالمندان', 'در خانه سالمندان', 'آسایشگاه'], 'en_answers': ['nursing home', 'in the nursing home'], 'count': 4}, {'answers': ['خانه', 'خانه شان'], 'en_answers': ['home', 'their house'], 'count': 2}, {'answers': ['همراه با فرزندان'], 'en_answers': ['accompanied by children'], 'count': 1}, {'answers': ['2', 'در خانه فرزندان'], 'en_answers': [""children's home""], 'count': 1}, {'answers': ['در خانه همراه با پرستار'], 'en_answers': ['at home with a nurse'], 'count': 1}, {'answers': ['همراه با فرزند ارشد'], 'en_answers': ['accompanied by eldest child'], 'count': 1}]",0,0,0,,,,,,,,
Ca-sp-42,در کشور شما مرخصی زایمان برای مادران چند هفته است؟ (فقط از اعداد استفاده کنید),"How long (in weeks) is Iran's maternity leave for mums? (Provide Arabic numerals (e.g., 20) only.)","[{'answers': ['36'], 'en_answers': ['36'], 'count': 3}, {'answers': ['26'], 'en_answers': ['26'], 'count': 1}]",0,3,0,1.0,,,,,,,
Ca-sp-43,در کشور شما مرخصی زایمان برای پدران چند هفته است؟ (فقط از اعداد استفاده کنید),"How long (in weeks) is Iran's paternity leave for dads? (Provide Arabic numerals (e.g., 20) only.)","[{'answers': ['0'], 'en_answers': ['0'], 'count': 3}, {'answers': ['2'], 'en_answers': ['2'], 'count': 1}]",1,3,0,,,,,,,,
Ca-sp-45,درایران معمولاً چه نوع مقصدی برای تعطیلات خانوادگی انتخاب می‌شود؟,What type of destination is commonly chosen for a family vacation in Iran?,"[{'answers': ['شمال', 'شمال ایران'], 'en_answers': ['north', 'north iran'], 'count': 2}, {'answers': ['کیش'], 'en_answers': ['kish'], 'count': 1}, {'answers': ['ساحل شمال کشور'], 'en_answers': ['north coast of the country'], 'count': 1}]",1,0,0,,,,,,,,
Gu-ch-05,درایران سالمندان بیشتر از چه ورزش‌هایی خوششان می‌آید؟,What sports do seniors like the most in Iran?,"[{'answers': ['پیاده روی'], 'en_answers': ['walking'], 'count': 3}, {'answers': ['شطرنج'], 'en_answers': ['chess'], 'count': 1}]",0,0,0,,1.0,,,,,,
Gu-ch-06,درایران مردان بیشتر به بازی کردن چه ورزش‌هایی علاقه دارند؟,What sports do men like to play the most in Iran?,"[{'answers': ['فوتبال'], 'en_answers': ['football'], 'count': 5}]",0,0,0,,,,,,,,
Gu-ch-07,درایران معروف‌ترین بازیکن بسکتبال چه کسی است؟,Who is the most famous basketball player in Iran?,"[{'answers': ['صمد نیکخواه بهرامی'], 'en_answers': ['samad nikkhah bahrami'], 'count': 2}, {'answers': ['حامد حدادی'], 'en_answers': ['hamed haddadi'], 'count': 2}, {'answers': ['آیدین نیکخواه بهرامی'], 'en_answers': ['aydin nikkhah bahrami'], 'count': 1}]",1,4,0,,,,,,,,
Gu-ch-08,درایران محبوب‌ترین ورزش بین کودکان چیست؟,What is the most popular sports among children in Iran?,"[{'answers': ['فوتبال'], 'en_answers': ['football'], 'count': 4}, {'answers': ['بازی های کامپیوتری'], 'en_answers': ['computer games'], 'count': 1}]",0,0,0,,,,,,,,
Gu-ch-09,درایران زنان بیشتر به بازی کردن چه ورزش‌هایی علاقه دارند؟,What sports do women like to play the most in Iran?,"[{'answers': ['رقص'], 'en_answers': ['dance'], 'count': 1}, {'answers': ['ورق بازی'], 'en_answers': ['card game'], 'count': 1}, {'answers': ['پیاده روی'], 'en_answers': ['walking'], 'count': 1}, {'answers': ['بدمینتون'], 'en_answers': ['badminton'], 'count': 1}, {'answers': ['والیبال'], 'en_answers': ['volleyball'], 'count': 1}, {'answers': ['پینگ پونگ'], 'en_answers': ['ping pong'], 'count': 1}, {'answers': ['دو و میدانی'], 'en_answers': ['track and field'], 'count': 1}]",0,0,0,,,,,,,,
Gu-ch-11,درایران چه رویداد ورزشی در المپیک بیشترین مدال طلا را کسب کرده است؟,What sports event has Iran won the most gold medals at the Olympics?,"[{'answers': ['کشتی'], 'en_answers': ['wrestling'], 'count': 5}, {'answers': ['وزنه برداری'], 'en_answers': ['weightlifting'], 'count': 1}]",0,0,0,,,,,,,,
Gu-ch-15,درایران دانشجویان پسر در دانشگاه‌ها بیشتر به چه ورزش‌هایی علاقه دارند؟,What sports do male students in university like to play the most in Iran?,"[{'answers': ['فوتبال'], 'en_answers': ['football'], 'count': 5}, {'answers': ['بسکتبال', 'بسكتبال'], 'en_answers': ['basketball'], 'count': 2}, {'answers': ['والیبال', 'واليبال'], 'en_answers': ['volleyball'], 'count': 2}]",0,1,0,,,,,,,,
