Unnamed: 0,ID,Topic,Source,Question,Translation
0,Al-en-01,Food,English (US),日本の関東で子供向けのお菓子といえばなんですか？,What is a common snack for nursery kids in Japan?
1,Al-en-02,Food,English (US),日本の関東で酒のつまみといえばなんですか？,What is a popular food to go with beer in Japan?
2,Al-en-04,Food,English (US),日本の関東で人気のフルーツといえばなんですか？,What is the most popular fruit in Japan?
3,Al-en-06,Food,English (US),日本の関東で主な学食といえばなんでしょう？,What is a common school cafeteria food in Japan?
4,Al-en-08,Food,English (US),日本の関東でショッピングモールにあるお菓子として有名なのはなんでしょう？,What are the most commonly eaten snacks at shopping malls in Japan?
5,Al-en-09,Food,English (US),日本の関東でテーマパークで見つけることのできるお菓子として有名なものはなんでしょう？,What is a popular snack at an amusement park in Japan?
6,Al-en-16,Education,English (US),日本の関東では幾つで子どもは幼稚園に行きますか？（数字で回答してください）,"At what age do kids start nursery in Japan? (Provide Arabic numerals (e.g., 12) only.)"
7,Al-en-17,Education,English (US),日本の関東で人気の放課後に学生がするスポーツはなんですか？,What is a popular afterschool sport for primary schools in Japan?
8,Al-en-18,Education,English (US),日本の関東ではなんの教科で小学生が塾に通い始めますか？,For which subject do primary school students get private education in Japan?
9,Al-en-19,Education,English (US),日本の関東で人気の第二外国語はなんですか？,What is a popular second language for secondary school students in Japan?
10,Al-en-21,Education,English (US),日本でのギフテッド教育において最も重要な科目はなんですか？,Which subject is the most important for gifted education in Japan?
11,Al-en-33,Holidays/Celebration/Leisure,English (US),日本の関東ではハロウィンで何をしますか？,What do people do to celebrate Halloween in Japan?
12,Al-en-34,Holidays/Celebration/Leisure,English (US),日本の関東では新年は何をしますか？,What do people do to celebrate New Year's Day in Japan?
13,Al-en-35,Holidays/Celebration/Leisure,English (US),日本の関東ではクリスマしに何をしますか？,What do people do to celebrate Christmas in Japan?
14,Al-en-36,Holidays/Celebration/Leisure,English (US),日本の関東ではハロウィンに何を食べますか？,What food is associated with Halloween in Japan?
15,Al-en-37,Holidays/Celebration/Leisure,English (US),日本の関東ではクリスマスに何を食べますか？,What food is associated with Christmas in Japan?
16,Al-en-38,Holidays/Celebration/Leisure,English (US),日本の関東ではバレンタインに何を食べますか？,What food is associated with Valentine's day in Japan?
17,Al-en-39,Holidays/Celebration/Leisure,English (US),日本の関東では誕生日に何を食べますか？,What do people eat on their birthday in Japan?
18,Al-en-40,Holidays/Celebration/Leisure,English (US),日本の関東では幼い子供の野外の遊び場としてどこが人気ですか？,What is a popular outdoor place for families to have fun with little kids in Japan?
19,Al-en-43,Holidays/Celebration/Leisure,English (US),日本の関東で人気の屋内でするアクティビティでは何が有名ですか？,What is a popular indoor activity for families in Japan?
20,An-ar-02,Education,Arabic (Algeria),日本の関東では大学生が昼食をとる場所としてどこが有名ですか？,Where do university students have lunch in Japan?
21,An-ar-03,Education,Arabic (Algeria),日本の関東では何月に中学の期末試験がありますか？（数字で回答してください）,Which month is the final exam term usually scheduled at secondary schools in Japan? (Provide Arabic numerals (1~12) only.)
22,An-ar-08,Education,Arabic (Algeria),日本の関東では中学生は何時間学校で授業を受けますか？（数字で回答してください）,"How many hours a day do students in Japan usually spend at secondary school? (Provide Arabic numerals in integers (0~24), without any decimal points.)"
23,An-ar-09,Education,Arabic (Algeria),日本の関東では中学生は何ヶ国語勉強しますか？（数字で回答してください）,"How many languages do students study at secondary school in Japan? (Provide Arabic numerals (e.g., 5) only.)"
24,An-ar-34,Sport,Arabic (Algeria),日本の関東で学生に人気のスポーツはなんですか？,What is the most popular sport played in a team at school in Japan?
25,An-ar-35,Sport,Arabic (Algeria),日本の関東で一番有名なスポーツの評論家は誰ですか？,Who is the most popular sports commentator in Japan?
26,An-ar-36,Sport,Arabic (Algeria),日本の関東で一番有名なスポーツチームは何ですか？,What is the most popular sports team in Japan?
27,An-ar-43,Sport,Arabic (Algeria),日本の関東でスポーツ観戦をする場所としては何処がありますか？,What are the common places or venues where individuals in Japan usually gather to watch sports broadcasts?
28,Ca-sp-05,Food,Spanish (Spain),日本の関東の人は平均で一日に何度食事をとりますか？（数字で回答してください）,"How many meals per day do people from Japan usually have? (Provide Arabic numerals (e.g., 5) only.)"
29,Ca-sp-06,Food,Spanish (Spain),日本の関東の人にとって一日の中で一番楽しみにしている食事はいつの食事ですか？,Which is the most important meal of the day to people from Japan?
30,Ca-sp-08,Food,Spanish (Spain),日本の関東の料理で一番よく使われている調味料は何ですか？,What is the most common ingredient used in Japan's diet?
31,Ca-sp-09,Food,Spanish (Spain),日本の関東の人はデザートで何を食べますか？,What do people from Japan usually eat for dessert?
32,Ca-sp-11,Food,Spanish (Spain),日本の関東では一週間の中で何曜日によく家族で食事をしますか？,Which day of the week do people usually organize a family meal in Japan?
33,Ca-sp-14,Food,Spanish (Spain),日本の関東で一番有名な暖かい飲み物は何ですか？,Which is the most popular hot drink in Japan?
34,Ca-sp-19,Holidays/Celebration/Leisure,Spanish (Spain),日本の関東のナイトクラブで夜人々が好んで飲むものは何ですか？,What do young people from Japan usually drink at the night club?
35,Ca-sp-21,Holidays/Celebration/Leisure,Spanish (Spain),日本の関東の社会人がよく休暇を取るのは何曜日ですか？（数字で回答してください）,In which month do people usually take holidays in Japan? (Provide Arabic numerals (1~12) only.)
36,Ca-sp-29,Holidays/Celebration/Leisure,Spanish (Spain),日本の関東で有名な新年の習慣は何ですか？,What tradition is there in Japan for New Year's Eve?
37,Ca-sp-38,Family,Spanish (Spain),日本の関東で典型的な家のタイプは何ですか？,Which is the typical type of house for a family in Japan?
38,Ca-sp-41,Family,Spanish (Spain),日本の関東では老後はどこに住む人が多いですか？,Where do the dependent elderly usually live in Japan?
39,Ca-sp-42,Family,Spanish (Spain),日本の関東では母親の育児休暇はどのくらいとれますか？（数字で回答してください）,"How long (in weeks) is Japan's maternity leave for mums? (Provide Arabic numerals (e.g., 20) only.)"
40,Ca-sp-43,Family,Spanish (Spain),日本の関東では父親の育児休暇はどのくらいとれますか？（数字で回答してください）,"How long (in weeks) is Japan's paternity leave for dads? (Provide Arabic numerals (e.g., 20) only.)"
41,Ca-sp-45,Family,Spanish (Spain),日本の関東では家族の休暇での旅行先として人気なのはどこですか？,What type of destination is commonly chosen for a family holiday in Japan?
42,Gu-ch-05,Sport,Chinese (China),日本の関東ではシニアの人が好むスポーツは何ですか？,What sports do seniors like the most in Japan?
43,Gu-ch-06,Sport,Chinese (China),日本の関東で男性に人気のスポーツは何ですか？,What sports do men like to play the most in Japan?
44,Gu-ch-07,Sport,Chinese (China),日本の関東で一番人気なバスケ選手は誰ですか？,Who is the most famous basketball player in Japan?
45,Gu-ch-08,Sport,Chinese (China),日本の関東で子供に一番人気なスポーツは何ですか？,What is the most popular sports among children in Japan?
46,Gu-ch-09,Sport,Chinese (China),日本の関東で女性に人気なスポーツは何ですか？,What sports do women like to play the most in Japan?
47,Gu-ch-11,Sport,Chinese (China),日本の関東出身のスポーツ選手で最もたくさんオリンピックでメダルをとっているスポーツは何ですか？,In which sports event at the olympics has Japan won the most gold medals?
48,Gu-ch-15,Sport,Chinese (China),日本の関東で男性の学生に人気のスポーツは何ですか？,What sports do male students in university like to play the most in Japan?
49,Gu-ch-16,Family,Chinese (China),日本の関東の家族は平均何人ですか？（数字で回答してください）,"How many people are there in a family on average in Japan? (Provide Arabic numerals (e.g., 12) only.)"
