ID,question,en_question,annotations,idks.idk,idks.no-answer,idks.not-applicable
Al-en-01,ماذا يأكل الأطفال كوجبة خفيفة قبل المدرسة في المملكة العربية السعودية؟,What is a common snack for nursery kids in Saudi Arabia?,"[{'answers': ['كورن فلكس', 'كورنفلكس', 'كورنفليكس'], 'en_answers': ['corn Flakes', 'cornflakes'], 'count': 5}, {'answers': ['توست'], 'en_answers': ['toast'], 'count': 2}, {'answers': ['بيض', 'بيض مقلي'], 'en_answers': ['eggs', 'fried eggs'], 'count': 2}, {'answers': ['بانكيك'], 'en_answers': ['pancake'], 'count': 1}, {'answers': ['شوفان'], 'en_answers': ['oats'], 'count': 1}, {'answers': ['جبنة ومربى'], 'en_answers': ['cheese and jam'], 'count': 1}]",0,0,0
Al-en-02,ما هو الطعام الشعبي الذي يتناول مع البيرة في المملكة العربية السعودية؟,What is a popular food to go with beer in Saudi Arabia?,[],0,0,3
Al-en-04,ما هي الفاكهة الأكثر شعبية في المملكة العربية السعودية؟,What is the most popular fruit in Saudi Arabia?,"[{'answers': ['الجح', 'بطيخ'], 'en_answers': ['watermelon'], 'count': 2}, {'answers': ['البرتقال', 'برتقال'], 'en_answers': ['orange'], 'count': 2}, {'answers': ['تفاح'], 'en_answers': ['apple'], 'count': 2}, {'answers': ['البرشومي'], 'en_answers': ['prickly pear'], 'count': 1}, {'answers': ['التمر'], 'en_answers': ['dates'], 'count': 1}, {'answers': ['التين'], 'en_answers': ['fig'], 'count': 1}, {'answers': ['الرمان'], 'en_answers': ['pomegranate'], 'count': 1}]",0,0,0
Al-en-06,ما هو طعام كافتيريا المدرسة الشائع في المملكة العربية السعودية؟,What is a common school cafeteria food in Saudi Arabia?,"[{'answers': ['جبن', 'ساندوتشات الاجبان', 'فطيرة'], 'en_answers': ['cheese', 'cheese sandwiches', 'pie'], 'count': 3}, {'answers': ['بيض'], 'en_answers': ['eggs'], 'count': 2}, {'answers': ['بسكويت الشوكلاته'], 'en_answers': ['chocolate biscuits'], 'count': 1}, {'answers': ['فلافل'], 'en_answers': ['falafel'], 'count': 1}, {'answers': ['الشبسات'], 'en_answers': ['chips'], 'count': 1}, {'answers': ['ساندويتش بيض'], 'en_answers': ['egg sandwich'], 'count': 1}, {'answers': ['بطاطس مقلية'], 'en_answers': ['french fries'], 'count': 1}]",0,0,0
Al-en-08,ما هي الوجبات الخفيفة التي يتناولها الناس في مراكز التسوق في المملكة العربية السعودية؟,What are the most commonly eaten snacks at shopping malls in Saudi Arabia?,"[{'answers': ['البطاطس المقليه', 'بطاطس كرسبي'], 'en_answers': ['crispy fries', 'french fries'], 'count': 2}, {'answers': ['ايسكريم'], 'en_answers': ['ice cream'], 'count': 2}, {'answers': ['شاورما'], 'en_answers': ['shawarma'], 'count': 1}, {'answers': ['الذرة'], 'en_answers': ['corn'], 'count': 1}, {'answers': ['السانويتشات'], 'en_answers': ['sandwiches'], 'count': 1}, {'answers': ['فطائر'], 'en_answers': ['pastries'], 'count': 1}, {'answers': ['الفشار'], 'en_answers': ['popcorn'], 'count': 1}]",0,0,0
Al-en-09,ما هي الوجبة الخفيفة الشعبية في مدينة الملاهي في المملكة العربية السعودية؟,What is a popular snack at an amusement park in Saudi Arabia?,"[{'answers': ['بيتزا'], 'en_answers': ['pizza'], 'count': 2}, {'answers': ['الفشار'], 'en_answers': ['popcorn'], 'count': 2}, {'answers': ['الحلويات', 'حلويات'], 'en_answers': ['desserts', 'sweets'], 'count': 2}, {'answers': ['البطاطس المقليه'], 'en_answers': ['french fries'], 'count': 1}, {'answers': ['الذره'], 'en_answers': ['corn'], 'count': 1}]",0,0,0
Al-en-16,في أي سن يبدأ الأطفال الذهاب للروضة في المملكة العربية السعودية؟ (استعمل الأرقام العربية فقط (مثلاً، 12.),"At what age do kids start nursery in Saudi Arabia? (Provide Arabic numerals (e.g., 12) only.)","[{'answers': ['٣'], 'en_answers': ['3'], 'count': 2}]",0,0,0
Al-en-17,ما هو النشاط الرياضي المفضل بعد المدرسة لتلاميذ الابتدائي في المملكة العربية السعودية؟,What is a popular afterschool sport for primary schools in Saudi Arabia?,"[{'answers': ['كرة القدم'], 'en_answers': ['football'], 'count': 5}, {'answers': ['السباحة'], 'en_answers': ['swimming'], 'count': 1}, {'answers': ['تحفيظ القرآن'], 'en_answers': ['quran memorization'], 'count': 1}, {'answers': ['السباق'], 'en_answers': ['racing'], 'count': 1}]",0,0,0
Al-en-18,ما هي المادة التي يتلقى فيها أكثر تلاميذ الابتدائي دروسا خصوصية في المملكة العربية السعودية؟,For which subject do primary school students get private education in Saudi Arabia?,"[{'answers': ['الرياضيات'], 'en_answers': ['mathematics'], 'count': 5}, {'answers': ['الانجليزي', 'اللغة الأنجليزية', 'اللغة الإنجليزية'], 'en_answers': ['English language'], 'count': 3}, {'answers': ['العلوم'], 'en_answers': ['science'], 'count': 1}]",0,0,0
Al-en-19,ما هي اللغة الثانية الشائعة لطلاب الثانوية في المملكة العربية السعودية؟,What is a popular second language for secondary school students in Saudi Arabia?,"[{'answers': ['الإنجليزي', 'الإنجليزية', 'الانجليزي', 'اللغة الإنجليزية'], 'en_answers': ['english language'], 'count': 5}, {'answers': ['الفرنسي'], 'en_answers': ['french'], 'count': 1}, {'answers': ['الكوري'], 'en_answers': ['korean'], 'count': 1}, {'answers': ['الصينية'], 'en_answers': ['chinese'], 'count': 1}]",0,0,0
Al-en-21,أي مادة هي الأهم لتعليم الموهوبين في المملكة العربية السعودية؟,Which subject is the most important for gifted education in Saudi Arabia?,"[{'answers': ['الرياضيات', 'رياضيات'], 'en_answers': ['mathematics'], 'count': 5}, {'answers': ['الفيزياء'], 'en_answers': ['physics'], 'count': 2}, {'answers': ['الحاسب'], 'en_answers': ['computer'], 'count': 1}, {'answers': ['الكيمياء'], 'en_answers': ['chemistry'], 'count': 1}]",0,0,0
Al-en-32,ما هو الطبق الرئيسي لعيد الشكر في المملكة العربية السعودية؟,What is the main dish for Thanksgiving in Saudi Arabia?,[],0,0,5
Al-en-33,ماذا يفعل الناس للاحتفال بعيد الهالوين في المملكة العربية السعودية؟,What do people do to celebrate Halloween in Saudi Arabia?,[],0,0,5
Al-en-34,كيف يحتفل الناس برأس السنة الجديدة في المملكة العربية السعودية؟,What do people do to celebrate New Year's Day in Saudi Arabia?,[],0,0,5
Al-en-35,ماذا يفعل الناس للاحتفال بعيد الميلاد في المملكة العربية السعودية؟,What do people do to celebrate Christmas in Saudi Arabia?,"[{'answers': ['احتفال', 'الاجتماع', 'الاغاني', 'تجمع الاهل'], 'en_answers': ['celebration', 'family gathering', 'meeting', 'songs'], 'count': 4}, {'answers': ['الهدايا', 'هدايا'], 'en_answers': ['gifts'], 'count': 2}, {'answers': ['الكيك'], 'en_answers': ['cake'], 'count': 1}, {'answers': ['التنزه'], 'en_answers': ['outing'], 'count': 1}]",0,0,0
Al-en-36,أي نوع من الطعام يرتبط بعيد الهالوين في المملكة العربية السعودية؟,What food is associated with Halloween in Saudi Arabia?,[],0,0,5
Al-en-37,ما هي الأطعمة المرتبطة بعيد الميلاد في المملكة العربية السعودية؟,What food is associated with Christmas in Saudi Arabia?,"[{'answers': ['القاتوه', 'الكيك', 'الكيكة', 'كيك'], 'en_answers': ['cake', 'gateau'], 'count': 5}, {'answers': ['الفطاير'], 'en_answers': ['pastries'], 'count': 1}]",0,0,0
Al-en-38,ما هو الطعام المرتبط بعيد الحب في المملكة العربية السعودية؟,What food is associated with Valentine's day in Saudi Arabia?,"[{'answers': ['الكيك'], 'en_answers': ['cake'], 'count': 1}]",0,0,4
Al-en-39,ماذا يأكل الناس في أعياد ميلادهم في المملكة العربية السعودية؟,What do people eat on their birthday in Saudi Arabia?,"[{'answers': ['الحلويات', 'الكيك', 'كيك'], 'en_answers': ['cake', 'desserts'], 'count': 5}, {'answers': ['الفطاير'], 'en_answers': ['pastries'], 'count': 2}]",0,0,0
Al-en-40,ما هو مكان أشهر مكان لخروج العائلات مع الأطفال الصغار في المملكة العربية السعودية؟,What is a popular outdoor place for families to have fun with little kids in Saudi Arabia?,"[{'answers': ['الحدائق', 'الحدائق العامة', 'الحديقة'], 'en_answers': ['parks', 'public parks'], 'count': 4}, {'answers': ['الملاهي'], 'en_answers': ['amusement park'], 'count': 3}, {'answers': ['المول', 'المولات'], 'en_answers': ['mall', 'malls'], 'count': 2}, {'answers': ['المطاعم'], 'en_answers': ['restaurants'], 'count': 1}, {'answers': ['البحر'], 'en_answers': ['beach'], 'count': 1}]",0,0,0
Al-en-43,ما هي الأنشطة العائلية المنزلية في المملكة العربية السعودية؟,What is a popular indoor activity for families in Saudi Arabia?,"[{'answers': ['السوني', 'العاب الكترونية', 'اللعب'], 'en_answers': ['playing games', 'playstation', 'video games'], 'count': 3}, {'answers': ['التلفاز', 'مشاهدة التلفزيون'], 'en_answers': ['watching tv'], 'count': 2}, {'answers': ['كيرم'], 'en_answers': ['carrom'], 'count': 1}, {'answers': ['تناول القهوة'], 'en_answers': ['drinking coffee'], 'count': 1}]",0,0,0
An-ar-02,أين يتناول طلبة الجامعة غداءهم في المملكة العربية السعودية؟,Where do university students have lunch in Saudi Arabia?,"[{'answers': ['الكافتيريا', 'كافاتيرا الجامعة', 'كافتيريا الجامعه', 'مقاهي الجامعة'], 'en_answers': ['cafeteria', 'university cafeteria', 'university cafés'], 'count': 4}, {'answers': ['المطاعم', 'المطاعم المحيطة بالجامعة', 'في المطاعم'], 'en_answers': ['at restaurants', 'restaurants', 'restaurants around the university'], 'count': 3}, {'answers': ['المنزل', 'في المنزل'], 'en_answers': ['at home', 'home'], 'count': 2}]",0,0,0
An-ar-03,في أي شهر يتم عادة جدولة الامتحانات النهائية في المدارس الثانوية في المملكة العربية السعودية؟ (أجب برقم من 1 إلى 12),Which month is the final exam term usually scheduled at secondary schools in Saudi Arabia? (Provide Arabic numerals (1~12) only.),"[{'answers': ['6'], 'en_answers': ['6'], 'count': 3}, {'answers': ['5'], 'en_answers': ['5'], 'count': 1}]",0,0,0
An-ar-08,ماهو عدد الساعات التي يقضيها طلاب الثانوية  في المدرسة في المملكة العربية السعودية؟ (استعمل الأرقام العربية الصحيحة (0~24)، بدون أي نقاط عشرية.),"How many hours a day do students in Saudi Arabia usually spend at secondary school? (Provide Arabic numerals in integers (0~24), without any decimal points.)","[{'answers': ['٧'], 'en_answers': ['7'], 'count': 1}, {'answers': ['٦'], 'en_answers': ['6'], 'count': 1}, {'answers': ['٨'], 'en_answers': ['8'], 'count': 1}, {'answers': ['٩'], 'en_answers': ['9'], 'count': 1}]",0,0,0
An-ar-09,ما هو عدد اللغات التي يدرسها طلاب المدارس الثانوية في المملكة العربية السعودية؟ (أجب برقم، مثلا 5.),"How many languages do students study at secondary school in Saudi Arabia? (Provide Arabic numerals (e.g., 5) only.)","[{'answers': ['٢'], 'en_answers': ['2'], 'count': 2}, {'answers': ['٣'], 'en_answers': ['3'], 'count': 2}]",0,0,0
An-ar-34,ما هي أشهر رياضة جماعية في المدارس السعودية؟,What is the most popular sport played in a team at school in Saudi Arabia?,"[{'answers': ['كرة القدم'], 'en_answers': ['football'], 'count': 5}, {'answers': ['السباحة'], 'en_answers': ['swimming'], 'count': 1}, {'answers': ['التنس'], 'en_answers': ['tennis'], 'count': 1}]",0,0,0
An-ar-35,من هو أشهر معلق رياضي في المملكة العربية السعودية؟,Who is the most popular sports commentator in Saudi Arabia?,"[{'answers': ['فهد العتيبي'], 'en_answers': ['Fahad Al-Otaibi'], 'count': 2}, {'answers': ['فارس عوض'], 'en_answers': ['Fares Awad'], 'count': 2}, {'answers': ['حماد العنزي'], 'en_answers': ['Hamad Al-Anazi'], 'count': 1}, {'answers': ['عبدالله الحربي'], 'en_answers': ['Abdullah Al-Harbi'], 'count': 1}, {'answers': ['خالد المديفر'], 'en_answers': ['Khalid Al-Mudaifer'], 'count': 1}, {'answers': ['عبدالله الغامدي'], 'en_answers': ['Abdullah Al-Ghamdi'], 'count': 1}]",0,0,0
An-ar-36,ما هو أشهر فريق رياضي في المملكة العربية السعودية؟,What is the most popular sports team in Saudi Arabia?,"[{'answers': ['الهلال'], 'en_answers': ['Hilal'], 'count': 5}, {'answers': ['النصر'], 'en_answers': ['Nasar'], 'count': 4}, {'answers': ['الاتحاد'], 'en_answers': ['Etihad'], 'count': 2}, {'answers': ['الاهلي'], 'en_answers': ['Ahli'], 'count': 1}]",0,0,0
An-ar-43,ما هي الأماكن أو الفضاءات الشائعة التي يتجمع فيها الأفراد في المملكة العربية السعودية لمشاهدة بث رياضي؟,What are the common places or venues where individuals in Saudi Arabia usually gather to watch sports broadcasts?,"[{'answers': ['الكافيهات', 'المقاهي'], 'en_answers': ['cafés', 'coffee shops'], 'count': 5}, {'answers': ['الأستراحة', 'الاستراحات'], 'en_answers': ['rest area', 'rest areas'], 'count': 3}, {'answers': ['المنزل'], 'en_answers': ['home'], 'count': 2}]",0,0,0
Ca-sp-05,ما هو عدد الوجبات التي يتناولها الناس يوميا في المملكة العربية السعودية عادة؟(استعمل الأرقام العربية مثل 5),"How many meals per day do people from Saudi Arabia usually have? (Provide Arabic numerals (e.g., 5) only.)","[{'answers': ['٣'], 'en_answers': ['3'], 'count': 2}, {'answers': ['٢'], 'en_answers': ['2'], 'count': 1}]",0,0,0
Ca-sp-06,ما هي أهم وجبة يومية بالنسبة للشعب السعودي؟,Which is the most important meal of the day to people from Saudi Arabia?,"[{'answers': ['الغداء', 'وجبة الغداء'], 'en_answers': ['lunch'], 'count': 4}, {'answers': ['الأفطار', 'الفطور'], 'en_answers': ['breakfast'], 'count': 2}, {'answers': ['العشاء', 'وجبة العشاء'], 'en_answers': ['dinner'], 'count': 2}]",0,0,0
Ca-sp-08,ما هو أكثر مكون شائع الاستخدام في النظام الغذائي السعودي؟,What is the most common ingredient used in Saudi Arabia's diet?,"[{'answers': ['الأرز', 'الرز'], 'en_answers': ['rice'], 'count': 4}, {'answers': ['اللحم', 'اللحوم', 'اللحوم الحمراء'], 'en_answers': ['meat', 'meats', 'red meat'], 'count': 3}, {'answers': ['الطماطم'], 'en_answers': ['tomato'], 'count': 2}, {'answers': ['الماكرونة'], 'en_answers': ['pasta'], 'count': 1}, {'answers': ['الدجاج'], 'en_answers': ['chicken'], 'count': 1}, {'answers': ['القمح'], 'en_answers': ['wheat'], 'count': 1}]",0,0,0
Ca-sp-09,ماذا يأكل الناس في المملكة العربية السعودية عادة للتحلية بعد الطعام؟,What do people from Saudi Arabia usually eat for dessert?,"[{'answers': ['فاكهة', 'فاكهه', 'فواكه'], 'en_answers': ['fruit', 'fruits'], 'count': 3}, {'answers': ['التمر'], 'en_answers': ['dates'], 'count': 2}, {'answers': ['الشوكلاتة'], 'en_answers': ['chocolate'], 'count': 1}, {'answers': ['الكيك'], 'en_answers': ['cake'], 'count': 1}]",0,0,0
Ca-sp-11,أي يوم من أيام الأسبوع ينظم الناس عادة وجبة عائلية في المملكة العربية السعودية؟,Which day of the week do people usually organize a family meal in Saudi Arabia?,"[{'answers': ['الجمعة', 'يوم الجمعة'], 'en_answers': ['Friday'], 'count': 5}, {'answers': ['الخميس'], 'en_answers': ['Thursday'], 'count': 2}]",0,0,0
Ca-sp-14,ما هو المشروب الساخن الأكثر شعبية في المملكة العربية السعودية؟,Which is the most popular hot drink in Saudi Arabia?,"[{'answers': ['الشاهي', 'الشاي'], 'en_answers': ['tea'], 'count': 4}, {'answers': ['القهوة', 'القهوة السعودية', 'القهوة المقطره'], 'en_answers': ['coffee', 'drip coffee', 'saudi coffee'], 'count': 4}]",0,0,0
Ca-sp-19,ماذا يشرب الشباب في المملكة العربية السعودية عادة في النادي الليلي؟,What do young people from Saudi Arabia usually drink at the night club?,[],0,0,4
Ca-sp-21,في أي شهر يأخذ الناس عادة عطلاتهم في المملكة العربية السعودية؟(استعمل الأرقام العربية مثل 1~12).,In which month do people usually take holidays in Saudi Arabia? (Provide Arabic numerals (1~12) only.),"[{'answers': ['٨'], 'en_answers': ['7'], 'count': 1}, {'answers': ['٧'], 'en_answers': ['8'], 'count': 1}, {'answers': ['١٢'], 'en_answers': ['12'], 'count': 1}]",0,0,0
Ca-sp-29,ما هي تقاليد ليلة رأس السنة في المملكة العربية السعودية؟,What tradition is there in Saudi Arabia for New Year's Eve?,[],0,0,5
Ca-sp-38,ما هو النوع النموذجي لمنازل العائلات في المملكة العربية السعودية؟,Which is the typical type of house for a family in Saudi Arabia?,"[{'answers': ['فيلا'], 'en_answers': ['villa'], 'count': 4}, {'answers': ['شقة'], 'en_answers': ['apartment'], 'count': 3}, {'answers': ['عمارة'], 'en_answers': ['building'], 'count': 2}]",0,0,0
Ca-sp-41,أين يعيش كبار السن العاجزين عادة في المملكة العربية السعودية؟,Where do the dependent elderly usually live in Saudi Arabia?,"[{'answers': ['الابن/الابنة الأكبر', 'الابناء', 'الاهل', 'في المنزل مع عائلاتهم', 'مع أبنائهم', 'منازل أبنائهم او ذويهم'], 'en_answers': ['at home with their families', 'eldest son/daughter', 'family', 'sons/daughters', 'their relatives’ homes', 'with their sons/daughters'], 'count': 5}, {'answers': ['دار رعاية المسنين'], 'en_answers': ['nursing home'], 'count': 1}]",0,0,0
Ca-sp-42,ماهي مدة إجازة الأمومة في المملكة العربية السعودية بالأسابيع؟ (استعمل الأرقام العربية مثل 7، 8.).,"How long (in weeks) is Saudi Arabia's maternity leave for mums? (Provide Arabic numerals (e.g., 20) only.)","[{'answers': ['١٠'], 'en_answers': ['10'], 'count': 1}, {'answers': ['٩'], 'en_answers': ['9'], 'count': 1}, {'answers': ['١١'], 'en_answers': ['11'], 'count': 1}, {'answers': ['١٢'], 'en_answers': ['12'], 'count': 1}]",0,0,0
Ca-sp-43,ما هي مدة إجازة الأبوة في المملكة العربية السعودية(بالأسابيع)؟ (استعمل الأرقام العربية مثل 7، 8.),"How long (in weeks) is Saudi Arabia's paternity leave for dads? (Provide Arabic numerals (e.g., 20) only.)","[{'answers': ['ثلاثة أيام فقط', '٣ أيام'], 'en_answers': ['three days', 'three days only'], 'count': 2}]",0,0,0
Ca-sp-45,ماهي الوجهة الشائعة لقضاء عطلة عائلية في المملكة العربية السعودية؟,What type of destination is commonly chosen for a family holiday in Saudi Arabia?,"[{'answers': ['ابها', 'داخليا أبها'], 'en_answers': ['Abha', 'Abha (domestic)'], 'count': 2}, {'answers': ['البحر'], 'en_answers': ['sea'], 'count': 2}, {'answers': ['جدة'], 'en_answers': ['Jeddah'], 'count': 1}, {'answers': ['الرياض'], 'en_answers': ['Riyadh'], 'count': 1}, {'answers': ['خارجيا تركيا'], 'en_answers': ['Turkey (abroad)'], 'count': 1}, {'answers': ['المزرعه'], 'en_answers': ['farm'], 'count': 1}]",0,0,0
Gu-ch-05,ما هي الرياضات المفضلة لكبار السن في المملكة العربية السعودية؟,What sports do seniors like the most in Saudi Arabia?,"[{'answers': ['المشي'], 'en_answers': ['walking'], 'count': 4}, {'answers': ['ركوب الدراجات'], 'en_answers': ['cycling'], 'count': 1}, {'answers': ['السباحة'], 'en_answers': ['swimming'], 'count': 1}]",0,0,0
Gu-ch-06,ما هي الرياضات المفضلة للرجال في المملكة العربية السعودية؟,What sports do men like to play the most in Saudi Arabia?,"[{'answers': ['كرة القدم'], 'en_answers': ['football'], 'count': 3}, {'answers': ['السباحة'], 'en_answers': ['swimming'], 'count': 2}, {'answers': ['الاثقال', 'رفع الاثقال'], 'en_answers': ['weightlifting', 'weights'], 'count': 2}, {'answers': ['كرة الطائرة'], 'en_answers': ['volleyball'], 'count': 1}]",0,0,0
Gu-ch-07,من هو أشهر لاعب كرة سلة في المملكة العربية السعودية؟,Who is the most famous basketball player in Saudi Arabia?,"[{'answers': ['محسن خلف'], 'en_answers': ['Mohsen Khalaf'], 'count': 4}, {'answers': ['عبدالمحسن المولد'], 'en_answers': ['Abdulmohsen Al-Muwallad'], 'count': 1}, {'answers': ['مصطفى الهوساوي'], 'en_answers': ['Mostafa Al-Hawsawi'], 'count': 1}]",1,0,0
Gu-ch-08,ما هو أشهر رياضة للأطفال في المملكة العربية السعودية؟,What is the most popular sports among children in Saudi Arabia?,"[{'answers': ['كرة القدم'], 'en_answers': ['Football'], 'count': 4}, {'answers': ['السباحة'], 'en_answers': ['Swimming'], 'count': 2}, {'answers': ['ركوب الدراجات'], 'en_answers': ['Cycling'], 'count': 1}]",0,0,0
Gu-ch-09,ما هي الرياضات المفضلة للنساء في المملكة العربية السعودية؟,What sports do women like to play the most in Saudi Arabia?,"[{'answers': ['السباحة'], 'en_answers': ['swimming'], 'count': 3}, {'answers': ['اليوغا'], 'en_answers': ['yoga'], 'count': 1}, {'answers': ['الجري', 'المشي'], 'en_answers': ['running'], 'count': 1}, {'answers': ['كرة السلة'], 'en_answers': ['basketball'], 'count': 1}, {'answers': ['كرة القدم'], 'en_answers': ['football'], 'count': 1}]",0,0,0
Gu-ch-11,هاهي الرياضة  التي فازت المملكة العربية السعودية فيها بأكبر عدد من الميداليات الذهبية في الأولمبياد؟,In which sports event at the olympics has Saudi Arabia won the most gold medals?,"[{'answers': ['فروسية'], 'en_answers': ['equestrian'], 'count': 1}, {'answers': ['كاراتييه'], 'en_answers': ['karate'], 'count': 1}, {'answers': ['الجري'], 'en_answers': ['running'], 'count': 1}]",0,3,0
Gu-ch-15,ما هي الرياضات التي يفضل ممارستها طلاب الجامعة الذكور في المملكة العربية السعودية؟,What sports do male students in university like to play the most in Saudi Arabia?,"[{'answers': ['كرة القدم'], 'en_answers': ['football'], 'count': 5}, {'answers': ['السباحة'], 'en_answers': ['swimming'], 'count': 1}, {'answers': ['كرة السلة'], 'en_answers': ['basketball'], 'count': 1}]",0,0,0
