ID,question,en_question,annotations,idks.not-applicable,idks.idk,idks.no-answer,"idks.Δεν μπορω να καταλαβω τον ορο ""ψυχαγωγικη εγκατασταση"" αλλα αν το εννοείται  γενικα, αθλητικες εγκαταστασεις",idks.δεν έχουμε,idks.Δεν γνωρίζω,"idks.Αναλογα με την ημερα του θανατου, ο ανθρωπος μπορει να κηδευτει απο την επομενη εως και 2-3 μερες επειτα (εαν πχ πεθανει παρασκευη-σαββατο)",idks.Δεν φοράμε κάτι παραδοσιακό στις γιορτές,idks.Δεν ξερω,idks.Δεν αντιλαμβάνομαι τον ορισμό του διαδικτυακού πόρου,idks.Τί είναι το Ειντ;
Al-en-01,Ποιο είναι ένα συνηθισμένο σνακ για παιδιά προσχολικής ηλικίας στην Ελλάδα;,What is a common snack for preschool kids in Greece?,"[{'answers': ['τοστ'], 'en_answers': ['toast'], 'count': 2}, {'answers': ['κουλούρι', 'Greek sesame bread rings'], 'en_answers': ['koulouri'], 'count': 1}, {'answers': ['φρούτο'], 'en_answers': ['fruit'], 'count': 1}, {'answers': ['μπισκότα'], 'en_answers': ['biscuits'], 'count': 1}, {'answers': ['σοκολάτα'], 'en_answers': ['chocolate'], 'count': 1}]",1,0,0,,,,,,,,
Al-en-02,Ποιο είναι ένα δημοφιλές φαγητό που συνοδεύει τη μπύρα στην Ελλάδα;,What is a popular food to go with beer in Greece?,"[{'answers': ['σουβλάκι'], 'en_answers': ['souvlaki'], 'count': 2}, {'answers': ['λουκάνικο'], 'en_answers': ['sausage'], 'count': 1}, {'answers': ['πατατάκια'], 'en_answers': ['potato chips'], 'count': 1}]",0,0,1,,,,,,,,
Al-en-04,Ποιο είναι το πιο δημοφιλές φρούτο στην Ελλάδα;,What is the most popular fruit in Greece?,"[{'answers': ['καρπούζι'], 'en_answers': ['watermelon'], 'count': 2}, {'answers': ['μήλο'], 'en_answers': ['apple'], 'count': 2}, {'answers': ['πεπόνι'], 'en_answers': ['melon'], 'count': 1}, {'answers': ['μανταρίνι'], 'en_answers': ['mandarin'], 'count': 1}, {'answers': ['πορτοκάλι'], 'en_answers': ['orange'], 'count': 1}, {'answers': ['μπανάνα'], 'en_answers': ['banana'], 'count': 1}]",0,0,0,,,,,,,,
Al-en-06,Ποιο είναι ένα συνηθισμένο φαγητό στα σχολεία στην Ελλάδα;,What is a common school cafeteria food in Greece?,"[{'answers': ['σάντουιτς'], 'en_answers': ['sandwich'], 'count': 2}, {'answers': ['τυρόπιτα'], 'en_answers': ['cheese pie'], 'count': 1}, {'answers': ['κρουασάν'], 'en_answers': ['croissant'], 'count': 1}, {'answers': ['κουλούρι'], 'en_answers': ['greek sesame bread rings'], 'count': 1}, {'answers': ['τοστ'], 'en_answers': ['toast'], 'count': 1}, {'answers': ['σφολιάτες'], 'en_answers': ['puff pastries'], 'count': 1}]",0,1,0,,,,,,,,
Al-en-08,Ποια είναι τα πιο συνηθισμένα σνακ που καταναλώνονται στα εμπορικά κέντρα στην Ελλάδα;,What are the most commonly eaten snacks at shopping malls in Greece?,"[{'answers': ['σουβλάκι'], 'en_answers': ['souvlaki'], 'count': 1}, {'answers': ['πίτσα'], 'en_answers': ['pizza'], 'count': 1}, {'answers': ['κρουασάν'], 'en_answers': ['croissant'], 'count': 1}, {'answers': ['ποπκόρν'], 'en_answers': ['popcorn'], 'count': 1}, {'answers': ['πατατάκια'], 'en_answers': ['potato chips'], 'count': 1}, {'answers': ['πατάτες'], 'en_answers': ['french fries'], 'count': 1}, {'answers': ['χάμπουργκερ', 'μπέργκερ'], 'en_answers': ['burger'], 'count': 1}, {'answers': ['κοτομπουκιές'], 'en_answers': ['chicken nuggets'], 'count': 1}]",0,1,0,,,,,,,,
Al-en-09,Ποιο είναι ένα δημοφιλές σνακ σε λούνα παρκ στην Ελλάδα;,What is a popular snack at an amusement park in Greece?,"[{'answers': ['μαλλί της γριάς'], 'en_answers': ['cotton candy'], 'count': 3}, {'answers': ['club sandwich'], 'en_answers': ['club sandwich'], 'count': 1}, {'answers': ['nachos'], 'en_answers': ['nachos'], 'count': 1}, {'answers': ['λουκουμάδες'], 'en_answers': ['donuts'], 'count': 1}, {'answers': ['ζαχαρωτά'], 'en_answers': ['sweets'], 'count': 1}, {'answers': ['χοτ ντογκ'], 'en_answers': ['hot dog'], 'count': 1}]",0,0,0,,,,,,,,
Al-en-16,"Σε ποια ηλικία αρχίζουν τα παιδιά το νηπιαγωγείο στην Ελλάδα; (Χρησιμοποιείστε μόνο αραβικούς αριθμούς (π.χ., 4).)","At what age do kids start preschool in Greece? (Provide Arabic numerals (e.g., 12) only.)","[{'answers': ['4'], 'en_answers': ['4'], 'count': 4}, {'answers': ['5'], 'en_answers': ['5'], 'count': 1}]",0,0,0,,,,,,,,
Al-en-17,Ποιο είναι ένα δημοφιλές απογευματινό άθλημα για τα δημοτικά σχολεία στην Ελλάδα;,What is a popular afterschool sport for elementary schools in Greece?,"[{'answers': ['ποδόσφαιρο'], 'en_answers': ['soccer', 'football'], 'count': 4}, {'answers': ['μπάσκετ'], 'en_answers': ['basketball'], 'count': 3}, {'answers': ['βόλεϊ'], 'en_answers': ['volleyball'], 'count': 1}]",0,0,1,,,,,,,,
Al-en-18,Για ποιο μάθημα παίρνουν ιδιαίτερα μαθήματα οι μαθητές δημοτικού στην Ελλάδα;,For which subject do elementary students get private education in Greece?,"[{'answers': ['μαθηματικά'], 'en_answers': ['mathematics'], 'count': 4}, {'answers': ['Ελληνική Γλώσσα', 'Νεοελληνική Γλώσσα', 'γλώσσα', 'Έκθεση'], 'en_answers': ['greek language'], 'count': 1}]",0,0,0,,,,,,,,
Al-en-19,Ποια είναι μια δημοφιλής δεύτερη γλώσσα για τους μαθητές λυκείου στην Ελλάδα;,What is a popular second language for high school students in Greece?,"[{'answers': ['αγγλικά'], 'en_answers': ['english'], 'count': 5}, {'answers': ['γαλλικά'], 'en_answers': ['french'], 'count': 4}, {'answers': ['γερμανικά'], 'en_answers': ['german'], 'count': 2}]",0,0,0,,,,,,,,
Al-en-21,Ποιο μάθημα είναι το πιο σημαντικό για την εκπαίδευση των προικισμένων παιδιών στην Ελλάδα;,Which subject is the most important for gifted education in Greece?,"[{'answers': ['μαθηματικά'], 'en_answers': ['mathematics'], 'count': 5}, {'answers': ['ελληνική γλώσσα'], 'en_answers': ['greek language'], 'count': 1}, {'answers': ['φυσική'], 'en_answers': ['physics'], 'count': 1}, {'answers': ['τεχνολογία'], 'en_answers': ['technology'], 'count': 1}]",0,0,0,,,,,,,,
Al-en-32,Ποιο είναι το κυρίως πιάτο για την Ημέρα των Ευχαριστιών στην Ελλάδα;,What is the main dish for Thanksgiving in Greece?,[],5,0,0,,,,,,,,
Al-en-33,Τι κάνουν οι άνθρωποι για να γιορτάσουν το Halloween στην Ελλάδα;,What do people do to celebrate Halloween in Greece?,"[{'answers': ['ντύνονται σαν τα καρναβάλια.'], 'en_answers': ['they dress like carnival figures.'], 'count': 1}, {'answers': ['τιποτα'], 'en_answers': ['nothing'], 'count': 1}]",3,0,0,,,,,,,,
Al-en-34,Τι κάνουν οι άνθρωποι για να γιορτάσουν την Πρωτοχρονιά στην Ελλάδα;,What do people do to celebrate New Year's Day in Greece?,"[{'answers': ['κόβουν βασιλόπιτα.', 'βασιλόπιτα'], 'en_answers': ['cutting vasilopita.', 'vasilopita'], 'count': 2}, {'answers': ['οικογενειακό γεύμα', 'τραπέζι'], 'en_answers': ['family meal', 'dinner'], 'count': 2}, {'answers': ['μπουζούκια', 'nightclub with live greek music'], 'en_answers': ['bouzoukia'], 'count': 1}, {'answers': ['κλάμπινγκ'], 'en_answers': ['clubbing'], 'count': 1}, {'answers': ['ρεβεγιόν'], 'en_answers': [""new year's eve party""], 'count': 1}, {'answers': ['νυχτερινή έξοδος'], 'en_answers': ['night out'], 'count': 1}]",0,0,0,,,,,,,,
Al-en-35,Τι κάνουν οι άνθρωποι για να γιορτάσουν τα Χριστούγεννα στην Ελλάδα;,What do people do to celebrate Christmas in Greece?,"[{'answers': ['οικογενειακό τραπέζι', 'τραπέζι με την οικογένεια'], 'en_answers': ['meal with the family'], 'count': 3}, {'answers': ['ταξιδεύουν στο εξωτερικό'], 'en_answers': ['travel abroad'], 'count': 1}, {'answers': ['βραδινό γεύμα', 'δείπνο'], 'en_answers': ['dinner'], 'count': 1}, {'answers': ['εκδηλώσεις'], 'en_answers': ['events'], 'count': 1}, {'answers': ['μουσικά φεστιβάλ'], 'en_answers': ['music festivals'], 'count': 1}, {'answers': ['περνούν χρόνο με την οικογένειά τους ή τους φίλους τους'], 'en_answers': ['spend time with their family or their friends'], 'count': 1}]",0,0,0,,,,,,,,
Al-en-36,Ποιο φαγητό συνδέεται με το Halloween στην Ελλάδα;,What food is associated with Halloween in Greece?,"[{'answers': ['κανένα'], 'en_answers': ['none'], 'count': 1}]",4,0,0,,,,,,,,
Al-en-37,Ποιο φαγητό συνδέεται με τα Χριστούγεννα στην Ελλάδα;,What food is associated with Christmas in Greece?,"[{'answers': ['μελομακάρονα'], 'en_answers': ['melomakarona'], 'count': 3}, {'answers': ['κουραμπιέδες'], 'en_answers': ['kourabiedes'], 'count': 3}, {'answers': ['γαλοπούλα'], 'en_answers': ['turkey'], 'count': 2}, {'answers': ['γεμιστό κοτόπουλο'], 'en_answers': ['stuffed chicken'], 'count': 1}, {'answers': ['χοιρινό'], 'en_answers': ['pork'], 'count': 1}, {'answers': ['πατάτες φούρνου'], 'en_answers': ['oven potatoes'], 'count': 1}, {'answers': ['κοτόπουλο'], 'en_answers': ['chicken'], 'count': 1}]",0,1,0,,,,,,,,
Al-en-38,Τι φαγητό συνδέεται με την ημέρα του Αγίου Βαλεντίνου στην Ελλάδα;,What food is associated with Valentine's day in Greece?,"[{'answers': ['σοκολάτα'], 'en_answers': ['chocolate'], 'count': 3}, {'answers': ['ζυμαρικά'], 'en_answers': ['pasta'], 'count': 1}]",1,0,0,,,,,,,,
Al-en-39,Τι τρώνε οι άνθρωποι στα γενέθλιά τους στην Ελλάδα;,What do people eat on their birthday in Greece?,"[{'answers': ['τούρτα'], 'en_answers': ['cake'], 'count': 5}]",0,0,0,,,,,,,,
Al-en-40,Ποιο είναι ένα δημοφιλές υπαίθριο μέρος για τις οικογένειες να διασκεδάζουν με μικρά παιδιά στην Ελλάδα;,What is a popular outdoor place for families to have fun with little kids in Greece?,"[{'answers': ['παιδικές χαρές', 'παιδική χαρά'], 'en_answers': ['playgrounds', 'playground'], 'count': 3}, {'answers': ['εθνικός κήπος'], 'en_answers': ['national garden'], 'count': 1}, {'answers': ['πάρκο'], 'en_answers': ['park'], 'count': 1}, {'answers': ['Πάρκο Σταύρος Νιάρχος', 'πάρκο νιάρχου'], 'en_answers': ['niarchos park'], 'count': 1}]",0,0,0,,,,,,,,
Al-en-43,Ποια είναι μια  δημοφιλής δραστηριότητα εσωτερικού χώρου για οικογένειες στην Ελλάδα;,What is a popular indoor activity for families in Greece?,"[{'answers': ['επιτραπέζια παιχνίδια'], 'en_answers': ['board games'], 'count': 3}, {'answers': ['τάβλι'], 'en_answers': ['backgammon'], 'count': 2}, {'answers': ['ταινίες'], 'en_answers': ['movies'], 'count': 1}, {'answers': ['χαρτιά'], 'en_answers': ['card games'], 'count': 1}]",1,0,0,,,,,,,,
An-ar-02,Πού τρώνε μεσημεριανό οι φοιτητές του πανεπιστημίου στην Ελλάδα;,Where do university students have lunch in Greece?,"[{'answers': ['λέσχη', 'στο εστιατόριο της σχολής'], 'en_answers': [""school's restaurant"", ""at the school's restaurant""], 'count': 4}, {'answers': ['σπίτι'], 'en_answers': ['house'], 'count': 2}, {'answers': ['καντίνα'], 'en_answers': ['canteen'], 'count': 1}]",0,0,1,,,,,,,,
An-ar-03,Σε ποιον μήνα συνήθως προγραμματίζονται οι τελικές εξετάσεις στα λύκεια στην Ελλάδα; (Χρησιμοποιείστε μόνο αραβικούς αριθμούς (1~12).),Which month is the final exam term usually scheduled at high schools in Greece? (Provide Arabic numerals (1~12) only.),"[{'answers': ['6'], 'en_answers': ['6'], 'count': 5}, {'answers': ['5'], 'en_answers': ['5'], 'count': 1}]",0,0,0,,,,,,,,
An-ar-08,"Πόσες ώρες την ημέρα συνήθως περνούν οι μαθητές στο λύκειο στην Ελλάδα; (Χρησιμοποιείστε ακέραιους αραβικούς αριθμούς (0~24), χωρίς δεκαδικά ψηφία.)","How many hours a day do students in Greece usually spend at high school? (Provide Arabic numerals in integers (0~24), without any decimal points.)","[{'answers': ['6'], 'en_answers': ['6'], 'count': 4}, {'answers': ['7'], 'en_answers': ['7'], 'count': 1}]",0,0,0,,,,,,,,
An-ar-09,"Πόσες γλώσσες μελετούν οι μαθητές στο λύκειο στην Ελλάδα; (Χρησιμοποιείστε μόνο αραβικούς αριθμούς (π.χ., 5).)","How many languages do students study at high school in Greece? (Provide Arabic numerals (e.g., 5) only.)","[{'answers': ['3'], 'en_answers': ['3'], 'count': 3}, {'answers': ['2'], 'en_answers': ['2'], 'count': 3}, {'answers': ['1'], 'en_answers': ['1'], 'count': 1}]",0,0,0,,,,,,,,
An-ar-34,Ποιο είναι το πιο δημοφιλές ομαδικό άθλημα που παίζεται στα σχολεία στην Ελλάδα;,What is the most popular sport played in a team at school in Greece?,"[{'answers': ['ποδόσφαιρο'], 'en_answers': ['soccer', 'football'], 'count': 4}, {'answers': ['βόλεϊ'], 'en_answers': ['volleyball'], 'count': 2}, {'answers': ['μπάσκετ'], 'en_answers': ['basketball'], 'count': 1}]",0,0,0,,,,,,,,
An-ar-35,Ποιος είναι ο πιο δημοφιλής αθλητικός σχολιαστής στην Ελλάδα;,Who is the most popular sport commentator in Greece?,"[{'answers': ['γιώργος θαναηλάκης', 'σωτηρακόπουλος'], 'en_answers': ['george thanailakis', 'sotirakopoulos'], 'count': 3}, {'answers': ['κώστας ραπτόπουλος'], 'en_answers': ['kostas raptopoulos'], 'count': 1}, {'answers': ['διακογιάννης γιαννής'], 'en_answers': ['diakogiannis giannis'], 'count': 1}]",0,1,0,,,,,,,,
An-ar-36,Ποια είναι η πιο δημοφιλής αθλητική ομάδα στην Ελλάδα;,What is the most popular sport team in Greece?,"[{'answers': ['Ολυμπιακός'], 'en_answers': ['olympiacos'], 'count': 4}, {'answers': ['ΑΕΚ'], 'en_answers': ['aek'], 'count': 2}, {'answers': ['Παναθηναικός'], 'en_answers': ['panathinaikos'], 'count': 2}, {'answers': ['ΠΑΟΚ'], 'en_answers': ['paok'], 'count': 1}]",0,0,0,,,,,,,,
An-ar-43,Ποια είναι τα συνηθισμένα μέρη ή χώροι όπου τα άτομα στην Ελλάδα συνήθως συγκεντρώνονται για να παρακολουθήσουν αθλητικές μεταδόσεις;,What are the common places or venues where individuals in Greece usually gather to watch sports broadcasts?,"[{'answers': ['καφενείο', 'καφετέριες'], 'en_answers': ['cafes'], 'count': 4}, {'answers': ['σπίτια'], 'en_answers': ['houses'], 'count': 1}, {'answers': ['Αλεξάνδρειο Μέλαθρο', 'Αλεξάνδρειο', 'Παλέ ντε Σπορ', 'Nick Galis Hall'], 'en_answers': ['nick galis hall'], 'count': 1}, {'answers': ['Γήπεδο Τούμπας'], 'en_answers': ['toumba stadium'], 'count': 1}, {'answers': ['ολυμπιακό αθλητικό κέντρο αθηνών', 'ΟΑΚΑ'], 'en_answers': ['olympic athletic center of athens'], 'count': 1}]",0,0,0,,,,,,,,
Ca-sp-05,"Πόσα γεύματα την ημέρα συνήθως έχουν οι άνθρωποι από την Ελλάδα; (Χρησιμοποιείστε μόνο αραβικούς αριθμούς, π.χ., 5.)","How many meals per day do people from Greece usually have? (Provide Arabic numerals (e.g., 5) only.)","[{'answers': ['3'], 'en_answers': ['3'], 'count': 4}, {'answers': ['2'], 'en_answers': ['2'], 'count': 2}, {'answers': ['5'], 'en_answers': ['5'], 'count': 1}]",0,0,0,,,,,,,,
Ca-sp-06,Ποιο είναι το πιο σημαντικό γεύμα της ημέρας για τους Έλληνες;,Which is the most important meal of the day to people from Greece?,"[{'answers': ['μεσημεριανό'], 'en_answers': ['lunch'], 'count': 5}, {'answers': ['πρωινό'], 'en_answers': ['breakfast'], 'count': 1}]",0,0,0,,,,,,,,
Ca-sp-08,Ποιο είναι το πιο συνηθισμένο συστατικό που χρησιμοποιείται στη διατροφή της Ελλάδας;,What is the most common ingredient used in Greece's diet?,"[{'answers': ['ελαιόλαδο', 'λάδι'], 'en_answers': ['olive oil'], 'count': 5}, {'answers': ['Τυρί φέτα', 'φέτα'], 'en_answers': ['feta'], 'count': 1}]",0,0,0,,,,,,,,
Ca-sp-09,Τι συνήθως τρώνε οι άνθρωποι από την Ελλάδα για επιδόρπιο;,What do people from Greece usually eat for dessert?,"[{'answers': ['σοκολάτα'], 'en_answers': ['chocolate'], 'count': 2}, {'answers': ['γλυκό του κουταλιού'], 'en_answers': ['spoon sweets'], 'count': 1}, {'answers': ['φρούτο'], 'en_answers': ['fruit'], 'count': 1}, {'answers': ['πάστες'], 'en_answers': ['pastries'], 'count': 1}, {'answers': ['γαλακτομπούρεκο'], 'en_answers': ['galaktoboureko'], 'count': 1}, {'answers': ['μπακλαβά'], 'en_answers': ['baklava'], 'count': 1}, {'answers': ['κέικ'], 'en_answers': ['cake'], 'count': 1}]",0,1,0,,,,,,,,
Ca-sp-11,Ποια μέρα της εβδομάδας συνήθως οργανώνουν οι άνθρωποι ένα οικογενειακό γεύμα στην Ελλάδα;,Which day of the week do people usually organize a family meal in Greece?,"[{'answers': ['Κυριακή'], 'en_answers': ['sunday'], 'count': 5}, {'answers': ['Σάββατο'], 'en_answers': ['saturday'], 'count': 2}]",0,0,0,,,,,,,,
Ca-sp-14,Ποιο είναι το πιο δημοφιλές ζεστό ποτό στην Ελλάδα;,Which is the most popular hot drink in Greece?,"[{'answers': ['καφές'], 'en_answers': ['coffee'], 'count': 2}, {'answers': ['ρακόμελο'], 'en_answers': ['rakomelo'], 'count': 2}, {'answers': ['ζεστό κρασί'], 'en_answers': ['hot wine'], 'count': 1}]",0,0,0,,,,,,,,
Ca-sp-19,Τι συνήθως πίνουν οι νέοι από την Ελλάδα στα νυχτερινά κέντρα;,What do young people from Greece usually drink at the night club?,"[{'answers': ['βότκα', 'βοτκα'], 'en_answers': ['vodka'], 'count': 3}, {'answers': ['τζιν'], 'en_answers': ['gin'], 'count': 2}, {'answers': ['μπύρα', 'μπύρες'], 'en_answers': ['beer', 'beers'], 'count': 2}, {'answers': ['αλκοολούχα ποτά', 'ποτά'], 'en_answers': ['alcoholic beverages', 'drinks'], 'count': 2}, {'answers': ['ουίσκι'], 'en_answers': ['whiskey'], 'count': 1}, {'answers': ['κοκτέιλ'], 'en_answers': ['cocktail'], 'count': 1}, {'answers': ['ρούμι'], 'en_answers': ['rum'], 'count': 1}, {'answers': ['κρασιά'], 'en_answers': ['wines'], 'count': 1}]",0,1,0,,,,,,,,
Ca-sp-21,Σε ποιον μήνα συνήθως οι άνθρωποι παίρνουν διακοπές στην Ελλάδα; (Χρησιμοποιείστε μόνο αραβικούς αριθμούς (1~12).),At which month do people usually take holidays in Greece? (Provide Arabic numerals (1~12) only.),"[{'answers': ['8'], 'en_answers': ['8'], 'count': 5}, {'answers': ['12'], 'en_answers': ['12'], 'count': 2}]",0,0,0,,,,,,,,
Ca-sp-29,Ποια είναι η παράδοση στην Ελλάδα για την Πρωτοχρονιά;,What tradition is there in Greece for New Year's Eve?,"[{'answers': ['οικογενειακό τραπέζι', 'οικογενειακή μάζωξη με φαγητό'], 'en_answers': ['family meal', 'family gathering with food'], 'count': 2}, {'answers': ['βασιλόπιτα', 'κοπή της βασιλόπιτας'], 'en_answers': ['vasilopita', 'cutting of the vasilopita'], 'count': 2}, {'answers': ['είναι εθνική αργία'], 'en_answers': ['is a national holiday'], 'count': 1}]",0,0,0,,,,,,,,
Ca-sp-38,Ποιος είναι ο τυπικός τύπος σπιτιού για μια οικογένεια στην Ελλάδα;,Which is the typical type of house for a family in Greece?,"[{'answers': ['διαμέρισμα σε πολυκατοικία', 'διαμέρισμα', 'μεσαίο διαμέρισμα'], 'en_answers': ['apartment in an apartment building', 'apartment', 'medium apartment'], 'count': 4}]",0,0,1,,,,,,,,
Ca-sp-41,Πού συνήθως ζουν οι εξαρτώμενοι ηλικιωμένοι στην Ελλάδα;,Where do the dependent elderly usually live in Greece?,"[{'answers': ['οίκοι ευγηρίας', 'οίκους ευγηρίας', 'γηροκομείο'], 'en_answers': ['houses of prosperity', 'nursing homes', 'nursing home'], 'count': 4}, {'answers': ['με σύνταξη'], 'en_answers': ['with pension'], 'count': 1}, {'answers': ['σπίτι με κάποιον να τους φροντίζει'], 'en_answers': ['home with someone to take care of them'], 'count': 1}]",0,0,0,,,,,,,,
Ca-sp-42,"Πόσο διαρκεί (σε εβδομάδες) η άδεια μητρότητας στην Ελλάδα για τις μητέρες; (Χρησιμοποιείστε μόνο αραβικούς αριθμούς (π.χ., 20).)","How long (in weeks) is Greece's maternity leave for mums? (Provide Arabic numerals (e.g., 20) only.)","[{'answers': ['14'], 'en_answers': ['14'], 'count': 2}, {'answers': ['52'], 'en_answers': ['52'], 'count': 1}, {'answers': ['17'], 'en_answers': ['17'], 'count': 1}, {'answers': ['8'], 'en_answers': ['8'], 'count': 1}]",0,3,0,,,,,,,,
Ca-sp-43,"Πόσο διαρκεί (σε εβδομάδες) η άδεια πατρότητας στην Ελλάδα για τους μπαμπάδες; (Χρησιμοποιείστε μόνο αραβικούς αριθμούς (π.χ., 20).)","How long (in weeks) is Greece's paternity leave for dads? (Provide Arabic numerals (e.g., 20) only.)","[{'answers': ['2'], 'en_answers': ['2'], 'count': 2}, {'answers': ['1'], 'en_answers': ['1'], 'count': 1}, {'answers': ['3'], 'en_answers': ['3'], 'count': 1}, {'answers': ['36'], 'en_answers': ['36'], 'count': 1}]",0,2,0,,,,,,,,
Ca-sp-45,Ποιο είδος προορισμού επιλέγεται συνήθως για οικογενειακές διακοπές στην Ελλάδα;,What type of destination is commonly chosen for a family vacation in Greece?,"[{'answers': ['νησί', 'νησιά'], 'en_answers': ['island', 'islands'], 'count': 2}, {'answers': ['ηπειρωτικά χωριά'], 'en_answers': ['continental villages'], 'count': 1}]",0,0,3,,,,,,,,
Gu-ch-05,Ποια αθλήματα προτιμούν περισσότερο οι ηλικιωμένοι στην Ελλάδα;,What sports do seniors like the most in Greece?,"[{'answers': ['ποδόσφαιρο'], 'en_answers': ['soccer', 'football'], 'count': 3}, {'answers': ['περπάτημα'], 'en_answers': ['walking'], 'count': 2}, {'answers': ['κολύμπι'], 'en_answers': ['swimming'], 'count': 1}, {'answers': ['μπάσκετ'], 'en_answers': ['basketball'], 'count': 1}, {'answers': ['στίβος'], 'en_answers': ['track and field'], 'count': 1}]",0,0,0,,,,,,,,
Gu-ch-06,Ποια αθλήματα προτιμούν περισσότερο οι άνδρες να παίζουν στην Ελλάδα;,What sports do men like to play the most in Greece?,"[{'answers': ['ποδόσφαιρο'], 'en_answers': ['soccer', 'football'], 'count': 5}, {'answers': ['μπάσκετ'], 'en_answers': ['basketball'], 'count': 2}]",0,0,0,,,,,,,,
Gu-ch-07,Ποιος είναι ο πιο διάσημος μπασκετμπολίστας στην Ελλάδα;,Who is the most famous basketball player in Greece?,"[{'answers': ['Αντετοκούνμπο', 'Γιάννης Αντετοκούνμπο'], 'en_answers': ['antetokounmpo', 'giannis antetokounmpo'], 'count': 3}, {'answers': ['Σπανούλης'], 'en_answers': ['spanoulis'], 'count': 1}, {'answers': ['Φασούλας'], 'en_answers': ['fasoulas'], 'count': 1}, {'answers': ['Γκάλης'], 'en_answers': ['galis'], 'count': 1}]",0,0,0,,,,,,,,
Gu-ch-08,Ποιο είναι το πιο δημοφιλές άθλημα μεταξύ των παιδιών στην Ελλάδα;,What is the most popular sports among children in Greece?,"[{'answers': ['ποδόσφαιρο'], 'en_answers': ['soccer', 'football'], 'count': 5}, {'answers': ['μπάσκετ'], 'en_answers': ['basketball'], 'count': 4}, {'answers': ['στίβος'], 'en_answers': ['track and field'], 'count': 2}]",0,0,0,,,,,,,,
Gu-ch-09,Ποια αθλήματα προτιμούν περισσότερο οι γυναίκες να παίζουν στην Ελλάδα;,What sports do women like to play the most in Greece?,"[{'answers': ['βόλεϊ'], 'en_answers': ['volleyball'], 'count': 4}, {'answers': ['μπάσκετ'], 'en_answers': ['basketball'], 'count': 1}, {'answers': ['στίβος'], 'en_answers': ['track and field'], 'count': 1}]",1,0,0,,,,,,,,
Gu-ch-11,Σε ποιο αθλητικό γεγονός έχει κερδίσει η Ελλάδα τα περισσότερα χρυσά μετάλλια στους Ολυμπιακούς Αγώνες;,What sports event has Greece won the most gold medals at the Olympics?,"[{'answers': ['άρση βαρών'], 'en_answers': ['weightlifting'], 'count': 1}, {'answers': ['στίβο'], 'en_answers': ['track and field'], 'count': 1}, {'answers': ['κρίκους'], 'en_answers': ['rings'], 'count': 1}, {'answers': ['πόλο', 'υδατοσφαίριση'], 'en_answers': ['water polo'], 'count': 1}, {'answers': ['υγρός στίβος'], 'en_answers': ['wet track'], 'count': 1}]",0,1,0,,,,,,,,
Gu-ch-15,Ποια αθλήματα προτιμούν να παίζουν περισσότερο οι άνδρες φοιτητές στα πανεπιστήμια στην Ελλάδα;,What sports do male students in university like to play the most in Greece?,"[{'answers': ['ποδόσφαιρο'], 'en_answers': ['soccer', 'football'], 'count': 3}, {'answers': ['μπάσκετ'], 'en_answers': ['basketball'], 'count': 3}, {'answers': ['στίβος'], 'en_answers': ['track and field'], 'count': 1}]",0,0,0,,,,,,,,
