food_group,food_number,index_number,food_name_ja,WATER,FATNLEA,FAT-,FACID,FASAT,FAMS,FAPU,FAPUN3,FAPUN6,F4D0,F6D0,F7D0,F8D0,F10D0,F12D0,F13D0,F14D0,F15D0,F15D0AI,F16D0,F16D0I,F17D0,F17D0AI,F18D0,F20D0,F22D0,F24D0,F10D1,F14D1,F15D1,F16D1,F17D1,F18D1,F18D1CN9,F18D1CN7,F20D1,F22D1,F24D1,F16D2,F16D3,F16D4,F18D2N6,F18D3N3,F18D3N6,F18D4N3,F20D2N6,F20D3N3,F20D3N6,F20D4N3,F20D4N6,F20D5N3,F21D5N3,F22D2,F22D4N6,F22D5N3,F22D5N6,F22D6N3,FAUN,remarks_ja
1,1001,0001,アマランサス 玄穀,13.5,5.0,6.0,4.75,1.18,1.48,2.10,0.04,2.06,-,-,-,-,0,0,-,9,3,-,940,-,5,-,150,36,16,15,0,0,0,7,3,1500,-,-,12,2,0,0,0,0,2000,36,14,0,0,-,0,0,0,0,0,0,0,0,0,0,-,
1,1002,0002,あわ 精白粒,13.3,4.1,4.4,3.94,0.67,0.52,2.75,0.12,2.63,-,-,-,-,0,0,-,2,4,-,410,-,5,-,160,51,25,10,0,0,0,3,0,500,480,18,19,0,0,0,0,0,2600,120,0,0,3,-,4,0,0,0,0,0,0,0,0,0,-,うるち、もちを含む 歩留り： 70～80 %
1,1003,0003,あわ あわもち,48.0,(1.2),1.3,(1.14),(0.22),(0.19),(0.73),(0.03),(0.70),-,-,-,-,(0),(0),-,(3),(1),-,(150),-,(1),-,(42),(13),(6),(4),(0),(0),(0),(1),(0),(180),-,-,(5),(Tr),(0),(0),(0),(0),(700),(31),(0),(0),(1),(0),(1),(0),(0),(0),(0),(0),(0),(0),(0),(0),-,原材料配合割合： もちあわ50、もち米50 原材料配合割合から推計
1,1004,0004,えんばく オートミール,10.0,(5.1),5.7,(4.90),(1.01),(1.80),(2.09),(0.09),(2.00),-,-,-,-,-,(20),-,(12),-,-,(850),-,-,-,(54),-,-,-,-,-,-,(11),-,(1800),-,-,-,-,-,-,-,-,(2000),(92),-,-,-,-,-,-,-,-,-,-,-,-,-,-,-,別名： オート、オーツ 米国成分表から推計
1,1005,0005,おおむぎ 七分つき押麦,14.0,1.8,2.1,1.69,0.58,0.20,0.91,0.05,0.86,-,-,-,-,0,1,-,8,1,-,530,-,2,-,25,2,7,1,-,0,-,1,0,170,-,-,10,17,0,-,-,-,860,54,-,-,Tr,-,-,-,-,-,-,-,-,-,-,-,4,歩留り： 玄皮麦60～65 %、玄裸麦65～70 %
1,1006,0006,おおむぎ 押麦 乾,12.7,1.2,1.5,1.18,0.43,0.13,0.62,0.03,0.59,-,-,-,-,0,Tr,-,6,1,-,390,-,1,-,22,2,2,3,0,0,0,1,0,110,99,7,6,11,2,0,0,0,590,33,0,0,1,-,0,0,0,0,0,0,0,0,0,0,54,歩留り： 玄皮麦45～55 %、玄裸麦55～65 %
1,1170,0007,おおむぎ 押麦 めし,68.6,0.4,0.5,0.38,0.14,0.04,0.20,0.01,0.19,-,-,-,-,0,0,-,2,Tr,-,130,-,Tr,-,8,1,1,1,0,0,0,Tr,0,33,31,2,2,4,Tr,0,0,0,190,10,0,0,Tr,-,0,0,0,0,0,0,0,0,0,0,18,乾35 g相当量を含む
1,1007,0008,おおむぎ 米粒麦,14.0,(1.8),2.1,(1.69),(0.58),(0.20),(0.91),(0.05),(0.86),-,-,-,-,(0),(1),-,(8),(1),-,(530),-,(2),-,(25),(2),(7),(1),-,(0),-,(1),(0),(170),-,-,(10),(17),(0),-,-,-,(860),(54),-,-,(Tr),(0),-,-,-,-,-,-,-,-,-,-,(4),別名： 切断麦 白麦を含む 歩留り： 玄皮麦40～50 %、玄裸麦50～60 % 01005七分つき押麦から推計
1,1008,0009,おおむぎ 大麦めん 乾,14.0,(1.4),1.7,(1.35),(0.43),(0.15),(0.78),(0.04),(0.74),(0),(0),(0),(0),(0),(Tr),(0),(4),(1),(0),(400),(0),(2),(0),(20),(2),(1),(1),(0),(0),(0),(1),(Tr),(130),(51),(4),(6),(6),(1),(0),(0),(0),(740),(41),(0),(0),(1),(0),(0),(0),(0),(0),(0),(0),(0),(0),(0),(0),(28),原材料配合割合： 大麦粉 50、小麦粉 50 01006押麦及び01019中力粉2等から推計
1,1009,0010,おおむぎ 大麦めん ゆで,70.0,(0.5),0.6,(0.48),(0.15),(0.05),(0.27),(0.01),(0.26),(0),(0),(0),(0),(0),(0),(0),(2),(1),(0),(140),(0),(1),(0),(7),(1),(Tr),(1),(0),(0),(0),(Tr),(0),(47),(18),(1),(2),(2),(Tr),(0),(0),(0),(260),(14),(0),(0),(Tr),(0),(0),(0),(0),(0),(0),(0),(0),(0),(0),(0),(10),原材料配合割合： 大麦粉 50、小麦粉 50 01006押麦及び01019中力粉2等から推計
1,1010,0011,おおむぎ 麦こがし,3.5,(4.2),5.0,(4.03),(1.39),(0.47),(2.17),(0.13),(2.04),-,-,-,-,(0),(1),-,(18),(3),-,(1300),-,(5),-,(59),(6),(18),(4),-,(0),-,(1),(Tr),(410),-,-,(24),(41),(0),-,-,-,(2000),(130),-,-,(1),(0),-,-,-,-,-,-,-,-,-,-,(10),別名： こうせん、はったい粉 01005七分つき押麦から推計
1,1167,0012,キヌア 玄穀,12.2,2.7,3.2,2.63,0.33,0.77,1.52,0.19,1.34,-,-,-,-,0,0,-,4,2,-,270,-,2,-,17,12,19,8,0,0,0,2,1,690,670,23,39,39,4,0,0,0,1300,190,0,0,3,-,1,0,0,0,0,0,0,0,0,0,47,
1,1011,0013,きび 精白粒,13.8,2.9,3.3,2.77,0.44,0.56,1.78,0.04,1.74,-,-,-,-,0,0,-,1,1,-,350,-,2,-,48,16,12,9,0,0,0,4,0,540,510,25,17,1,0,0,0,0,1700,39,0,0,2,-,1,0,0,0,0,0,0,0,0,0,-,うるち、もちを含む 歩留り： 70～80 %
1,1012,0014,こむぎ ［玄穀］ 国産 普通,12.5,2.5,3.1,2.42,0.55,0.35,1.52,0.10,1.42,-,-,-,-,Tr,Tr,-,5,3,-,510,-,4,-,27,3,0,0,0,0,0,1,0,330,-,-,15,0,0,0,0,0,1400,100,0,0,0,-,0,0,0,0,0,0,0,0,0,0,1,
1,1013,0015,こむぎ ［玄穀］ 輸入 軟質,10.0,2.7,3.3,2.61,0.60,0.38,1.63,0.11,1.53,-,-,-,-,Tr,Tr,-,6,3,-,550,-,5,-,29,3,0,0,0,0,0,1,0,360,-,-,16,0,0,0,0,0,1500,110,0,0,0,-,0,0,0,0,0,0,0,0,0,0,1,
1,1014,0016,こむぎ ［玄穀］ 輸入 硬質,13.0,2.5,3.0,2.37,0.54,0.34,1.49,0.10,1.39,-,-,-,-,Tr,Tr,-,5,3,-,500,-,4,-,26,3,0,0,0,0,0,1,0,330,-,-,14,0,0,0,0,0,1400,98,0,0,0,-,0,0,0,0,0,0,0,0,0,0,1,
1,1015,0017,こむぎ ［小麦粉］ 薄力粉 1等,14.0,1.3,1.5,1.23,0.34,0.13,0.75,0.04,0.72,-,-,-,-,0,Tr,-,2,1,-,320,-,2,-,15,1,0,0,0,0,0,0,Tr,130,-,-,5,0,0,0,0,0,720,38,0,0,0,-,0,0,0,0,0,0,0,0,0,0,Tr,
1,1016,0018,こむぎ ［小麦粉］ 薄力粉 2等,14.0,(1.6),1.9,(1.56),(0.43),(0.17),(0.96),(0.05),(0.91),-,-,-,-,(0),(Tr),-,(3),(2),-,(410),-,(2),-,(19),(1),(0),(0),(0),(0),(0),(0),(Tr),(160),-,-,(6),(0),(0),(0),(0),(0),(910),(49),(0),(0),(0),(0),(0),(0),(0),(0),(0),(0),(0),(0),(0),(0),(Tr),01015薄力粉1等から推計
1,1018,0019,こむぎ ［小麦粉］ 中力粉 1等,14.0,1.4,1.6,1.29,0.36,0.14,0.80,0.04,0.75,-,-,-,-,0,Tr,-,2,1,-,340,-,2,-,16,1,0,0,0,0,0,0,Tr,130,-,-,5,0,0,0,0,0,750,41,0,0,0,-,0,0,0,0,0,0,0,0,0,0,Tr,
1,1019,0020,こむぎ ［小麦粉］ 中力粉 2等,14.0,(1.6),1.8,(1.48),(0.41),(0.16),(0.91),(0.05),(0.86),-,-,-,-,(0),(Tr),-,(2),(2),-,(390),-,(2),-,(18),(1),(0),(0),(0),(0),(0),(0),(Tr),(150),-,-,(6),(0),(0),(0),(0),(0),(860),(46),(0),(0),(0),(0),(0),(0),(0),(0),(0),(0),(0),(0),(0),(0),(Tr),01018中力粉1等から推計
1,1020,0021,こむぎ ［小麦粉］ 強力粉 1等,14.5,1.3,1.5,1.26,0.35,0.14,0.77,0.04,0.73,-,-,-,-,0,Tr,-,2,1,-,330,-,2,-,15,1,0,0,0,0,0,0,Tr,130,-,-,5,0,0,0,0,0,730,39,0,0,0,-,0,0,0,0,0,0,0,0,0,0,Tr,
1,1021,0022,こむぎ ［小麦粉］ 強力粉 2等,14.5,(1.5),1.7,(1.42),(0.39),(0.15),(0.87),(0.04),(0.83),-,-,-,-,(0),(Tr),-,(2),(2),-,(370),-,(2),-,(17),(1),(0),(0),(0),(0),(0),(0),(Tr),(150),-,-,(5),(0),(0),(0),(0),(0),(830),(44),(0),(0),(0),(0),(0),(0),(0),(0),(0),(0),(0),(0),(0),(0),(Tr),01020強力粉1等から推計
1,1023,0023,こむぎ ［小麦粉］ 強力粉 全粒粉,14.5,(2.4),2.9,(2.29),(0.53),(0.33),(1.44),(0.09),(1.34),-,-,-,-,(Tr),(Tr),-,(5),(3),-,(480),-,(4),-,(25),(3),(0),(0),(0),(0),(0),(1),(0),(320),-,-,(14),(0),(0),(0),(0),(0),(1300),(94),(0),(0),(0),(0),(0),(0),(0),(0),(0),(0),(0),(0),(0),(0),(1),01012玄穀国産普通から推計
1,1146,0024,こむぎ ［小麦粉］ プレミックス粉 お好み焼き用,9.8,1.8,1.9,1.68,0.42,0.32,0.93,0.07,0.86,-,-,-,-,1,0,-,4,3,-,360,-,3,-,46,4,5,4,0,0,0,4,1,300,280,19,10,3,2,0,0,0,860,66,0,0,1,-,0,0,1,2,0,0,0,0,0,7,-,
1,1024,0025,こむぎ ［小麦粉］ プレミックス粉 ホットケーキ用,11.1,(3.6),4.0,(3.47),(1.54),(1.07),(0.86),(0.04),(0.82),(Tr),(1),(0),(14),(12),(130),(0),(67),(3),(0),(1100),(0),(4),(0),(200),(8),(3),(1),(0),(1),(0),(25),(2),(1000),(620),(11),(10),(12),(0),(0),(0),(0),(800),(39),(1),(Tr),(1),(0),(2),(0),(14),(0),(0),(0),(0),(1),(4),(3),(1),原材料配合割合から推計
1,1147,0026,こむぎ ［小麦粉］ プレミックス粉 から揚げ用,8.3,1.0,1.2,0.96,0.33,0.16,0.47,0.03,0.44,-,-,-,-,1,1,-,3,1,-,240,-,2,-,75,3,3,3,0,0,0,2,Tr,150,140,10,4,2,1,0,0,0,440,26,0,0,1,-,0,0,0,0,0,0,0,0,0,0,-,
1,1025,0027,こむぎ ［小麦粉］ プレミックス粉 天ぷら用,12.4,1.1,1.3,1.04,0.32,0.14,0.58,0.03,0.55,-,-,-,-,0,0,-,2,2,-,280,-,2,-,33,1,2,2,0,0,0,3,1,130,120,9,5,0,1,0,0,0,550,29,0,0,1,-,0,0,1,0,0,0,0,0,0,0,-,
1,1171,0028,こむぎ ［小麦粉］ プレミックス粉 天ぷら用 バッター,65.5,(0.4),0.5,(0.42),(0.13),(0.06),(0.24),(0.01),(0.22),-,-,-,-,(0),(0),-,(1),(1),-,(110),-,(1),-,(13),(1),(1),(1),(0),(0),(0),(1),(Tr),(52),-,-,(2),(0),(Tr),(0),(0),(0),(220),(12),(0),(0),(Tr),(0),(0),(0),(1),(0),(0),(0),(0),(0),(0),(0),-,天ぷら粉39、水61 01025プレミックス粉天ぷら用から推計
1,1026,0030,こむぎ ［パン類］ 角形食パン 食パン,39.2,3.7,4.1,3.57,1.50,1.24,0.82,0.05,0.77,-,-,-,-,20,57,-,92,9,-,1100,-,8,-,210,14,5,4,1,5,Tr,22,0,1200,1200,37,10,5,1,0,1,0,770,51,0,0,1,-,Tr,Tr,Tr,0,0,0,0,1,0,0,120,原材料配合割合から推計
1,1174,0031,こむぎ ［パン類］ 角形食パン 焼き,33.6,4.0,4.5,3.85,1.63,1.33,0.90,0.06,0.84,-,-,-,-,22,63,-,98,9,-,1200,-,8,-,230,14,5,5,2,5,Tr,23,0,1300,1200,39,10,6,1,0,1,0,840,54,0,0,1,-,Tr,Tr,Tr,0,0,0,0,1,0,0,120,
1,1175,0032,こむぎ ［パン類］ 角形食パン 耳を除いたもの,44.2,3.4,3.7,3.23,1.37,1.12,0.74,0.05,0.69,-,-,-,-,18,53,-,84,8,-,990,-,7,-,190,13,4,4,1,5,Tr,20,0,1100,1000,33,9,6,1,0,1,0,690,44,0,0,1,-,Tr,Tr,Tr,0,0,0,0,1,0,0,110,※ 耳の割合： 45 %、耳以外の割合 : 55 %
1,1028,0037,こむぎ ［パン類］ コッペパン,30.6,(3.6),3.8,(3.39),(1.64),(1.00),(0.75),(0.04),(0.71),(Tr),(1),(0),(19),(16),(180),(0),(87),(3),(0),(1100),(0),(4),(0),(180),(10),(4),(2),(0),(Tr),(0),(10),(1),(960),-,-,(9),(16),(0),(0),(0),(0),(710),(35),(0),(0),(0),(0),(0),(0),(0),(0),(0),(0),(0),(0),(0),(0),-,原材料配合割合から推計
1,1213,0037-1,こむぎ ［パン類］ バンズ,32.9,4.4,4.8,4.22,1.81,1.53,0.88,0.05,0.83,-,-,-,-,3,32,-,40,4,-,1400,-,5,-,320,16,6,6,0,0,0,14,2,1500,1500,37,12,2,1,0,0,0,830,52,0,0,1,-,0,0,0,0,0,0,0,0,0,0,91,
1,1030,0038,こむぎ ［パン類］ 乾パン,5.5,(4.0),4.4,(3.86),(1.70),(1.01),(1.15),(0.06),(1.09),(Tr),(1),(0),(17),(15),(160),(0),(80),(3),(0),(1200),(0),(5),(0),(170),(10),(4),(2),(0),(Tr),(0),(19),(2),(960),-,-,(11),(15),(0),(0),(0),(0),(1100),(56),(0),(0),(0),(0),(0),(0),(0),(0),(0),(0),(0),(0),(0),(0),-,原材料配合割合から推計
1,1031,0039,こむぎ ［パン類］ フランスパン,30.0,(1.1),1.3,(1.07),(0.29),(0.14),(0.63),(0.03),(0.60),-,-,-,-,(0),(0),-,(2),(1),-,(270),-,(2),(0),(15),(1),(0),(0),(0),(0),(0),(14),(Tr),(120),-,-,(4),(0),(0),(0),(0),(0),(600),(32),(0),(0),(0),(0),(0),(0),(0),(0),(0),(0),(0),(0),(0),(0),-,原材料配合割合から推計
1,1032,0040,こむぎ ［パン類］ ライ麦パン,35.0,(2.0),2.2,(1.91),(0.90),(0.57),(0.44),(0.03),(0.41),(0),(Tr),(0),(10),(9),(100),(0),(48),(2),(0),(620),(0),(2),(0),(99),(6),(3),(2),(0),(0),(0),(6),(1),(550),-,-,(7),(10),(Tr),(0),(0),(0),(410),(30),(0),(0),(1),(0),(0),(0),(0),(0),(0),(0),(0),(0),(0),(0),-,主原料配合： ライ麦粉 50 % 原材料配合割合から推計
1,1033,0042,こむぎ ［パン類］ ぶどうパン,35.7,(3.3),3.5,(3.12),(1.57),(0.97),(0.58),(0.03),(0.56),(Tr),(1),(0),(19),(16),(180),(Tr),(86),(6),(0),(1100),(Tr),(3),(0),(180),(10),(4),(2),(0),(0),(0),(10),(1),(930),-,-,(8),(16),(0),(Tr),(0),(0),(550),(26),(0),(0),(4),(0),(1),(0),(0),(0),(0),(0),(0),(0),(0),(0),-,原材料配合割合から推計
1,1034,0043,こむぎ ［パン類］ ロールパン,30.7,8.5,9.0,8.15,4.02,2.86,1.26,0.12,1.14,75,48,0,55,70,220,0,320,28,10,2500,5,21,10,550,28,28,9,5,20,0,55,7,2700,2700,83,26,2,0,0,0,0,1100,120,0,0,3,-,3,0,7,0,0,0,0,0,0,0,-,
1,1035,0045,こむぎ ［パン類］ クロワッサン リッチタイプ,20.0,(25.4),26.8,(24.26),(12.16),(8.94),(3.15),(0.22),(2.93),(1),(19),(0),(130),(120),(1100),(0),(640),(29),(Tr),(8400),(0),(30),(Tr),(1400),(120),(91),(21),(0),(12),(0),(65),(10),(8800),-,-,(52),(0),(0),(0),(0),(0),(2900),(220),(0),(0),(0),(0),(0),(0),(0),(0),(0),(0),(0),(0),(0),(0),-,原材料配合割合から推計
1,1036,0047,こむぎ ［パン類］ イングリッシュマフィン,46.0,(3.2),3.6,(3.09),(1.21),(0.70),(1.19),(0.06),(1.13),(0),(Tr),(0),(9),(8),(92),(0),(46),(3),(0),(920),(0),(4),(0),(110),(6),(2),(1),(0),(0),(0),(30),(2),(650),-,-,(10),(8),(0),(0),(0),(0),(1100),(59),(0),(0),(0),(0),(0),(0),(0),(0),(0),(0),(0),(0),(0),(0),-,原材料配合割合から推計
1,1037,0048,こむぎ ［パン類］ ナン,37.2,3.1,3.4,2.98,0.53,1.45,1.00,0.19,0.81,-,-,-,-,0,3,-,7,2,-,390,-,3,-,92,13,9,5,0,0,0,13,2,1400,-,-,34,17,5,0,0,0,810,190,0,0,2,-,0,0,0,0,0,0,0,0,0,0,-,
1,1148,0049,こむぎ ［パン類］ ベーグル,32.3,1.9,2.0,1.82,0.71,0.48,0.63,0.04,0.59,-,-,-,-,18,18,-,57,7,-,490,-,0,-,100,4,3,3,1,5,0,17,0,450,430,21,8,1,0,0,0,0,590,40,0,0,0,-,0,0,0,0,0,0,0,0,0,0,-,
1,1038,0050,こむぎ ［うどん・そうめん類］ うどん 生,33.5,(0.5),0.6,(0.50),(0.14),(0.05),(0.31),(0.02),(0.29),-,-,-,-,(0),(0),-,(1),(1),-,(130),-,(1),-,(6),(Tr),(0),(0),(0),(0),(0),(0),(0),(52),-,-,(2),(0),(0),(0),(0),(0),(290),(16),(0),(0),(0),(0),(0),(0),(0),(0),(0),(0),(0),(0),(0),(0),(Tr),きしめん、ひもかわを含む 01018中力粉1等から推計
1,1039,0051,こむぎ ［うどん・そうめん類］ うどん ゆで,75.0,(0.3),0.4,(0.33),(0.09),(0.04),(0.20),(0.01),(0.19),-,-,-,-,(0),(0),-,(1),(Tr),-,(86),-,(Tr),-,(4),(Tr),(0),(0),(0),(0),(0),(0),(0),(34),-,-,(1),(0),(0),(0),(0),(0),(190),(10),(0),(0),(0),(0),(0),(0),(0),(0),(0),(0),(0),(0),(0),(0),(0),きしめん、ひもかわを含む 01018中力粉1等から推計
1,1186,0052,こむぎ ［うどん・そうめん類］ うどん 半生うどん,23.8,(2.9),3.4,(2.80),(0.78),(0.30),(1.71),(0.09),(1.63),-,-,-,-,(0),(Tr),-,(5),(3),-,(730),-,(4),-,(35),(3),(0),(0),(0),(0),(0),(0),(1),(290),(290),-,(12),(0),(0),(0),(0),(0),(1600),(85),(0),(0),(0),(0),(0),(0),(0),(0),(0),(0),(0),(0),(0),(0),(1),01018 中力粉1等から推計
1,1041,0053,こむぎ ［うどん・そうめん類］ 干しうどん 乾,13.5,(1.0),1.1,(0.91),(0.25),(0.10),(0.56),(0.03),(0.53),-,-,-,-,(0),(0),-,(1),(1),-,(240),-,(1),-,(11),(1),(0),(0),(0),(0),(0),(0),(Tr),(95),-,-,(4),(0),(0),(0),(0),(0),(530),(29),(0),(0),(0),(0),(0),(0),(0),(0),(0),(0),(0),(0),(0),(0),(Tr),01018中力粉1等から推計
1,1042,0054,こむぎ ［うどん・そうめん類］ 干しうどん ゆで,70.0,(0.4),0.5,(0.41),(0.11),(0.04),(0.25),(0.01),(0.24),-,-,-,-,(0),(0),-,(1),(Tr),-,(110),-,(1),-,(5),(Tr),(0),(0),(0),(0),(0),(0),(0),(43),-,-,(2),(0),(0),(0),(0),(0),(240),(13),(0),(0),(0),(0),(0),(0),(0),(0),(0),(0),(0),(0),(0),(0),(Tr),01018中力粉1等から推計
1,1043,0055,こむぎ ［うどん・そうめん類］ そうめん・ひやむぎ 乾,12.5,(1.0),1.1,(0.91),(0.25),(0.10),(0.56),(0.03),(0.53),-,-,-,-,(0),(0),-,(1),(1),-,(240),-,(1),-,(11),(1),(0),(0),(0),(0),(0),(0),(Tr),(95),-,-,(4),(0),(0),(0),(0),(0),(530),(29),(0),(0),(0),(0),(0),(0),(0),(0),(0),(0),(0),(0),(0),(0),(Tr),01018中力粉1等から推計
1,1044,0056,こむぎ ［うどん・そうめん類］ そうめん・ひやむぎ ゆで,70.0,(0.3),0.4,(0.33),(0.09),(0.04),(0.20),(0.01),(0.19),-,-,-,-,(0),(0),-,(1),(Tr),-,(86),-,(Tr),-,(4),(Tr),(0),(0),(0),(0),(0),(0),(0),(34),-,-,(1),(0),(0),(0),(0),(0),(190),(10),(0),(0),(0),(0),(0),(0),(0),(0),(0),(0),(0),(0),(0),(0),(0),01018中力粉1等から推計
1,1045,0057,こむぎ ［うどん・そうめん類］ 手延そうめん・手延ひやむぎ 乾,14.0,1.4,1.5,1.36,0.38,0.23,0.75,0.03,0.73,-,-,-,-,0,Tr,-,4,2,-,330,-,2,-,29,3,3,3,0,0,0,3,1,220,210,11,4,4,1,0,0,0,730,26,0,0,0,-,0,0,0,0,0,0,0,0,0,0,-,
