id,exam_type,exam_class,exam_subject,class,question,answer,question_type,option.A,option.B,option.C,option.D,option.E,instruction,output,中医疾病诊断,外治法
1,医师考试,执业助理医师,中医执业助理医师,中医基础知识,九味羌活汤的功用是,C,单项选择题,散风除湿，宣痹止痛,疏风通络，散寒除湿,发汗祛湿，兼清里热,疏风清热，宣痹止痛,发汗解表，祛风胜湿,,,,
2,医师考试,执业助理医师,中医执业助理医师,中医基础知识,固精缩尿兼能涩肠止泻的药是,A,单项选择题,金樱子,桑螵蛸,覆盆子,赤石脂,乌梅,,,,
3,医师考试,执业助理医师,中医执业助理医师,中医基础知识,四神丸的组成是,E,单项选择题,吴茱萸、骨碎补、肉豆蔻、五味子,肉豆蔻、五倍子、补骨脂、吴茱萸,肉豆蔻、补骨脂、五味子、山茱萸,补骨脂、白豆蔻、吴茱萸、五味子,肉豆蔻、五味子、吴茱萸、补骨脂,,,,
4,医师考试,执业助理医师,中医执业助理医师,中医基础知识,乌梅丸可用于治疗,D,单项选择题,热厥,寒厥,水厥,蛔厥,痰厥,,,,
5,医师考试,执业助理医师,中医执业助理医师,中医基础知识,人参配莱菔子，莱菔子削弱人参的补气作用，这种配伍关系属于,D,单项选择题,相须,相使,相畏,相恶,相杀,,,,
6,医师考试,执业助理医师,中医执业助理医师,中医基础知识,大承气汤中用量最大的药是,C,单项选择题,枳实,大黄,厚朴,芒硝,甘草,,,,
7,医师考试,执业助理医师,中医执业助理医师,中医基础知识,药剂师小李在中药房抓药时遇到一张处方中有“川乌5g，法半夏10g”，按照《药品管理法》，小李应该采取如下哪项措施,B,单项选择题,照方抓药,拒绝调配，要求处方的医师更正或确认并签字,将法半夏去掉，然后照方抓药,将川乌去掉，然后照方抓药,将处方的医师扭送药品监督部门,,,,
8,医师考试,执业助理医师,中医执业助理医师,中医基础知识,患者，男，50岁。卧床40天后右髋部出现皮肤紫暗红肿，稍有破损，舌质瘀紫，苔薄，脉弦涩。治疗时应首选的疗剂是,A,单项选择题,血府逐瘀汤,清瘟败毒饮,萆薢渗湿汤,八珍汤,托里消毒散,,,,
9,医师考试,执业助理医师,中医执业助理医师,中医基础知识,治疗肛痈火毒炽盛证，应首选,A,单项选择题,透脓散,仙方活命饮,黄连解毒汤,青蒿鳖甲汤合三妙丸,萆薢渗湿汤,,,,
10,医师考试,执业助理医师,中医执业助理医师,中医基础知识,利水渗湿作用较强，治疗水湿停滞所致小便不利，水肿，泄泻，带下，宜首选,E,单项选择题,石韦,滑石,革薜,木通,猪苓,,,,
11,医师考试,执业助理医师,中医执业助理医师,中医基础知识,小承气汤与厚朴三物汤之间的变化属于,B,单项选择题,药物加减的变化,药量增减的变化,剂型更换的变化,药物加减与药量增减变化联合运用,药味加减与剂型更换变化联合运用,,,,
12,医师考试,执业助理医师,中医执业助理医师,中医基础知识,患者，女，31岁，已婚。曾孕3次，均自然流产，平日头晕耳鸣，腰膝酸软，精神萎靡，现又妊娠33天，夜尿频多，面色晦暗，舌淡苔白，脉沉弱，治疗应首选,D,单项选择题,加味阿胶汤,补肾安胎饮,泰山磐石散,补肾固冲丸,以上均非,,,,
13,药师考试,主管中药师,主管中药师,中医基础知识,升降浮沉是中药的,B,单项选择题,性质,趋向,部位,功能,性味,,,,
14,药师考试,主管中药师,主管中药师,中医基础知识,有沉降性质的性味是,C,单项选择题,苦，温,辛，寒,苦，寒,咸，温,甘，寒,,,,
15,医学考研,中医综合,考研中医综合,中医基础知识,安神药的归经是,AB,多项选择题,心,肝,肺,肾,,,,,
16,医学考研,中医综合,考研中综错题top1500,中医基础知识,川楝子的归经是,D,单项选择题,肝、胆、肺、脾经,肝、胆、大肠、小肠经,肝、胆、肾、膀胱经,肝、胃、小肠、膀胱经,肝、心、胃、大肠经,,,,
17,医师考试,执业助理医师,中医执业助理医师,中医基础知识,“黄家所得，从湿得之，”是哪一本书最早提出来的,C,单项选择题,《诸病源候论》,《景岳全书》,《金匮要略》,《医学心悟》,《张氏医通》,,,,
18,医师考试,执业医师,中西医结合执业医师,中医基础知识,《素问•六节藏象论》中，封藏之本所指的是,E,单项选择题,心,肺,脾,肝,肾,,,,
19,医师考试,中级职称,中医内科主治医师,中医基础知识,何者不是《景岳全书》关于痞满的认识,D,单项选择题,有邪有滞而痞满者，实痞也,无物无滞而痞者，虚痞也,有胀有痛而满者，实满也,满而不痛者，此为痞,实痞实满者，可消可散,,,,
20,药师考试,执业中药师,执业中药师,中医基础知识,我国历史上第一部官修药典性本草是,C,单项选择题,《证类本草》,《本草纲目》,《新修本草》,《本草经集注》,《中华本草》,,,,
21,药师考试,执业中药师,执业中药师,中医基础知识,《本草纲目》的作者是,B,单项选择题,苏颂,李时珍,赵学敏,唐慎微,陶弘景,,,,
22,药师考试,执业中药师,执业中药师,中医基础知识,对外用膏药、丹药列专篇介绍的是,B,单项选择题,《金匮要略》,《普济方》,《肘后备急方》,《肠液经》,《黄帝内经》,,,,
23,药师考试,执业中药师,执业中药师,中医基础知识,种子呈扁心脏形，边缘肥厚，基部左右不对称的药材是,D,单项选择题,薏苡仁,桃仁,砂仁,苦杏仁,酸枣仁,,,,
24,药师考试,执业中药师,执业中药师,中医基础知识,我国现存最早的完整本草是,C,单项选择题,《神农本草经》,《新修本草》,《本草纲目》,《本草纲目拾遗》,《证类本草》,,,,
25,药师考试,初级中药士,中药学（士）,中医基础知识,《伤寒论》中所载方剂是,A,单项选择题,经方,时方,老方,法定处方,单方,,,,
26,药师考试,初级中药士,中药学（士）,中医基础知识,《本草纲目》称其为“专治一身上下诸痛”的是,B,单项选择题,川芎,延胡索,郁金,姜黄,没药,,,,
27,药师考试,主管中药师,主管中药师,中医基础知识,《素问•五脏生成》“多食苦，则皮槁而毛拔”是指饮食失宜中的,D,单项选择题,饮食不节,饮食不洁,偏食寒热,五味偏嗜,食类偏嗜,,,,
28,药师考试,主管中药师,主管中药师,中医基础知识,记载清暑益气汤的医药学著作是,D,单项选择题,《内经》,《伤寒论》,《金匮要略》,《温热经纬》,《备急千金要方》,,,,
29,药师考试,主管中药师,主管中药师,中医基础知识,制备胶剂过程中，加入明矾的阶段是,B,单项选择题,煎胶,滤胶,收胶,胶凝,切胶,,,,
30,药师考试,主管中药师,主管中药师,中医基础知识,《灵枢•五癃津液别》说:“天暑衣厚则腠理开，故汗出……天寒则腠理闭，……则为溺与气，”反映了,C,单项选择题,五脏一体观,形神一体观,自然环境对人体生理的影响,自然环境对人体病理的影响,社会环境对人体生理的影响,,,,
31,专业知识考试,预防医学与公共卫生学,医学伦理学,中医基础知识,1-孙思邈的《大医精诚》之所谓“精”是指,C,单项选择题,医家要文明礼貌,医家应具有高尚的医德，要有“大悲恻隐之心”和“好生之德”,医家必须不断学习，提高医疗技术，具有精湛的医术,医家要实事求是,医家要尊重同行,,,,
32,专业知识考试,预防医学与公共卫生学,医学伦理学,中医基础知识,强调医生对待病人要“普同一等”，同时要求患者在治疗中要很好合作的古代医德典籍是,D,单项选择题,《师传》,《灵枢》,《千金要方》,《大医精诚》,《征四失论》,,,,
33,专业知识考试,中医学与中药学,内经讲义,中医基础知识,据《素问•阴阳应象大论》，下列除哪项外均是天地之气入通五脏的正确描述,E,单项选择题,天气通于肺,地气通于嗌,风气通于肝,雷气通于心,雨气通于脾,,,,
34,专业知识考试,中医学与中药学,中医基础理论,中医基础知识,“壮水之主，以制阳光”所指的治法是,D,单项选择题,阴中求阳,阴病治阳,阳中求阴,阳病治阴,阴阳互济,,,,
35,专业知识考试,中医学与中药学,伤寒论,中医基础知识,太阳病，发汗，遂漏不止，其人恶风,B,单项选择题,过汗亡阳，经脉失养,太阳表虚，发汗过多而阳虚漏汗,阴阳两虚，表虚为主,阳虚自汗，阴血不足,表证未解，里虚不足,,,,
36,专业知识考试,中医学与中药学,中医基础理论,中医基础知识,肺与肾的关系主要表现于,A,单项选择题,津液代谢,气血生成,气机调节,阴阳平衡,水火既济,,,,
37,专业知识考试,中医学与中药学,中医基础理论,中医基础知识,易致人体阴阳失调的饮食因素是,D,单项选择题,饮食过饥,饮食过饱,五味偏嗜,寒热偏嗜,饮食不洁,,,,
38,专业知识考试,中医学与中药学,内经讲义,中医基础知识,《素问•六节藏象论》提出人体以五脏为本，其中“心”为,B,单项选择题,阴精之本,生命之本,先天之本,封藏之本,水火之宅,,,,
39,药师考试,执业中药师,执业中药师,中医基础知识,属于气血津液辨证的功效是,E,单项选择题,清气分热,温中补中,涩精止遗,和解少阳,补气生津,,,,
40,专业知识考试,中医学与中药学,中医基础理论,中医基础知识,1-属于病机第二层次的是,B,单项选择题,精气血津液失常病机,经络病机,三焦病机,痰饮病机,疼痛病机,,,,
41,药师考试,执业中药师,执业中药师,中医基础知识,臭梧桐除祛风湿、通经络外，又能,A,单项选择题,降血压,杀虫解毒,强筋健骨,利水消肿,定惊止痉,,,,
42,药师考试,初级中药师,中药学（师）,中医基础知识,善祛经络风痰的药是,B,单项选择题,白芥子,天南星,紫菀,昆布,半夏,,,,
43,药师考试,初级中药师,中药学（师）,中医基础知识,根据十二经络流注次序，流注至手阳明大肠经的是,A,单项选择题,手太阴肺经,手太阳小肠经,手少阳三焦经,足阳明胃经,足太阴脾经,,,,
44,药师考试,初级中药师,中药学（师）,中医基础知识,具有通经络，祛风湿，消骨鲠功能的中药是,C,单项选择题,草乌,羌活,威灵仙,木瓜,蕲蛇,,,,
45,药师考试,初级中药师,中药学（师）,中医基础知识,痰浊为病，随气上逆尤易,C,单项选择题,阻滞肺气，失于宣降,留滞脏腑，升降失常,蒙蔽清窍，扰乱心神,流注经络，气机阻滞,停滞胃腑，失于通降,,,,
46,医学考研,中医综合,考研中医综合,中医基础知识,中风的辨证要点为,ABCD,多项选择题,辨中经络、中脏腑,中脏腑辨闭证与脱证,闭证当辨阳闭与阴闭,辨病期,,,,,
47,医学考研,中医综合,考研中医综合,中医基础知识,治疗中风中经络兼见肝阳暴亢者，可选择的配穴是,D,单项选择题,丰隆、合谷,气海、血海、足三里,太溪、风池,太冲、太溪,,,,,
48,医师考试,执业助理医师,中西医结合执业助理医师,中医基础知识,下列各项，属于强硬舌临床意义的是,B,单项选择题,心火上炎,热入心包,心血瘀阻,心阳不振,心阴不足,,,,
49,医师考试,执业助理医师,中医执业助理医师,中医基础知识,失荣的临床特征，以下哪条是错误的,B,单项选择题,面容憔悴,舌体萎缩,形体消瘦,状如枯树,颈部或耳前后肿块,,,,
50,医师考试,执业助理医师,中西医结合执业助理医师,中医基础知识,在颈部，当前正中线上，喉结上方，舌骨上缘凹陷处的腧穴是,D,单项选择题,天突,承浆,中极,廉泉,太冲,,,,
