IMPPAT_Plant_identifier,Indian_Medicinal_plant,Plant_part,IMPPAT_Therapeutic_use_identifier,Therapeutic_use
IMPPAT3_PLTID000001,Abelmoschus esculentus,,IMPPAT3_TPUID000522,emollients
IMPPAT3_PLTID000001,Abelmoschus esculentus,,IMPPAT3_TPUID001453,urination disorders
IMPPAT3_PLTID000001,Abelmoschus esculentus,,IMPPAT3_TPUID000127,antipruritics
IMPPAT3_PLTID000001,Abelmoschus esculentus,,IMPPAT3_TPUID000078,anemia
IMPPAT3_PLTID000001,Abelmoschus esculentus,,IMPPAT3_TPUID000017,abdominal pain
IMPPAT3_PLTID000001,Abelmoschus esculentus,,IMPPAT3_TPUID001438,urethral discharge
IMPPAT3_PLTID000001,Abelmoschus esculentus,,IMPPAT3_TPUID000661,gonorrhea
IMPPAT3_PLTID000001,Abelmoschus esculentus,fruit,IMPPAT3_TPUID000661,gonorrhea
IMPPAT3_PLTID000001,Abelmoschus esculentus,,IMPPAT3_TPUID000484,diuretics
IMPPAT3_PLTID000001,Abelmoschus esculentus,fruit,IMPPAT3_TPUID000484,diuretics
IMPPAT3_PLTID000001,Abelmoschus esculentus,,IMPPAT3_TPUID000397,demulcents
IMPPAT3_PLTID000001,Abelmoschus esculentus,fruit,IMPPAT3_TPUID000397,demulcents
IMPPAT3_PLTID000001,Abelmoschus esculentus,,IMPPAT3_TPUID000693,hematologic diseases
IMPPAT3_PLTID000001,Abelmoschus esculentus,,IMPPAT3_TPUID000152,appetite stimulants
IMPPAT3_PLTID000001,Abelmoschus esculentus,fruit,IMPPAT3_TPUID000145,aphrodisiacs
IMPPAT3_PLTID000001,Abelmoschus esculentus,,IMPPAT3_TPUID000416,diarrhea
IMPPAT3_PLTID000001,Abelmoschus esculentus,fruit,IMPPAT3_TPUID000416,diarrhea
IMPPAT3_PLTID000001,Abelmoschus esculentus,fruit,IMPPAT3_TPUID000577,fever
IMPPAT3_PLTID000001,Abelmoschus esculentus,fruit,IMPPAT3_TPUID000430,digestive system diseases
IMPPAT3_PLTID000001,Abelmoschus esculentus,fruit,IMPPAT3_TPUID001266,sexually transmitted diseases
IMPPAT3_PLTID000001,Abelmoschus esculentus,,IMPPAT3_TPUID000457,disorder of ejaculation
IMPPAT3_PLTID000001,Abelmoschus esculentus,fruit,IMPPAT3_TPUID000426,"diet, food, and nutrition"
IMPPAT3_PLTID000001,Abelmoschus esculentus,seed,IMPPAT3_TPUID000113,antifungal agents
IMPPAT3_PLTID000001,Abelmoschus esculentus,,IMPPAT3_TPUID000073,analgesics
IMPPAT3_PLTID000001,Abelmoschus esculentus,seed,IMPPAT3_TPUID001214,rejuvenation
IMPPAT3_PLTID000001,Abelmoschus esculentus,seed,IMPPAT3_TPUID000192,bites and stings
IMPPAT3_PLTID000001,Abelmoschus esculentus,plant exudate,IMPPAT3_TPUID000770,hypoglycemic agents
IMPPAT3_PLTID000001,Abelmoschus esculentus,fruit,IMPPAT3_TPUID000121,antineoplastic agents
IMPPAT3_PLTID000001,Abelmoschus esculentus,seed,IMPPAT3_TPUID000121,antineoplastic agents
IMPPAT3_PLTID000001,Abelmoschus esculentus,,IMPPAT3_TPUID000505,dysuria
IMPPAT3_PLTID000001,Abelmoschus esculentus,seed,IMPPAT3_TPUID000131,antispasmodics
IMPPAT3_PLTID000001,Abelmoschus esculentus,,IMPPAT3_TPUID000493,dysentery
IMPPAT3_PLTID000001,Abelmoschus esculentus,fruit,IMPPAT3_TPUID000493,dysentery
IMPPAT3_PLTID000001,Abelmoschus esculentus,,IMPPAT3_TPUID000330,common cold
IMPPAT3_PLTID000001,Abelmoschus esculentus,fruit,IMPPAT3_TPUID000330,common cold
IMPPAT3_PLTID000001,Abelmoschus esculentus,,IMPPAT3_TPUID000167,asthenia
IMPPAT3_PLTID000001,Abelmoschus esculentus,,IMPPAT3_TPUID000145,aphrodisiacs
IMPPAT3_PLTID000001,Abelmoschus esculentus,fruit,IMPPAT3_TPUID000553,exanthema
IMPPAT3_PLTID000001,Abelmoschus esculentus,fruit,IMPPAT3_TPUID000522,emollients
IMPPAT3_PLTID000002,Abelmoschus ficulneus,seed,IMPPAT3_TPUID000170,asthma
IMPPAT3_PLTID000002,Abelmoschus ficulneus,,IMPPAT3_TPUID001537,wound healing
IMPPAT3_PLTID000002,Abelmoschus ficulneus,root,IMPPAT3_TPUID001540,wounds and injuries/trauma
IMPPAT3_PLTID000003,Abelmoschus manihot,leaf,IMPPAT3_TPUID000623,furunculosis
IMPPAT3_PLTID000003,Abelmoschus manihot,root,IMPPAT3_TPUID000623,furunculosis
IMPPAT3_PLTID000003,Abelmoschus manihot,flower,IMPPAT3_TPUID001407,toothache
IMPPAT3_PLTID000003,Abelmoschus manihot,root,IMPPAT3_TPUID001540,wounds and injuries/trauma
IMPPAT3_PLTID000003,Abelmoschus manihot,leaf,IMPPAT3_TPUID001540,wounds and injuries/trauma
IMPPAT3_PLTID000003,Abelmoschus manihot,root,IMPPAT3_TPUID000493,dysentery
IMPPAT3_PLTID000003,Abelmoschus manihot,root,IMPPAT3_TPUID001313,sprains and strains
IMPPAT3_PLTID000003,Abelmoschus manihot,leaf,IMPPAT3_TPUID001313,sprains and strains
