Unnamed: 0,Positive,Negative
"Pathological Conditions, Signs and Symptoms",1690,127
Neoplasms,1033,9
Nervous System,859,84
Nutritional and Metabolic,857,74
Cardiovascular,765,95
Digestive System,755,35
Endocrine System,635,10
Mental,561,7
Skin and Connective Tissue,367,106
Respiratory Tract,302,95
Immune System,200,127
Chemically-Induced,268,34
Musculoskeletal,211,33
Male Urogenital,225,12
Bacterial Infections and Mycoses,222,13
Female Urogenital  and Pregnancy Complications,215,17
Hemic and Lymphatic,176,19
"Congenital, Hereditary, and Neonatal and Abnormalities",113,25
Otorhinolaryngologic,76,59
Parasitic,97,6
Stomatognathic,69,8
Eye,58,7
Wounds and Injuries,46,2
Virus,40,0
Animal,16,1
Occupational,0,9
