id,dialogue,answer,source
1,"医生：姜先生哪里不舒服？慢慢说。  
患者：大夫，我这手脚关节又沉又疼两年了，这两个月特别厉害。尤其早上起来手指头僵得跟木头似的，得活动个把小时才能缓过来。  

医生：具体是哪些关节难受？摸摸看有没有肿的地方？  
患者：手腕、膝盖这些大关节发胀，手指中间这截也肿得圆鼓鼓的，像泡了水的萝卜。阴天下雨时骨头缝里直冒寒气，裹着厚被子都不顶用。  

医生：疼痛是固定在一处还是到处窜？遇热会舒服些吗？  
患者：疼起来就死死钉在关节里，拿热毛巾焐着能稍微松快点。您看我这手，现在摸东西都发木，跟隔了层棉花似的。  

医生：平时做什么工作？最近有没有受寒？  
患者：在冷库当搬运工，两个月前连着加班，那寒气直往骨头里钻。现在连爬楼梯都费劲，膝盖跟灌了铅一样沉。  

医生：饮食怎么样？大便粘马桶吗？  
患者：胃口倒还行，就是吃了生黄瓜这类凉菜容易拉肚子。大便总擦不干净，您不说我还没注意，确实老粘马桶。  

医生：舌头伸出来看看...舌苔白厚腻，像盖了层雪。手放上来把脉...脉象缓而无力，像是水流过沙地。你这是风寒湿邪困在关节了，湿气尤其重，所以关节像泡在水里似的肿胀发沉。  

患者：那该怎么治啊？  
医生：先开七剂薏苡仁汤化湿通络，苍术、羌活这些药能把关节里的水气抽出来，桂枝像小太阳帮你驱寒。记得熬药时加三片生姜。  

医生：特别注意这三条：第一，冷库工作要戴加厚护膝；第二，冬瓜、啤酒这些生湿的东西千万别碰；第三，每天睡前用艾叶煮水泡脚二十分钟。等关节不肿了，教你几个舒筋活络的导引动作。  

患者：记住了，这次一定严格照办。您看需要复诊吗？  
医生：服药后如果晨僵缩短到半小时内，舌苔变薄了就过来调方子。要是遇到回南天，把方子里的薏苡仁加到30克先备着。","中医疾病诊断：痹证
中医证候诊断：风寒湿痹-着痹
中医辨病辨证依据（含病因病机分析）：患者以肢体关节肿胀、疼痛，活动不利为主症，诊断为痹证。多个关节重着、酸痛、肿胀弥漫，麻木不仁，关节活动不利，阴雨天加重，舌质淡，苔白腻，脉濡缓，辨证为风寒湿痹着痹。感受风寒湿邪，留滞经脉，阻滞关节，闭阻气血，而引发本病。
中医治法：除湿通络，祛风散寒
方剂名称：薏苡仁汤加减
药物组成：薏苡仁、苍术、羌活、独活、防风、制川乌、麻黄、桂枝、当归、川芎、生姜、甘草",国家中医执业（助理）医师资格考试实践技能题库
2,"医生：先说说哪里不舒服？  
患者：大夫，我这三天咳嗽得厉害，尤其是白天，咳得胸口都疼。痰特别浓，颜色发黄，黏在喉咙里吐不干净，嗓子干得冒火似的。  

医生：咳嗽前有没有着凉或者吹风？  
患者：上周带学生去郊游，回来路上淋了点雨，第二天就开始打喷嚏流鼻涕，后来吃了家里备的感冒药，烧退了，但咳嗽越来越重。  

医生：现在怕冷还是怕热？身上有汗吗？  
患者：稍微吹点风就打寒战，但屋里闷着又觉得燥。这两天没怎么出汗，就是头疼得厉害，像有根筋扯着后脖子。  

医生：痰的味道苦不苦？小便颜色深吗？  
患者：痰有点发苦，小便黄黄的，喝水多也没怎么缓解。这两天胃口差，吃两口就胀。  

医生：舌头伸出来我看看……舌头发红，苔薄黄。手放这儿把脉——脉浮滑，像荷叶上的水珠滚得快。你这是外感风热，肺气不宣。淋雨受凉后风热邪气从口鼻入侵，把肺困住了，热气炼液成痰，所以咳黄痰、嗓子干。  

患者：那该怎么治啊？止咳糖浆越喝越难受。  
医生：我给你开个疏风清热、化痰止咳的方子，叫桑菊饮加减。用桑叶、菊花散风热，杏仁、贝母化痰，再加薄荷利咽喉。记住忌辛辣油炸，多吃梨子、百合这类润肺的。  

患者：需要喝几天药？  
医生：先服三剂，每天一剂分两次温服。用芦根煎汤代水喝，能生津止渴。这两天少说话，避免粉尘刺激。如果痰转白、咳嗽减轻，再来复诊调方。","中医疾病诊断：咳嗽
中医证候诊断：外感咳嗽-风热犯肺证
中医辨病辨证依据（含病因病机分析）：以咳嗽为主症，诊断为咳嗽。因感受外邪所致，病程短，故为外感咳嗽。咳嗽频剧，气粗，痰多黄稠，咳吐不爽，口干，伴恶风、鼻塞、流黄涕、头痛身楚，舌苔薄黄，脉浮滑，辨证为外感咳嗽之风热犯肺证。因寒温失宜，风热犯肺，肺失肃降而引发本病。
中医治法：疏风清热，宣肺止咳
方剂名称：桑菊饮加减
药物组成：桑叶、菊花、连翘、杏仁、浙贝母、牛蒡子、桔梗、芦根、甘草、薄荷",国家中医执业（助理）医师资格考试实践技能题库
3,"医生：薛女士，请先说说哪里不舒服最明显？  
患者：医生，我这三年总是莫名其妙心慌，特别是加班熬夜后，胸口像揣了只兔子咚咚乱跳。晚上躺床上翻来覆去睡不着，睡着了也整夜做梦，早上起来枕头都是汗湿的。  

医生：这心慌是全天都有，还是特定时候加重？手脚心有没有发热的感觉？  
患者：下午和晚上特别严重，手心脚心像揣了暖手宝似的发烫。对了，最近还总觉得口干，喝再多水也不解渴。  

医生：平时容易着急生气吗？工作压力大的时候这些症状有没有变化？  
患者：可不是嘛！这几年工作烦心事多，经常和同事争执，一生气就觉得胸口更闷，心跳得更快了。  

医生：饮食怎么样？有没有特别想吃冷饮或者怕吃热的？  
患者：天热了就爱喝冰水，吃辣的后总觉得喉咙里火烧火燎的。不过平时吃饭也不规律，经常忙得顾不上吃午饭。  

医生：舌头伸出来我看看...舌质偏红，舌苔很少。再诊个脉...脉象细数，像琴弦轻轻颤动。你这是长期劳心伤神，阴液亏耗导致的虚火扰心。就像油灯里的油不够了，火苗就会飘忽不稳。  

患者：那该怎么调理呢？  
医生：咱们分两步走。先开个滋阴降火的方子：用天王补心丹配合安神药材，包括生地、麦冬、酸枣仁这些养阴的，加上朱砂镇心安神。另外特别要注意——每天十一点前必须睡觉，辛辣烧烤、咖啡浓茶这些助火的东西要戒掉，工作时每隔一小时起来活动五分钟。  

患者：需要吃多久药呢？  
医生：先服两周，重点观察睡眠质量和盗汗情况。记得保持心情舒畅，可以试试用合欢花、百合泡水代茶饮。下周复诊咱们根据舌苔变化再调整药方。","中医疾病诊断：心悸
中医证候诊断：阴虚火旺证
中医辨病辨证依据（含病因病机分析）：患者由于工作压力大、忧愁烦闷，而出现心中悸动不安，失眠多梦，中医辨病为心悸。五心烦热，盗汗，口咽干燥，舌红少苔，脉细数，辨为阴虚火旺证。长期忧愁烦闷，急躁易怒，郁久化火，肝肾阴虚，水不济火，心火内动，扰动心神。病位在心，病性属里属虚。
中医治法：滋阴清火，养心安神
方剂名称：天王补心丹合朱砂安神丸加减
药物组成：生地黄、麦冬、五味子、桔梗、当归、远志、柏子仁、丹参、茯苓、酸枣仁、天冬、人参、玄参、朱砂",国家中医执业（助理）医师资格考试实践技能题库
4,"患者：大夫，我这半年乳房里头老是有硬块，一按就疼得厉害，您给看看是怎么回事？

医生：慢慢说，肿块是两边都有吗？平时疼的时候有没有特别的原因？

患者：两边都摸着有，左边更明显些。特别是工作压力大或者跟家里生气的时候，肿块摸着就变大了，疼得连抬胳膊都费劲。

医生：除了肿块疼痛，还有没有胸口发闷、晚上睡不踏实的情况？

患者：您怎么知道的？我最近三个月胸口老是像压着块石头，晚上翻来覆去睡不着，好不容易睡着又做乱七八糟的梦。对了，嘴里还老是发苦，喝多少水都不管用。

医生：平时吃饭胃口怎么样？喜欢吃辛辣油腻的吗？

患者：我们护士工作经常吃外卖，麻辣烫、炸鸡什么的吃得不少。大便倒是正常，就是小便有时候发黄。

医生：舌头伸出来看看。舌边有点发红，苔薄薄一层带黄色。来，我把个脉...脉摸着像琴弦似的，还有点滑溜溜的感觉。最近是不是经常觉得烦躁，容易发火？

患者：可不是嘛！上个月孩子入学的事跑手续，急得我嘴角都起泡了。现在每天上班又要应付医患关系，回家还得辅导孩子功课...

医生：您这个情况中医叫乳癖，主要是肝气郁结加上痰湿凝聚。长期情绪紧张导致肝气不舒，气滞则血瘀，加上饮食不节产生痰湿，这些病理产物堵在乳房就形成了肿块。治疗咱们要疏肝理气，化痰散结。

患者：那要怎么调理呢？需要手术吗？

医生：先开个方子调理。用柴胡、香附疏肝解郁，瓜蒌、浙贝母化痰散结，再加点安神的药材。平时要注意忌口，外卖的麻辣烫、炸鸡暂时别吃了，可以泡点玫瑰花茶喝。每天抽空做十分钟深呼吸，睡前用热水泡泡脚。下周来复诊看看肿块变化。

患者：好的，我记下了。药要喝多长时间？

医生：先服两周，注意保持心情舒畅，遇到烦心事可以跟家人多聊聊。咱们既要调身体，也要调情志，双管齐下才能标本兼治。","中医疾病诊断：乳癖
中医证候诊断：肝郁痰凝证
中医辨病辨证依据（含病因病机分析）：患者以乳房肿块疼痛，乳外上象限触及片状肿块，质地中等，表面光滑，结合患者年龄在25～45岁之间，中医辨病为乳癖。肿块随喜怒而消长，伴有胸闷，失眠多梦，口苦，苔薄黄，脉弦滑，辨为肝郁痰凝证。情志不遂，郁怒伤肝，肝郁气滞，气血凝结乳络；思虑伤脾，脾失健运，痰湿内生，气滞痰凝，痰血结聚形成肿块。病位在乳房，病性属里属实。
中医治法：疏肝解郁，化痰散结
方剂名称：逍遥蒌贝散加减
药物组成：柴胡、香附、白术、茯苓、白芍、当归、瓜蒌、浙贝母、制半夏、夏枯草、生牡蛎",国家中医执业（助理）医师资格考试实践技能题库
5,"医生：来，小姑娘哪里不舒服？坐下慢慢说。  
患者：医生，我肚子痛得厉害。昨天早上起来上腹部突然疼，后来下午就跑到右下腹这块儿，像有根棍子顶着似的越来越疼。  
医生：疼的时候是胀痛还是刺痛？摸着肚子会硬吗？  
患者：胀着疼多些，偶尔针扎一样。一按右下方这块儿更疼，都不敢直腰走路了。  
医生：有没有恶心想吐？大便和小便正常吗？  
患者：早上疼得吐了一次酸水，之后倒是没再吐。大便昨天今天各一次，不干不稀。  
医生：这两天吃过生冷辛辣的没？最近熬夜多吗？  
患者：前晚和同学吃了麻辣火锅，这几天复习考试天天熬夜到一两点……  
医生：舌头伸出来看看。嗯，舌苔白厚腻。手放这儿把个脉——脉绷得紧，像琴弦似的。  
患者：医生，这病严重吗？  
医生：你这是肠痈初期，中医叫“瘀滞证”。火锅辛辣加上熬夜，肠道气血堵住了，化热生毒。现在先通腑活血把瘀滞散开，防止化脓。  
患者：要喝中药吗？  
医生：对，开大黄牡丹汤加减，通便泄热的同时活血止痛。这两天只能喝米汤、稀粥，绝对忌辛辣油腻。卧床休息，疼得加重或者发烧马上来急诊。  
患者：药苦不苦啊……  
医生：我给你加甘草调味道。记住每天一剂，连服三天后复诊。考试再忙也得十点前睡觉，气血通畅了才不易生病。","中医疾病诊断：肠痈
中医证候诊断：瘀滞证
中医辨病辨证依据（含病因病机分析）：患者以转移性右下腹痛，持续性加重，查体右下腹麦氏点压痛，反跳痛及肌紧张为主症，且白细胞11×109/L，中性粒细胞0.80，故辨病为肠痈；转移性右下腹痛，呈持续性，进行性加剧，伴恶心欲吐，纳差，舌苔白腻，脉弦紧，证属病变初期之瘀滞证。肠道传化失司，糟粕停滞，气滞血瘀，瘀久化热，热胜肉腐而成痈肿。
中医治法：行气活血，通腑泄热。
方剂名称：大黄牡丹汤合红藤煎剂加减。
药物组成：大黄、芒硝、桃仁、牡丹皮、冬瓜仁、红藤、延胡索、连翘、乳香、没药、甘草",国家中医执业（助理）医师资格考试实践技能题库
6,"医生：雷女士请坐，现在感觉哪里最不舒服？  

患者：大夫，我怀孕快两个月了，这三天下面一直有点出血，颜色淡淡的，腰酸得直不起来，小肚子也隐隐作痛。  

医生：出血量多吗？有没有血块？腹痛是持续的还是时轻时重？  

患者：量倒是不多，用护垫就行，但总不干净。肚子疼一阵阵的，坐着休息能好些，一活动又加重。  

医生：最近胃口如何？有没有心慌气短的感觉？  

患者：吃饭没以前香了，总是没力气，说话都嫌累。您看我脸色是不是特别差？这两天同事都说我嘴唇发白。  

医生：确实面色偏白，舌苔我看看……舌质淡，苔薄白。平时睡眠怎样？最近有没有过度劳累？  

患者：晚上睡觉总醒，白天还要上班。上周搬家收拾东西，可能累着了，那之后就开始出血。  

医生：手伸出来把个脉……脉象细滑但力度不足。之前用过西药止血效果不好是吗？  

患者：吃了三天安络血，血没止住，反而腰更酸了。现在都不敢多走动，生怕伤到孩子。  

医生：这是气血不足的表现。母体气血虚弱就像土壤不够肥沃，胎儿得不到充足营养，所以见红腰酸。加上搬家劳累耗气，血不摄胎才会腹痛出血。  

患者：那该怎么办呀？孩子会不会保不住？  

医生：别担心，咱们用补气血、固肾安胎的法子。开个方子用黄芪、人参补气，阿胶熟地养血，再加杜仲固肾止腰酸。平时多吃红枣小米粥，山药炖鸡汤，忌生冷瓜果。  

患者：需要卧床休息吗？  

医生：至少要减少活动，避免提重物。保持心情舒畅很重要，焦虑反而耗气血。先服五剂药，三天后复诊观察出血情况。胎元尚稳，咱们及时调理来得及。  

患者：听您这么说安心多了，我这就按时吃药。","中医疾病诊断：胎动不安
中医证候诊断：气血虚弱证
中医辨病辨证依据（含病因病机分析）：患者在妊娠期间出现阴道少量出血，腰酸、腹痛，故诊断为胎动不安。伴见神疲肢倦，面色白，气短懒言，舌淡苔白，脉细滑，辨证为气血虚弱证。气血虚弱，冲任匮乏，不能载胎养胎，胎元不固，气不摄血，故见阴道出血。
中医治法：补气养血，固肾安胎
方剂名称：胎元饮去当归，加黄芪、阿胶
药物组成：黄芪、人参、杜仲炭、白芍、熟地黄、山药、白术、陈皮、阿胶、炙甘草",国家中医执业（助理）医师资格考试实践技能题库
7,"医生：李妈妈，孩子现在主要哪里不舒服？  
患者：大夫，孩子咳嗽快两周了，干咳没痰，晚上睡觉总出汗，手心脚心摸着烫人。  

医生：咳嗽是白天厉害还是夜里更重？咳嗽时有没有觉得嗓子痒或者疼？  
患者：夜里咳得更勤，嗓子倒是不疼，就是说口干想喝水。对了，这孩子脸蛋总是红扑扑的，像擦了胭脂似的。  

医生：大便情况怎么样？这几天吃东西有胃口吗？  
患者：大便干得很，两三天才拉一次。吃饭也不香，以前爱吃的炸鸡腿都不碰了。  

医生：我看看舌头——舌头红红的，表面有点发干，舌苔很薄。再摸摸脉...脉跳得细又快。孩子生病后是不是容易烦躁哭闹？  
患者：对对，这两天总闹脾气，睡觉也不踏实，翻来覆去的。  

医生：这是肺炎后肺阴受伤了，好比烧久的茶壶水快熬干了，肺里的热气还没散尽。咱们得滋阴润肺，把火气降下来。  

患者：那要怎么调理啊？  
医生：开个润肺止咳的方子，用沙参、麦冬这些滋润的药材。回家用梨子炖银耳当甜品吃，油炸零食和辣椒千万别碰。下午让孩子睡个午觉，别跑跳得太厉害。  

患者：需要喝多久药呢？  
医生：先喝五天，咳嗽减轻后把川贝磨粉拌蜂蜜含着。注意晚上睡觉别盖太厚，汗出多了及时擦干。下周再来复诊看看舌苔变化。","中医疾病诊断：肺炎喘嗽
中医证候诊断：阴虚肺热证
中医辨病辨证依据（含病因病机分析）：因肺炎求诊，经治疗后现仍以咳嗽为主症，故诊断为肺炎喘嗽。干咳少痰，低热盗汗，面色潮红，五心烦热，口干便秘，舌质红乏津，舌苔少，脉细数，辨证为阴虚肺热证。病程迁延，阴津耗伤，肺热减而未清，肺热日久，耗伤肺阴，形成阴虚肺热证。
中医治法：养阴清肺，润肺止咳。
方剂名称：沙参麦冬汤加减。
药物组成：沙参、麦冬、玉竹、天花粉、桑白皮、款冬花、川贝母、芦根、甘草",国家中医执业（助理）医师资格考试实践技能题库
8,"医生：杨女士您好，请说说最近哪里不舒服？  
患者：大夫，我这个月经已经乱套快一年了。这次从2月23号来，到现在半个月了还滴滴答答不干净，血颜色特别淡像掺了水似的。  

医生：出血量最多的时候能用几片卫生巾？现在还有血块吗？  
患者：头两天哗哗地流，一个小时就得换一次日用的。倒是没见血块，就是总觉得身上没劲儿，爬个二楼都喘得厉害。  

医生：手脚平时暖和吗？脸和腿有没有发胀的感觉？  
患者：您这么一说还真是，手脚总跟冰块似的捂不热。早上照镜子脸肿得发亮，小腿一按一个坑，半天才能消下去。  

医生：平时吃饭胃口怎么样？大便成形吗？  
患者：吃两口就饱了，稍微多吃点肚子就胀。大便总是不成形，像烂泥似的每天要解两三次。  

医生：最近工作压力大不大？晚上能睡几个小时？  
患者：去年升职后经常加班，夜里总想着工作的事，顶多睡四五个钟头就醒了。  

医生：舌头伸出来我看看。嗯，舌色淡白苔薄。再把个脉...脉象细弱无力。  

医生：您这是长期操劳加上思虑过重，损伤了脾胃阳气。脾就像身体的""管家""，现在管家累了管不住血，所以经血止不住。水湿运化不好才会浮肿，阳气不足所以畏冷乏力。  

患者：那该怎么调理啊？  
医生：咱们分三步走：第一用黄芪人参给您补气升阳，加上炮姜炭温暖脾胃；第二用龙骨牡蛎收敛止血；第三配合生地白芍调养阴血。先开七剂，每天早饭晚饭后各服一次。  

患者：平时要注意些什么？  
医生：三忌三要记牢——忌生冷瓜果，忌过度思虑，忌剧烈运动；要喝小米山药粥养胃，要用热水袋暖肚子，要保证十点半前睡觉。等出血停了，再来调养根本。","中医疾病诊断：崩漏
中医证候诊断：脾虚证
中医辨病辨证依据（含病因病机分析）：以月经周期异常、行经期异常、经量异常为主症，故诊断为崩漏。血色淡而质薄，气短神疲，面色白，面浮肢肿，手足不温，舌质淡，苔薄白，脉弱，辨为脾虚证。忧思过度，劳倦伤脾，脾气亏虚，统摄无权，冲任失固，不能约制经血而成崩漏。
中医治法：补气升阳，止血调经
方剂名称：举元煎合安冲汤加炮姜炭
药物组成：黄芪、人参、升麻、白术、生龙骨、生牡蛎、海螵蛸、荆芥炭、炮姜炭、生地黄、白芍、茜草、炙甘草",国家中医执业（助理）医师资格考试实践技能题库
9,"医生：小朋友哪里不舒服呀？妈妈帮忙说说情况吧。  
家长：医生您好，孩子这两天突然发烧怕冷，耳朵下面肿得厉害，一碰就疼，饭都吃不下。  

医生：发烧什么时候开始的？肿的位置摸着是不是像充气皮球那样有弹性？  
家长：前天下午开始的，摸着确实鼓鼓的有弹性。昨儿体温到38度，吃了退烧药也没见好。  

医生：咽喉咙红不红？吃东西时候腮帮子疼得更厉害吗？  
家长：对的对的！喝粥都疼得直咧嘴，嗓子看着是有点红。  

医生：有没有头痛或者口干想喝水的情况？大小便怎么样？  
家长：孩子老说脑袋胀痛，这两天特别爱喝水。大便每天一次，小便颜色有点黄，胃口比平时差多了。  

医生：来让阿姨看看舌头......舌质红，舌苔薄黄。再摸摸脉......脉跳得又快又浮，像小羽毛扫过手指的感觉。  

医生：这是得了痄腮，中医叫""邪犯少阳""。外边的毒邪从口鼻进来，堵在耳部周围的经络，气血不通就肿痛发烧。咱们用疏风清热的中药，配合外敷消肿。  

家长：需要吃多久药？要注意些什么吗？  

医生：先开五剂柴胡葛根汤，每天喝两次。家里有仙人掌的话，去刺捣烂敷肿处，能帮助消肿。这几天吃流食，避开酸辣油腻，多喝温绿豆汤。学校最近有类似病例的话，先在家休息避免传染。  

家长：好的，记下了。外敷要敷多久呀？  

医生：每次敷半小时，每天三次。注意观察体温，如果三天不退烧或者肿得更厉害，随时复诊。","中医疾病诊断：痄腮（流行性腮腺炎）
中医证候诊断：邪犯少阳证
中医辨病辨证依据（含病因病机分析）：患者发热恶寒两天，两耳下腮部肿大疼痛，边缘不清，触之有弹性感，压痛明显，吞食时腮痛，中医辨病为痄腮（流行性腮腺炎）。发热恶寒，头痛，咽红，纳少，舌质红，苔薄黄，脉浮数，辨为邪犯少阳证。邪毒从口鼻而入，邪郁肌表，故有发热恶寒；足少阳胆经绕耳而行，邪郁少阳经脉，与气血相搏，凝滞耳下腮部，故腮部肿胀疼痛；经脉受阻，关节不利，故咀嚼不便；邪毒上扰清阳，故头痛；邪扰脾胃，则纳少。
中医治法：疏风清热，散结消肿
方剂名称：柴胡葛根汤加减
药物组成：柴胡、黄芩、牛蒡子、葛根、桔梗、金银花、连翘、板蓝根、夏枯草、赤芍、僵蚕",国家中医执业（助理）医师资格考试实践技能题库
10,"患者：大夫，我这腰疼得实在受不了，您快给看看吧。这五天干活回来腰就跟灌了铅似的沉甸甸的，还一阵阵发烫。

医生：来，慢慢说。这腰疼是像针扎的刺痛还是闷着疼？除了沉重发热，下雨天是不是更难受？

患者：对对，昨天下雨疼得直不起腰！倒是活动几下能缓点劲儿。现在腰像压了块热石板，坐着躺着都硌得慌。

医生：小便怎么样？颜色气味重不重？最近有没有淋雨或者睡潮地方？

患者：您这么一说，小便确实黄得很，排尿时尿道还火辣辣的。大前天收麦子时淋了场急雨，衣服湿着干完活的。

医生：把舌头伸出来看看...舌头发红，苔又黄又厚。手放脉枕上...脉摸起来滑溜溜的像珠子滚。吃饭睡觉怎么样？

患者：天热就爱喝凉水，吃了两回冰西瓜。晚上翻来覆去睡不着，身上黏糊糊的总冒汗。

医生：你这病是湿热缠腰了。夏天暑气重，淋雨湿气钻进经络，加上劳作出大汗，湿和热拧成团堵在腰眼。治要清湿热、通经络。开个方子：苍术12克、黄柏9克、生薏米30克...再加点木瓜舒筋。药汁别放凉喝，温着服。

患者：记下了。平时要注意啥？

医生：三条要紧事：一忌酒和辛辣，二别直接睡凉席垫个棉布单，三每天煮点冬瓜薏米汤当水喝。这周少干重活，汗湿衣服及时换。三天后复诊看舌苔变化。","中医疾病诊断：腰痛
中医证候诊断：湿热证
中医辨病辨证依据（含病因病机分析）：患者以腰部疼痛、重着为主症，故中医辨病为腰痛。重着而热，遇阴雨天气症状加重，活动后可减轻，身体困重，小便短赤，舌苔黄腻，脉濡数，辨证为湿热证。湿热壅遏，经气不畅，筋脉失舒而发为腰痛。
中医治法：清热利湿，舒筋止痛。
方剂名称：四妙丸加减。
药物组成：苍术、黄柏、薏苡仁、川牛膝、木瓜、络石藤、栀子、生地黄、泽泻",国家中医执业（助理）医师资格考试实践技能题库
11,"医生：今天来看诊主要哪里不舒服？

患者：医生啊，我这半年来特别容易饿，刚吃完饭没多久肚子又咕咕叫。每天要喝好几大杯水还是口干，小便也特别多，跑厕所跑得同事都笑话我。您看我这衣服都松了一圈，明明吃得不少还瘦了十来斤。

医生：这饿得厉害的时候，是喜欢喝凉水还是热水？有没有胃里烧心的感觉？

患者：就爱喝冰凉的才舒服，有时候吃完东西胃那里火辣辣的，像有团火在烧。最近大便也特别费劲，像羊粪球一样，三四天才解一次。

医生：平时工作压力大吗？饮食口味偏重吗？

患者：我是高三班主任，天天忙得脚不沾地，性子急您可别见怪。就爱吃麻辣火锅、烧烤这些重口味，无辣不欢嘛。

医生：舌头伸出来看看...舌质比较红，舌苔发黄。来，我把把脉...脉象确实滑实有力。平时睡觉踏实吗？有没有夜间盗汗？

患者：睡觉倒是还行，就是半夜老被尿憋醒。出汗倒是不多，就是总觉得身上燥得慌。

医生：综合来看，您这个情况中医叫""消渴""，属于胃火旺盛的类型。长期吃辛辣刺激食物，加上工作紧张，导致胃里积热，就像灶火太旺把体内津液都烤干了，所以会多饮多食却消瘦便干。

患者：那该怎么调理呢？

医生：给您开个清胃火、滋阴液的方子，用石膏、知母这些清热药，加上生地、麦冬滋养阴液。平时要忌辛辣油炸，多吃百合、银耳这些润燥的食物。工作再忙也要保证午休，遇事深呼吸数到十再处理。先服七剂，下周复诊调整药量。","中医疾病诊断：消渴
中医证候诊断：中消-胃热炽盛证
中医辨病辨证依据（含病因病机分析）：患者以多食易饥，口渴，尿多，形体消痩为主症，中医辨病为消渴。多食易饥，大便干燥，苔黄，脉滑实有力，为中消之胃热炽盛证。有嗜食辛辣食物史，胃火内炽，胃热消谷，耗伤津液。病位在肺胃肾，病性以阴虚为本，燥热为标。
中医治法：清胃泻火，养阴增液
方剂名称：玉女煎加减
药物组成：生石膏、知母、黄连、栀子、天花粉、生地黄、麦冬、川牛膝、玄参、生甘草",国家中医执业（助理）医师资格考试实践技能题库
12,"医生：胡先生，今天来看诊是哪里不舒服呀？  
患者：哎大夫，我这一个月浑身发肿，尤其两条腿肿得厉害，一按一个坑，半天都弹不回来。  

医生：肿起来之前有没有受凉或者住的地方比较潮湿？  
患者：您一说我想起来了！我们村边上就是水田，屋里常年返潮，被褥摸着都湿漉漉的。  

医生：除了浮肿，小便怎么样？每天能解几次？颜色深吗？  
患者：尿特别少，一天就两三回，颜色倒是不黄，就是量少得慌。身上还沉甸甸的，像背着沙袋，胸口也闷得慌。  

医生：吃饭怎么样？有没有恶心想吐的感觉？  
患者：别提了！看见饭就犯恶心，勉强吃两口胃里就顶得慌。这两天连炒菜的油腥味都闻不得。  

医生：伸舌头我看看……舌苔白厚腻，像是蒙了层霜。手放这里把脉……脉沉缓，像是水流过沙地似的。平时容易累吗？手脚发凉吗？  
患者：是容易乏劲儿！不过手脚倒不凉，就是干活使不上力气。  

医生：您这是长期住湿地，水湿伤脾引起的水肿。脾被湿困住，就像发动机进了水转不动，水液排不出去就泛滥成肿。  

患者：那能治吗？要不要吃利尿药？  
医生：咱们中医调理要从根上治。给您开运脾化湿的方子，用五皮饮配合胃苓汤加减。桑白皮、茯苓皮这些利水消肿，苍术、厚朴醒脾燥湿，桂枝通阳就像给身体架个小太阳。  

患者：平时要注意啥？  
医生：三条记牢：第一忌生冷瓜果和肥肉，第二住处要通风除湿，第三每天煮点赤小豆薏米粥当早饭。先服七剂，下周来复诊看肿势消退情况。","中医疾病诊断：水肿
中医证候诊断：水湿浸渍证
中医辨病辨证依据（含病因病机分析）：患者以全身逐渐水肿，下肢明显为主症，中医辨病为水肿。全身逐渐水肿，下肢明显，按之没指，小便短少，身体困重，胸闷纳呆，泛恶，舌苔白腻，脉沉缓，属于水湿浸渍证。久居湿地，水湿内侵，脾气受困，脾阳不振，运化失职，水液犯溢于肌肤发为水肿。病变部位在脾，病性属本虚标实证。
中医治法：运脾化湿，通阳利水
方剂名称：五皮饮合胃苓汤加减
药物组成：桑白皮、陈皮、大腹皮、茯苓皮、生姜皮、苍术、厚朴、草果、桂枝、白术、茯苓、猪苓、泽泻",国家中医执业（助理）医师资格考试实践技能题库
13,"医生：许先生，请说说现在哪里最不舒服？  
患者：哎哟大夫，我这头胀痛得厉害，尤其是太阳穴两边，像有根筋在扯着跳，这情况断断续续有两年了，最近一个月跟家里吵架后疼得更凶了。  

医生：头痛发作时有怕冷或发热的感觉吗？平时什么情况下会加重？  
患者：倒是不怕冷，但一生气或者熬夜后立马疼得坐不住，太阳穴突突地跳，还带着眼睛发胀。  

医生：夜里睡得踏实吗？有没有口干口苦的情况？  
患者：别提了，晚上翻来覆去睡不着，好不容易眯着还老做梦。早上起来嘴里发苦，照镜子脸还红扑扑的。对了，这两边肋骨下面也时不时闷痛。  

医生：最近胃口怎么样？大便通畅吗？  
患者：吃饭还行，就是老爱打嗝。大便干得很，两三天才解一次。  

医生：舌头伸出来我看看……舌质偏红，舌苔发黄。来，我给你把个脉。嗯，脉摸着像琴弦一样绷得紧，跳得也快。  

医生：您这情况属于肝阳上亢引起的头痛。长期情绪不畅导致肝火偏旺，火气带着气血往上冲，所以头痛集中在两侧，伴随口苦、失眠。我给您开个平肝降火、安神的方子，用天麻钩藤饮加减调理。  

患者：那平时要注意些什么？  
医生：第一要避免动怒，遇事深呼吸调节情绪。晚上十点前卧床闭目养神，忌辛辣烧烤和羊肉这些助火的食物。可以每天按揉太阳穴和太冲穴各五分钟。先服七剂药，头痛缓解后记得来调方。  

患者：好的，我记下了。这药饭前喝还是饭后？  
医生：饭后半小时温服，服药期间若出现腹泻要及时告诉我。保持心情平和，头痛会逐渐缓解的。","中医疾病诊断：头痛
中医证候诊断：内伤头痛-肝阳头痛
中医辨病辨证依据（含病因病机分析）：以头痛为主症，中医辨病为头痛。两侧为重，心烦易怒，夜寐不宁，口苦面红兼有胁痛，舌红黄，脉弦数，证属肝阳头痛。有头痛病史，情志不畅，肝失条达，气郁化火，阳亢风动。病位在部，病性属里属实。
中医治法：平肝潜阳息风
方剂名称：天麻钩藤饮加减
药物组成：天麻、石决明、怀牛膝、钩藤、黄芩、朱茯神、桑寄生、杜仲、栀子、益母草、首乌藤",国家中医执业（助理）医师资格考试实践技能题库
14,"医生：庞阿姨您好，请坐。您主要哪里不舒服？

患者：大夫啊，我最近这一个月整宿翻来覆去睡不着，有时候天亮了还睁着眼。稍微有点动静就吓一跳，心里扑通扑通跳得厉害。

医生：这种睡不好觉的情况以前也有过吗？

患者：断断续续有六年了，不过之前还能迷糊睡会儿。上个月楼下邻居家遭了贼，我听着动静后就开始整宿睡不着了。

医生：白天精神怎么样？有没有容易累或者出汗的情况？

患者：现在走两步就喘大气，后背衣服老是汗津津的。白天总感觉浑身没劲儿，连择菜的手都抬不起来。

医生：平时吃饭胃口如何？大小便正常吗？

患者：吃饭倒还凑合，就是不敢多喝水，夜里总起夜。大便有点稀软，每天要解两三次。

医生：舌头伸出来我看看。嗯，舌色偏淡，苔薄白。手放这里给您搭个脉。

患者：我这病还能治好吗？现在连看电视都不敢看警匪片，听见敲门声心就揪着。

医生：您这是心胆气虚的体质，平时就容易受惊，这次受惊吓后心神失养，就像灯笼没了支架，风一吹就晃得厉害。给您开个益气安神的方子，用党参、茯苓这些补气的药，配上酸枣仁、龙齿安神镇惊。

患者：那我要注意些什么呢？

医生：下午四点后别喝茶水，晚上用热水泡泡脚。让家人陪着散散步，但别去人多吵闹的地方。药先吃七天，每天中午和睡前各服一次。下次复诊咱们再调调方子。","中医疾病诊断：不寐
中医证候诊断：心胆气虚证
中医辨病辨证依据（含病因病机分析）：患者以寐而不酣为主症，中医辨病为不寐。虚烦不寐，有时彻夜难寐，触事易惊，终日惕惕，胆怯心悸，伴气短自汗，倦怠乏力，舌淡，脉弦细，辨证为心胆气虚症胆小怕事，复受惊吓，心胆虚怯，心神失养，神魂不安，而引发本病。
中医治法：益气镇惊，安神定志
方剂名称：安神定志丸合酸枣仁汤加减
药物组成：党参、茯苓、炙甘草、远志、酸枣仁、石菖蒲、川芎、龙齿、知母",国家中医执业（助理）医师资格考试实践技能题库
15,"医生：王姑娘请坐，哪里不舒服最明显？

患者：大夫，我这右边肋骨下面老是隐隐作痛，三年了一直没断根。最近在饭店端盘子忙起来疼得更厉害，像有根细线在里头扯着似的。

医生：这疼痛是持续不断还是时轻时重？用手按着会不会舒服些？

患者：倒是一直隐隐约约疼着，忙起来就加重，按着也不见好。有时候半夜口干得厉害，得起来喝两回水，心里还老是燥得慌。

医生：平时眼睛会不会发干？最近有没有头晕的情况？

患者：您这么一说还真是，看手机久了眼前会发花，上周弯腰擦桌子猛一起身，眼前突然发黑差点摔倒。

医生：胃口怎么样？大小便正常吗？

患者：吃饭倒还正常，就是总感觉喉咙干，大便有点干结。晚上睡觉也不踏实，老做梦。

医生：舌头伸出来我看看...舌质偏红，舌苔很少。来，把手放脉枕上。最近工作是不是比较劳累？情绪怎么样？

患者：饭店里每天要站八九个小时，确实累得很。前阵子和同事闹别扭，气得胸口发闷，那几天疼得更厉害。

医生：脉象细弦偏快。你这是长期操劳加上情志不畅，导致肝肾阴液亏虚了。肝经循行经过胁肋部，阴血不足就像机器缺了润滑油，经络得不到滋养就会隐痛不休。遇劳加重、口干烦热这些也都是阴虚内热的表现。

患者：那要怎么调理呢？

医生：咱们分两步走，先用养阴柔肝的中药调理，方子用一贯煎加减，能滋养肝肾、疏通经络。另外要注意避免熬夜，工作时每隔一小时坐下歇歇脚，花生红枣粥可以常煮来喝，辛辣油炸的暂时别碰。

患者：需要喝多久药呢？

医生：先服两周，等口干和睡眠改善后调整方子。记得保持心情舒畅，生气时做做深呼吸，有空按揉脚背上的太冲穴。下周三复诊时咱们再看看舌脉变化。","中医疾病诊断：胁痛
中医证候诊断：肝络失养证
中医辨病辨证依据（含病因病机分析）：患者有肝炎病史，并且反复发作，近3年来右胁肋部一直隐隐作痛，中医辨病为胁痛。遇劳加重，口干咽燥，心中烦热，头晕目眩，舌红少苔，脉细弦而数，辨为肝络失养证。久病耗伤，肝肾阴亏，精血耗伤，肝络失养，不荣则痛。病位在肝胆，病性属虚。
中医治法：养阴柔肝
方剂名称：一贯煎加减
药物组成：生地黄、枸杞、黄精、沙参、麦冬、当归、白芍、川楝子、制香附、炙甘草、延胡索",国家中医执业（助理）医师资格考试实践技能题库
16,"医生：张阿姨您好，请坐。最近哪里不舒服呀？  
患者：大夫，我这胸口老是闷得慌，有时候还一阵阵抽着疼，这毛病反反复复三年了。四天前跟儿子吵架后疼得更厉害了，晚上睡觉都心慌得厉害。  

医生：疼的位置固定在胸口中间吗？是像针扎那样尖锐，还是发闷发沉的疼？  
患者：就是心口窝这块儿发闷，像压了块石头似的。疼起来还连着后背发酸，倒不像是针扎那么尖利。  

医生：白天疼得多还是晚上更明显？有没有怕冷或者发热的感觉？  
患者：白天干活累着了容易犯，晚上躺下反而更难受。身上倒是不冷，就是总感觉心里燥得慌，手心脚心发热。  

医生：睡觉怎么样？夜里会出冷汗吗？  
患者：唉，别提了！整宿整宿睡不着，好不容易眯着，衣服都被冷汗浸湿了。这两天腰也酸得直不起来，耳朵里嗡嗡响，嘴巴干得喝水都不管用。  

医生：大便情况如何？平时爱着急生气吗？  
患者：四五天没解大手了，拉出来都是羊粪蛋似的硬疙瘩。儿子工作不顺心，我这当妈的跟着着急上火也不是一两天了。  

医生：舌头伸出来我看看...舌头发红，表面有点干。给您把个脉...（切脉动作）脉跳得细又快。您这是心肾阴虚引起的胸痹。长期操劳加上情绪波动，耗伤了阴液，心火得不到肾水滋养，血脉运行就不顺畅了。  

患者：那该怎么调理啊？  
医生：咱们分两步走。先开七剂滋阴降火的中药，用天王补心丹配合炙甘草汤加减，能缓解心悸失眠、润肠通便。另外您要特别注意——每天喝些银耳百合粥，辛辣燥热的羊肉、辣椒千万别碰，晚饭后散步半小时放松心情。等这周复诊咱们再根据情况调整药方。  

患者：记住了，那我按时吃药，先把家里那些腊肉收起来不吃。","中医疾病诊断：胸痹
中医证候诊断：心肾阴虚
中医辨病辨证依据（含病因病机分析）：以心胸闷痛为主症，诊断为胸痹。心悸，盗汗，心烦，不寐，腰酸膝软，头晕耳鸣，口干便秘，舌红少律，苔薄，脉细数，辨证为心肾阴虚证。年过半百，肾阴亏虚，水不济火，虚热内灼，心失所养，血脉不畅，而引发本病。
中医治法：滋阴清火，养心和络
方剂名称：天王补心丹合炙甘草汤加减
药物组成：生地黄、玄参、沙参、麦门冬、五味子、酸枣仁、柏子仁、当归、火麻仁、丹参、茯苓、远志、炙甘草",国家中医执业（助理）医师资格考试实践技能题库
17,"医生：刘先生哪里不舒服？  

患者：大夫，我这胃胀痛得厉害，昨天吃多了之后就开始难受。现在一碰胃这里就疼，还老打嗝，一股酸腐味儿，早上吐了一次才好点。  

医生：具体是哪个位置痛？能描述下疼痛的感觉吗？  

患者：就胸口下面这一片（手指胃脘部），像有东西顶着似的胀痛，还火辣辣的。  

医生：这两天吃了什么特别的东西吗？呕吐物是什么样子的？  

患者：前天朋友聚会吃了不少烤肉，还喝了酒。吐出来的都是没消化的食物，酸臭酸臭的，吐完倒是舒服些了。  

医生：现在还有食欲吗？大小便怎么样？  

患者：完全不想吃饭，这两天就喝了点粥。大便有点黏，解不干净的感觉。  

医生：舌头伸出来我看看……舌苔很厚，白腻腻的。手放这里把个脉。（稍停顿）脉象滑利有力。最近情绪怎么样？有没有过度劳累？  

患者：工作压力大，经常加班，不过这几天倒没怎么累着。  

医生：您这是饮食不节制，烤肉油腻加上饮酒，导致食积停滞在胃里。食物堵着不通就胀痛，胃气上逆就打嗝呕吐，舌苔厚腻、脉滑都是食积的典型表现。  

患者：那该怎么治啊？  

医生：先用保和丸加减消食导滞，把积滞化开胃气就和了。方子用炒山楂、炒麦芽这些消食药，加上茯苓、半夏健脾止呕。最近一定清淡饮食，白粥青菜为主，忌油腻生冷。  

患者：需要吃几天药？  

医生：三剂后会明显缓解，如果胀痛加重或发热要及时复诊。记住每餐七分饱，细嚼慢咽。这两周千万别再暴饮暴食了。","中医疾病诊断：胃痛
中医证候诊断：饮食伤胃证
中医辨病辨证依据（含病因病机分析）：患者以胃脘胀痛为主症，辨病为胃痛。患者进食较多，胃脘疼痛、胀满拒按，嗳腐吞酸，呕吐，吐后痛减，不思饮食，舌苔厚腻，脉滑，证属饮食伤胃证。饮食不节，饮食积滞，阻塞胃气，不通则痛。
中医治法：消食导滞，和胃止痛
方剂名称：保和丸加减
药物组成：炒山楂、炒神曲、炒莱菔子、炒麦芽、茯苓、制半夏、陈皮、连翘、枳实、槟榔",国家中医执业（助理）医师资格考试实践技能题库
18,"医生：李女士您好，请说说哪里不舒服？

患者：医生，我这一个月总干咳得厉害，喉咙痒得像有小刷子在挠，一咳嗽胸口就扯着疼。昨天早上咳着咳着竟吐出两口血丝，吓得我赶紧来医院。

医生：咳血颜色是鲜红还是暗红？白天咳得厉害还是夜里更重？

患者：血是鲜红色的，就两三次。下午开始身上一阵阵发烫，量体温又不烧。晚上睡觉总被汗浸醒，枕头都湿透了。

医生：手脚心发热吗？平时容易着急生气吗？

患者：对对，手心脚心像揣着暖手宝似的。最近工作压力大，确实总跟同事发火，回家也睡不踏实。

医生：胃口如何？最近体重有变化吗？

患者：吃饭不香，这一个月瘦了四斤多。大便干得像羊粪蛋，小便也黄。

医生：伸舌头我看看。嗯，舌头发红，舌苔又薄又黄还缺了几块。手腕给我把个脉...脉象细快，像琴弦轻弹。

患者：我这到底怎么回事啊？

医生：您这是肺阴亏虚，虚火内扰的肺痨证。好比油灯里油少了，火苗就会乱窜，灼伤肺络就咯血，虚火蒸腾就潮热盗汗。咱们要用百合固金汤配合秦艽鳖甲散来滋阴降火。

患者：那要吃多久药？平时要注意什么？

医生：先服两周，我加了百合、麦冬润肺，鳖甲、生地滋阴，百部杀虫。记得忌辛辣燥热之物，银耳百合粥可以常吃。工作时备个保温杯，用麦冬、沙参泡水当茶饮。保持心情舒畅，切勿熬夜耗阴。","中医疾病诊断：肺痨
中医证候诊断：虚火灼肺证
中医辨病辨证依据（含病因病机分析）：患者以呛咳气急，咯血，潮热，盗汗，形体逐渐消瘦为主症，中医辨病为肺痨。偶有咯血，血色鲜红，午后潮热，五心烦热，急躁易怒，夜寐盗汗，舌干而红，苔薄黄而剥，脉细数，辨为虚火灼肺证。感受痨虫，肺肾阴伤，水亏火旺，燥热内灼，络损血溢。病位在肺，病性为阴虚。
中医治法：滋阴降火
方剂名称：百合固金汤合秦艽鳖甲散加减
药物组成：百合、百部、南沙参、北沙参、麦冬、玉竹、白及、丹皮、生地黄、秦艽、鳖甲",国家中医执业（助理）医师资格考试实践技能题库
19,"医生：今天来看诊是哪里不舒服呢？  
患者：大夫，我这右边胳膊腿总是不由自主抽抽，有两年了。每次发作大概五分钟，抽完又跟没事人似的。最近左边太阳穴这块儿疼得厉害，像有锤子敲似的。  

医生：发作前有没有预兆？比如眼前发黑或者心慌？  
患者：有时候突然感觉脑袋嗡的一下，紧接着就抽起来了。  

医生：平时容易头晕吗？干活累着或者生气后会不会加重？  
患者：对！一熬夜搬重物准犯病，前阵子跟人吵架那次抽得最厉害。不过胃口还行，就是大便总发干。  

医生：伸手我看看舌苔......舌头上颜色偏暗，苔倒是薄白的。再诊个脉——脉摸着像琴弦似的绷着。小时候头有没有受过伤？  

患者：您这么一说，我八岁那年从房顶摔下来，左边脑袋着地，肿了半个月呢！  

医生：这病根就在当年的外伤。瘀血堵了脑窍，好比河道堵了会发洪水，经络不通就抽风作痛。给您开个活血通络的方子：赤芍、川芎这些化瘀的，配上地龙、全蝎这类止抽的虫药。  

患者：那这药得喝多久？平时要注意啥？  

医生：先服两周观察发作频率。记住别熬夜搬重物，少跟人争执。辣椒、烧烤这些上火的东西千万别碰，多吃些黑木耳、山楂这些活血的食材。下次复诊咱们看情况调整药量。","中医疾病诊断：痫病
中医证候诊断：瘀阻脑络证
中医辨病辨证依据（含病因病机分析）：有头部外伤史，以发作性肢体抽搐为主症，诊断为痫病。发作性右侧肢体抽搐，发作间期肢体无明显不适，伴左侧头痛，颜面口唇色暗，舌暗红，苔薄白，脉弦，辨证为瘀阻脑络证。头部外伤，瘀血阻窍，脑络闭塞，脑神失养而风动，发为本病。
中医治法：活血化瘀，息风通络
方剂名称：通窍活血汤加减
药物组成：赤芍、川芎、桃仁、红花、地龙、僵蚕、全蝎、姜黄",国家中医执业（助理）医师资格考试实践技能题库
20,"医生：赵女士哪里不舒服？先说说最难受的症状吧。  
患者：医生，我这三天一直反酸水想吐，特别是吃完饭更厉害，吐出来的都是酸水。胸口两边也扯着疼，打嗝打个不停。  

医生：这次犯病前有没有特别的事情？比如情绪波动或者吃了特别的东西？  
患者：上周跟家长吵架后就这样了。其实平时也常觉得胃里不舒服，喉咙像卡着东西，但这次特别严重。  

医生：胃胀得厉害吗？现在吃饭怎么样？  
患者：看见饭菜就犯怵，勉强吃两口就堵得慌。这两天连粥都喝不下多少。  

医生：大便还顺畅吗？小便颜色深不深？  
患者：大便有点黏马桶，小便倒还正常。就是总爱叹气，控制不住要发脾气。  

医生：舌头伸出来我看看...舌头发红，苔有点薄腻。手放这里诊脉...脉摸着像琴弦似的紧绷绷的。  

医生：您这个病根在肝气不舒。吵架后肝火更旺，带着胃气上逆，所以反酸呕吐。喉咙堵、胸胁胀都是气机不畅的表现。  

患者：那要怎么调理呢？  
医生：给您开个疏肝和胃的方子，用苏叶、香附这些理气药，配合半夏、茯苓健脾胃。生姜大枣护着胃气，再加点栀子清郁热。  

患者：平时要注意什么？  
医生：这三周要特别注意情绪平稳，遇事先深呼吸。饮食忌辛辣油腻，竹笋、芋头这些滞气的食物别碰。可以煮点陈皮小米粥养胃。","中医疾病诊断：呕吐
中医证候诊断：肝气犯胃证
中医辨病辨证依据（含病因病机分析）：以呕吐吞酸为主症，诊断为呕吐。患者情绪不畅，嗳气频繁，胸胁胀痛，纳欲欠佳，舌质红，苔薄腻，脉弦，辨证为肝气犯胃证。情志不遂，肝气不疏，横逆犯胃，胃失和降，引发本病。
中医治法：疏肝理气，和胃降逆
方剂名称：四七汤加减
药物组成：苏叶、厚朴、半夏、茯苓、香附、栀子、生姜、大枣",国家中医执业（助理）医师资格考试实践技能题库
21,"医生：廖先生请坐，哪里不舒服最明显？  
患者：大夫，我这肚脐周围像针扎一样疼，都半年了。最近一周疼得更厉害，晚上躺床上尤其难熬。  

医生：这刺痛感是一直固定在同一个位置吗？按压的时候会不会加重？  
患者：对对，就肚脐这一圈疼，手按上去疼得更厉害，像被戳到伤口似的。  

医生：受伤之后才开始疼的吗？当时怎么处理的？  
患者：半年前被车撞到肚子，检查都说没事，但后来就落下了这个病根。之前吃过些药，效果不大。  

医生：仔细说说疼痛的规律。白天和晚上差别大吗？吃饭后会不会变化？  
患者：白天稍微轻点，晚上钻心地疼，整宿睡不踏实。吃饭倒是不影响，就是总感觉肚子里有东西顶着。  

医生：大小便怎么样？最近胃口如何？  
患者：大便有点发黑，小便正常。胃口还行，就是不敢多吃，怕撑着难受。  

医生：舌头伸出来看看。嗯，舌头发暗有瘀点。手放这里给您把脉......脉象细涩不畅。您这病是外伤导致瘀血停在腹中，就像水管里堵了泥沙，气血不通才会刺痛拒按。  

患者：难怪总觉着肚子里有东西硌着！那该怎么治啊？  

医生：需要活血化瘀疏通经络。给您开少腹逐瘀汤加减，用蒲黄、五灵脂这些化瘀药，配合温通的小茴香、肉桂。药方里还会加延胡索专门止痛。  

患者：平时要注意些什么？  

医生：生冷油腻的别碰，尤其冰镇饮料要忌口。晚上可用热水袋温敷肚脐，别穿露脐装。保持情绪平稳，这病最怕肝气郁结加重血瘀。先服七剂，下周复诊调整药量。","中医疾病诊断：腹痛
中医证候诊断：瘀血内停证
中医辨病辨证依据（含病因病机分析）：根据患者出现脐腹部位疼痛6个月的临床表现，诊断为腹痛。由于患者因外伤后致病，脉络瘀阻，瘀血阻滞腹内脏腑经络，故脐腹刺痛，疼痛固定，入夜更甚；瘀血屈有形之实邪，故脐痛拒按；舌质紫暗，脉涩均为瘀血内阻之象；因此辨证为瘀血内停证。
中医治法：活血化瘀，和络止痛
方剂名称：少腹逐瘀汤加减
药物组成：生蒲黄、五灵脂、没药、当归、川芎、延胡索、赤芍、小茴香、肉桂、干姜",国家中医执业（助理）医师资格考试实践技能题库
22,"患者：大夫，我这拉肚子快一年了，时好时坏的，最近特别遭罪。您看这肚子老是咕噜咕噜响，像有股气在里头乱窜似的疼，一天得跑三四趟厕所，拉出来的都是稀汤汤。

医生：这情况是从什么时候开始加重的？排便前腹痛会明显些吗？

患者：上周跟单位同事置气之后突然厉害了。要解手前肚子绞着疼，解完能稍微松快点。对了，我这肋骨下面老是发紧，打个嗝能舒服些，吃饭也没胃口。

医生：平时容易着急上火吗？睡觉怎么样？大便有没有粘液或者灼热感？

患者：我这工作压力大，遇到烦心事就睡不踏实。大便倒是不烫，就是不成形，有时候还带着没消化的菜叶子。对了，总觉得身上没劲儿，肚子胀得像揣了个气球。

医生：舌头伸出来我看看。舌色偏淡，苔薄白...再把个脉。脉象弦细，左关部尤其明显。平时爱吃凉东西吗？有没有着凉史？

患者：夏天倒是常喝冰镇啤酒，不过入秋后注意了。就是这肚子特别怪，一生闷气准要闹肚子。

医生：您这是肝气郁结影响了脾胃功能。中医讲肝木克脾土，情绪波动导致肝气横逆，脾运化水谷的功能就失常了。加上长期饮食不节，形成肝强脾弱的局面，所以会出现腹痛即泻、胸胁胀闷这些症状。

患者：那该怎么调理呢？需要喝中药吗？

医生：给您开个调和肝脾的方子，用炒白术健脾，白芍柔肝，配柴胡、香附疏解肝郁，再加茯苓、白扁豆利湿止泻。平时可以煮些山药小米粥养胃，忌食生冷辛辣。最重要的是保持情绪舒畅，遇到烦心事可以做做深呼吸或者散步转移注意力。

患者：吃药期间有什么需要特别注意的吗？

医生：每天记录排便情况和情绪变化，两周后复诊调整药方。如果遇到腹泻严重时可以暂时用炒米煮水喝。记住，管理情绪和规律饮食与服药同等重要。","中医疾病诊断：泄泻
中医证候诊断：肝气乘脾证
中医辨病辨证依据（含病因病机分析）：以便次增多，大便稀溏为主症诊断为泄泻。泄泻，腹部攻窜作痛，大便稀溏，每日3次，伴见体倦乏力，胸胁胀闷，嗳气食少，脘腹胀满，舌淡红，苔薄白，脉弦，辨证为肝气乘脾证。肝气不舒，横逆犯脾，脾失健运，而引发本病。
中医治法：抑肝扶脾
方剂名称：痛泻药方加减
药物组成：陈皮、白芍、白术、防风、柴胡、木香、香附、茯苓、鸡内金、焦山楂、白扁豆",国家中医执业（助理）医师资格考试实践技能题库
23,"医生：周大姐，今天主要哪里不舒服？
患者：哎哟大夫，我这拉肚子反反复复一年了，现在大便里总带着红白黏液，特别黏糊糊的。尤其是肚脐下面火烧火燎地疼，一到晚上更厉害，疼得人都睡不着觉。

医生：这灼痛感是持续性的还是阵发性的？解完大便会不会缓解些？
患者：疼起来就没个停的时候，解完手能好那么几分钟，过会儿又开始了。最近还老觉得口干，心里烦躁得很，水喝多少都不解渴。

医生：平时吃饭胃口怎么样？有没有特别想喝凉的还是热的？
患者：吃不下东西啊，稍微吃点就觉得肚子胀。倒是总想喝点凉水润润，可喝了又怕拉得更厉害。

医生：夜里盗汗吗？手脚心有没有发热？
患者：您这一说还真是，晚上睡觉总出虚汗，手心脚心烫得都能煎鸡蛋了。

医生：舌头伸出来我看看。嗯，舌头上津液少，中间这里还有几块剥落的地方。脉摸着细数，像琴弦似的跳动很快。您这病拖了这么久，最开始是不是吃了不干净的东西？

患者：可不嘛！去年夏天吃了隔夜菜，上吐下泻还发烧，当时没当回事，后来就落下这病根了。

医生：咱们现在要标本兼治。给您开个养阴清热、调理肠道的方子，用黄连清湿热，阿胶白芍养阴血，再加点止血的仙鹤草。平时注意忌口，油炸辛辣绝对不能碰，煮点山药粥养养脾胃。

患者：那这药得吃多久啊？晚上疼得厉害能热敷吗？

医生：先服七剂观察，煎药时记得把阿胶烊化。腹部不要直接热敷，可以用温水袋隔着衣服暖一暖。保持心情舒畅很重要，焦虑紧张会加重病情。","中医疾病诊断：痢疾
中医证候诊断：阴虚痢
中医辨病辨证依据（含病因病机分析）：以痢下赤白脓血，日久不愈为主症，诊断为痢疾。痢下赤白，日久不愈，脓血黏稠，伴有脐下灼痛，食少，心烦口干，至夜转剧，舌红绛少津，苔花剥，脉细数，辨证为阴虚痢。久病伤阴，阴虚湿热，肠络受损，而引发本病。
中医治法：养阴和营，清肠化湿
方剂名称：黄连阿胶汤合驻车丸加减
药物组成：黄连、阿胶、黄芩、白芍、当归、炮姜、仙鹤草、丹皮",国家中医执业（助理）医师资格考试实践技能题库
24,"医生：龚女士您好，请说说最近哪里不舒服？  
患者：大夫，我这三个月大便特别费劲，两三天才解一次，肚子还疼得厉害。  

医生：具体是哪种痛法？是隐隐作痛还是绞痛？  
患者：每次要解手之前小腹突然抽筋似的疼，摸着肚子硬邦邦的，一碰更疼。  

医生：手脚发凉吗？平时喜欢吃生冷食物吗？  
患者：您这么一说，我确实手脚冰得很，夏天最爱喝冰镇饮料，冬天也常吃水果。  

医生：呕吐过吗？平时会不会反酸打嗝？  
患者：最近半个月吃完东西总往上反，昨天还吐了两次，吐完肚子倒是松快些。  

医生：舌头伸出来看看。嗯，舌苔白厚像铺了层霜。把个脉......脉绷得紧像琴弦。您这情况多久没注意保暖了？  

患者：工作忙起来经常熬夜，办公室空调开得足，这半年压力大就靠冷饮提神。  

医生：您这是寒气在肠胃里扎了根。冷饮伤阳气，空调寒气入侵，肠道像冻住的河道，大便自然走不动，腹痛呕吐都是寒气作祟。  

患者：那要怎么调理呢？  

医生：咱们分三步走：第一周用温阳散寒的中药化开寒冰，方子里会加干姜、附子这些暖胃的药；第二要注意忌口，冷饮水果暂停，每天晨起喝碗姜枣茶；第三睡前用热水袋敷肚脐半小时。  

患者：好的，那这个药苦吗？  

医生：药里特意加了甘草调和，不会太苦。切记服药期间不能着凉，下周三记得复诊看看舌苔变化。","中医疾病诊断：便秘
中医证候诊断：冷秘
中医辨病辨证依据（含病因病机分析）：以大便艰涩难解为主症，诊断为便秘。大便艰涩，腹痛拘急，胀满拒按，手足不温，呃逆呕吐，舌苔白腻，脉弦紧，辨证为冷秘。嗜食冷饮，阴寒内盛，凝滞胃肠，而引发本病。
中医治法：温里散寒，通便止痛
方剂名称：温脾汤合半硫丸加减
药物组成：制附子、干姜、党参、大黄、甘草、当归、乌药、厚朴、半夏、硫黄",国家中医执业（助理）医师资格考试实践技能题库
25,"医生：蒋女士您好，请说说哪里不舒服？

患者：大夫，我这三年眼睛和皮肤老是发黄，这两个月特别明显。您看我这脸色蜡黄的，连眼白都泛黄，怎么洗都洗不干净。

医生：这黄颜色是鲜亮的橘子色还是偏暗的土黄色？平时会不会感觉身上发冷？

患者：像是蒙了层灰似的暗黄色。特别怕冷，这天气还没到寒冬呢，我都得穿厚棉袄才敢出门。

医生：胃口怎么样？肚子会不会发胀？

患者：最近两个月吃不下东西，稍微吃点就胀气打嗝。您看我嘴唇都起皮了，可奇怪的是根本不觉得口渴，水都不想多喝。

医生：大便情况如何？成形吗？

患者：一天得跑两三趟厕所，拉出来的都是稀软的，有时候还带着没消化的菜叶子。

医生：让我看看舌头。嗯，舌质淡，苔白腻。再诊个脉...脉象细软无力。平时工作是不是经常接触冷水？或者爱吃生冷食物？

患者：单位空调开得大，夏天常喝冰镇饮料。这有关系吗？

医生：这就对了。您这是体内阳气不足，寒湿阻滞肝胆，胆汁外溢导致发黄。属于阴黄证，需要温阳健脾祛湿。

患者：那要怎么调理呢？

医生：给您开个茵陈术附汤加减方，用附子、干姜温阳，白术、茯苓健脾，茵陈利湿退黄。平时要忌食冰品、海鲜，多吃山药粥、生姜炖鸡。药渣可以热敷肚脐周围，帮助散寒。

患者：大概多久能见效？这病会反复吗？

医生：坚持服药两周黄染会开始消退。关键要养护脾胃，每天睡前用艾草泡脚，天凉注意腰腹保暖。等脾胃阳气恢复了，就不容易复发了。","中医疾病诊断：黄疸
中医证候诊断：阴黄-寒湿阻遏证
中医辨病辨证依据（含病因病机分析）：以皮肤、目睛黄染为主症，诊断为黄疸。身目俱黄，黄色晦喑，脘腹痞胀，纳谷减少，大便不实，神疲畏寒，口淡不渴，舌淡苔腻，脉濡缓，辨证为阴黄寒湿阻遏证。久病迁延，中阳不振，寒湿滞留，肝胆失于疏泄，而引发本病。
中医治法：温中化湿，健脾和胃
方剂名称：茵陈术附汤加减
药物组成：茵陈、白术、干姜、制附子、泽泻、茯苓、炙甘草、猪苓",国家中医执业（助理）医师资格考试实践技能题库
26,"医生：李师傅请坐，最近哪里不舒服最明显？  
患者：大夫，我这一个月老是头晕眼花，稍微动两下就更厉害。昨天搬了两箱货，眼前天旋地转的差点摔倒。  

医生：这晕起来是头重脚重的感觉，还是轻飘飘的？有没有怕冷或发热？  
患者：像是踩棉花似的发飘，倒是不冷也不热。就是累的时候特别明显，歇会儿能好点。  

医生：除了头晕，还有哪里不对劲吗？比如心慌、睡不好这些？  
患者：您这一说还真是！最近心口这儿老是突突跳，晚上翻来覆去要一两个钟头才能睡着。对了，吃饭也不香，吃点东西肚子就发胀。  

医生：平时饭量如何？爱吃凉的热的？  
患者：饭量一直不大，平时吃得比较清淡，肉食很少碰。喝点热粥胃里舒服，天热也不敢吃冰的。  

医生：大小便正常吗？有没有手脚发麻或者出汗多的情况？  
患者：大便比较软，每天一次。手倒是没麻，就是总觉得累得慌，说话都费劲。您看我这嘴唇和指甲颜色是不是特别淡？  

医生：来让我看看舌头...嗯舌色偏淡，苔薄白。手伸出来把个脉...脉象细弱无力。您这情况是长期饮食营养不足，气血生化乏源，加上操劳过度耗伤正气。气血不能上荣头目就头晕，心失所养就心慌失眠，脾胃虚弱自然食欲不振。  

患者：那该怎么调理呢？  
医生：咱们分两步走。先开七剂归脾汤加减，黄芪、党参这些补气，当归、阿胶养血，配合安神的酸枣仁。煎药时记得放三片生姜、五颗大枣。更重要的是饮食要调整，每天保证二两瘦肉，猪肝鸡肝每周吃两次，山药红枣粥当早饭。最近三个月千万别熬夜，重体力活让徒弟们多分担些。  

患者：需要扎针或者做理疗吗？  
医生：眼下先以汤药食补为主，气血恢复后可以配合艾灸足三里。记着下周复诊时要告诉我睡眠改善情况和饭量变化。","中医疾病诊断：眩晕
中医证候诊断：气血亏虚证
中医辨病辨证依据（含病因病机分析）：以头晕眼花为主症，诊断为眩晕。头晕眼花，动则加剧，劳累即发，心悸少寐，神疲乏力，倦怠懒言，纳少腹胀，唇甲不华，舌质淡，苔薄白，脉细弱，辨证为气血亏虚证。长期素食、少食，气血亏虚，清阳不展，脑失所养，而引发本病。
中医治法：补益气血，调养心脾
方剂名称：归脾汤加减
药物组成：黄芪、党参、白术、茯苓、木香、当归、阿胶、大枣、炙甘草、酸枣仁、远志、龙眼肉",国家中医执业（助理）医师资格考试实践技能题库
27,"医生：刘老伯，您今天来主要是哪里不舒服？  
患者：大夫啊，我这左边身子瘫了半年了，到现在还是软绵绵使不上劲。您看这嘴角老流口水，说话都不利索。  

医生：这情况是从什么时候开始的？当时有没有突然昏倒或者头痛？  
患者：半年前早上起床突然就动不了，倒没昏过去，就是喝水老呛着。在医院治了段日子，现在呛水好些了，可身子还是不听使唤。  

医生：平时身上发凉还是发热？手脚有没有发麻刺痛的感觉？  
患者：倒是不觉得冷热，就是这条左腿像灌了铅似的沉。有时候手指头会有点发木，像蚂蚁爬似的。  

医生：吃饭香不香？大便通不通畅？夜里睡得踏实吗？  
患者：胃口大不如前，吃两口就胀得慌。大便要两三天才解一次，干得很。晚上总梦见自己又能下地干活了，急醒了就再也睡不着。  

医生：把舌头伸出来我看看...舌头上这些紫点点平时自己照镜子见过吗？来，给您搭个脉。  
患者：哎，人老了不中用，这病怏怏的身子拖累儿女啊...  

医生：您这舌头上布满瘀斑，脉摸着又细又涩，这是气血运行不畅的表现。中医讲这是气虚血瘀，就像河道里水流不足，泥沙都淤住了。咱们得补气活血，把经络疏通开。  

患者：那还能治好吗？我都这把年纪了...  
医生：恢复要慢慢来，但肯定能比现在强。给您开个益气活血的方子，用黄芪、当归这些补气的药，加上桃仁、红花活血化瘀。药要文火慢煎，每日一剂分两次喝。  

医生：平时多用热毛巾敷敷患侧，让家里人帮着揉揉胳膊腿。山药粥、红枣汤可以常吃，但肥肉、糯米这些碍胃的东西要忌口。早上太阳好的时候，试着在院里扶着墙站会儿？  

患者：记下了记下了，回去就让闺女照办。大夫您这么说，我心里踏实多了。","中医疾病诊断：中风
中医证候诊断：恢复期-气虚络瘀证
中医辨病辨证依据（含病因病机分析）：以半身不遂，口舌歪斜为主症，诊断为中风。发病已半年，仍有半身不遂，肢软无力，面色萎黄，口角流涎，舌质淡紫，有瘀斑，苔薄白，脉细涩，辨证为恢复期气虚络瘀证。年老体衰，五脏积损，气虚血瘀，脉阻络痹，而引发本病。
中医治法：益气养血，化瘀通络
方剂名称：补阳还五汤加减
药物组成：黄芪、赤芍、川芎、桃仁、红花、地龙、当归、怀牛膝",国家中医执业（助理）医师资格考试实践技能题库
28,"医生：今天哪里不舒服？先说说最难受的症状。  
患者：大夫，我今天小便疼得要命！尿到一半突然卡住，像有东西堵住尿道，疼得直不起腰。您看我这左边腰腹还一阵阵绞痛，跟刀绞似的，尿里还带血丝...  

医生：这种情况是今天突然出现的？排尿中断时有没有听到砂石声响？  
患者：就今天上午开始的，尿着尿着突然断了，得蹲着缓半天。好像听见""嗒""的一声，尿里真有些小沙子样的东西。  

医生：平时口味偏重吧？爱喝酒吃肉吗？大便干不干？  
患者：您说得准！我就爱红烧肉配啤酒，最近应酬多。大便倒是正常，就是小便又黄又少。  

医生：舌头伸出来看看...舌质发红，苔薄黄。手放这里把脉...脉象绷紧如琴弦。最近有没有过度劳累或者着凉？  
患者：上周连加了三天班，昨儿下雨送货淋了身透。大夫，我这到底怎么回事？  

医生：这是典型""石淋证""，西医学说的尿路结石。您长期肥甘厚味酿生湿热，加上外感寒湿，湿热蕴结膀胱，尿液熬结成石。砂石阻塞尿道，所以排尿中断、绞痛带血。  

患者：那该怎么治啊？要做手术吗？  
医生：先服七剂石韦散加减方，金钱草、海金沙这些""化石草""配合利尿通淋药，能把小结石排出来。记得每天喝够八杯水，跳跃运动帮助排石。  

患者：饮食要注意什么？  
医生：严格忌口肥肉酒浆，辛辣发物像辣椒、韭菜都不能碰。这段时间多吃冬瓜、玉米须煮水。要是突然发热或疼痛加剧，要马上来复诊。  

患者：明白了，我这就去抓药！","中医疾病诊断：淋证
中医证候诊断：石淋
中医辨病辨证依据（含病因病机分析）：以小便疼痛，少腹拘急为主症，诊断为淋证。排尿时多次突然中断，尿道窘迫疼痛，尿中夹砂石，尿中带血，少腹拘急，左侧腰腹绞痛难忍，舌红，苔薄黄，脉弦，辨证为石淋。.嗜食肥甘，积湿生热，湿热蕴结下焦，尿液煎熬成石，膀胱气化失司，而引发本病。
中医治法：清热利湿，排石通淋
方剂名称：石韦散加减
药物组成：石韦、金钱草、海金沙、鸡内金、瞿麦、车前子、滑石",国家中医执业（助理）医师资格考试实践技能题库
29,"医生：今天哪里不舒服？先说说最困扰您的症状吧。  
患者：大夫，我这俩月胸口这块儿老觉得堵得慌，像是压着块石头。最糟心的是情绪总控制不住，有时候突然想哭，过会儿又莫名烦躁，跟家人说话都容易急眼。  

医生：这种情绪波动多在什么时候发作？可有什么事情能稍微缓解些？  
患者：工作一忙起来就犯得更厉害，晚上躺床上心慌得睡不着觉，偶尔喝点热粥能稍微舒服点。对了，前两天开会时突然手脚发麻，还忍不住喊了几句，把同事都吓着了……  

医生：平时饭量如何？夜里能睡几个小时？  
患者：最近胃口差得很，吃两口就饱。晚上最多迷糊三四个钟头，老做梦，一点动静就惊醒。大便也干结，三四天才解一回。  

医生：舌头伸出来我看看……舌色偏淡，苔薄白。手放这里把个脉。（停顿）脉摸着像琴弦似的紧绷。您这情况是从什么时候加重的？  
患者：上个月孩子升学考试那会儿最严重，整宿整宿睡不着，白天干活手都在抖。  

医生：这是长期操劳加上情志不畅，肝气郁结久了，心神得不到滋养。好比油灯缺了灯油，火苗自然不稳。我给您开个方子调养：甘草、小麦、大枣这些甘缓之物能养心脾，再加些合欢皮、百合宁神解郁。  

患者：那饮食上要注意啥？  
医生：早晚可以煮点百合小米粥，忌辛辣油炸。工作时每隔个把小时起来活动下手脚，心里烦闷就按揉手腕内侧这个位置（示内关穴）。药先服七剂，下周来复诊时咱们再调方。","中医疾病诊断：郁证
中医证候诊断：心神失养证
中医辨病辨证依据（含病因病机分析）：以情绪不宁，胸胁满闷为主症，诊断为郁证。精神恍惚，心神不宁，多疑易惊，悲忧善哭，喜怒无常，时有手舞足蹈，骂詈喊叫，舌质淡，脉弦，辨证为心神失养证。情志失调，肝郁化火，营阴暗耗，心神失养引发本病。
中医治法：甘润缓急，养心安神
方剂名称：甘麦大枣汤加减
药物组成：炙甘草、小麦、大枣、合欢皮、郁金、百合、珍珠母、当归、生地黄",国家中医执业（助理）医师资格考试实践技能题库
30,"医生：今天来看诊主要是哪里不舒服呀？  
患者：大夫，我这三天拉的大便颜色特别深，像柏油似的，肚子还隐隐作痛。  

医生：大便稀不稀？一天解几次？  
患者：不成形，每天得跑两三趟厕所。喝点热水或者用暖水袋捂肚子能舒服些。  

医生：身上怕冷吗？平时精神头怎么样？  
患者：特别怕冷，手脚就没暖和过。最近总感觉没力气，说句话都提不上气，头还晕乎乎的。  

医生：伸舌头我看看……舌色比较淡，舌苔薄白。现在胃口如何？吃凉的会难受吗？  
患者：吃不下什么东西，喝口凉水胃里就跟压了块冰石头似的，还是温乎的米汤喝着舒服。  

医生：月经还正常吗？最近有没有累着或者操心的事？  
患者：这两年月经量越来越少，颜色也淡。上个月店里盘点忙得整宿没睡好，之后这胃疼就犯了。  

医生：来，诊个脉……脉摸起来细细的，像丝线似的。您这是脾胃受寒了，阳气不足导致气血运行无力，加上劳累伤身，肠道里的血络固摄不住才会便血。  

患者：那这黑便止得住吗？肚子老这么凉飕飕的怎么办？  

医生：咱们用健脾暖胃的药调理，灶心土、炮姜这些温补的药材配上止血的阿胶、三七粉。平时忌食生冷，像西瓜、冷饮千万别碰，煮点山药红枣粥养胃。  

患者：需要吃多久药呢？  
医生：先服七剂，早晚各一包。注意腹部保暖，睡前用艾草包热敷肚脐。下周复诊咱们再调方子。","中医疾病诊断：血证-便血
中医证候诊断：脾胃虚寒证
中医辨病辨证依据（含病因病机分析）：以大便色黑为主症，诊断为血证便血。腹部隐痛，喜热饮，面色不华，神倦懒言，气短，怕冷，头晕，舌质淡，脉细，辨证为脾胃虚寒证。久病体虚，中焦虚寒，统血无力，血溢胃肠，而引发本病。
中医治法：健脾温中，养血止血
方剂名称：黄土汤加减
药物组成：灶心土、炮姜、白术、制附子、生地黄、阿胶、黄芩、白及、三七粉、花蕊石、甘草",国家中医执业（助理）医师资格考试实践技能题库
31,"医生：于先生您好，请说说最近哪里不舒服？  
患者：大夫，我这俩月总感觉身上低烧，尤其下午开始浑身发热，心里头还燥得慌，像有团火在烧似的。  

医生：发热时出汗多吗？手脚心有没有发烫的感觉？  
患者：倒是不怎么出汗，但手心老是潮乎乎的。下午三点往后最难受，这热劲儿得持续到晚上才能缓些。  

医生：胃口怎么样？胃部有没有胀闷的感觉？  
患者：您这么一说还真是！胃那里总是胀胀的像堵着东西，看到再香的饭菜也不想动筷子。有时候刚吃两口就犯恶心，喝点水还老往上反酸水。  

医生：大便情况如何？粘不粘马桶？  
患者：哎对！最近拉肚子总拉不痛快，大便稀溜溜的还粘厕所，冲都冲不干净。嘴里发苦但奇怪的是又不想喝水...  

医生：让我看看舌头...嗯舌苔又黄又厚。平时工作压力大吗？饮食偏油腻吗？  
患者：自己做生意经常熬夜应酬，平时最爱吃红烧肉下酒。最近喝完酒第二天这低烧准加重。  

医生：脉象濡数，再结合症状看，您这是脾胃被湿浊困住了。长期肥甘厚味加上劳累，湿气在体内化成热，就像沼泽地里闷着火，所以午后阳气盛时发热更明显。  

患者：那该怎么调理啊？  
医生：咱们分两步走。先用黄连温胆汤配合中和汤化湿清热，把痰湿这个病根去了。药材里有黄连、竹茹这些清热的，也有茯苓、半夏来健脾胃祛湿。  

医生：这段时间要特别注意忌口，酒肉、甜食、冷饮都不能碰。每天煮点薏米山药粥养胃，晚上十点前睡觉让身体排湿。等脾胃功能恢复了，这烦人的低热自然就退了。  

患者：明白了，我回去就按您说的调理！","中医疾病诊断：内伤发热
中医证候诊断：痰湿郁热证
中医辨病辨证依据（含病因病机分析）：以低热，午后热甚，心内烦热为主症，诊断为内伤发热。低热，午后热甚，心内烦热，胸闷脘痞，不思饮食，渴不欲饮，呕恶，大便稀薄而黏滞不爽，舌苔黄腻，脉濡数，辨证为痰湿郁热证。平素嗜食肥甘，工作劳累，脾胃虚损，运化失职，痰湿内生，郁而化热，而引发本病。
中医治法：燥湿化痰，清热和中
方剂名称：黄连温胆汤合中和汤加减
药物组成：半夏、厚朴、枳实、陈皮、通草、茯苓、黄连、竹叶、竹茹、黄芩",国家中医执业（助理）医师资格考试实践技能题库
32,"医生：方老伯，今天主要哪里不舒服？  
患者：大夫啊，我这腿脚越来越使不上劲儿了，两年前摔了腰躺床上养着，现在连拄拐都走不了十步路。您看这腿肚子都瘪下去了，摸着还发木，有时候动两下还抽着疼。  

医生：这腿脚没力气是整天都这样，还是早晚轻重点？摸着发凉还是发热？  
患者：倒是不冷也不烫，就是像有蚂蚁在肉里爬似的麻得慌。躺着时候稍微好些，稍微用点力就哆嗦，前两天想扶着墙站会儿，小腿青筋鼓得老高。  

医生：平时吃饭胃口怎么样？大便通畅吗？  
患者：吃半碗饭就胀气，这两年躺着不动弹，大便总黏马桶冲不干净。唉，自打摔了腰，家里活计都干不了，心里总憋着股闷气。  

医生：舌头伸出来我看看。嗯，舌头上这两块暗斑是新长的吧？再把个脉。（停顿）脉摸着像细沙子流过指头，舌头颜色发暗还有瘀点。您这病根啊，是当初摔伤让血脉堵住了，加上卧床太久气血亏虚，就像河道里淤泥堆积，水流不过去，庄稼自然长不壮实。  

患者：那还能治好吗？我这腿上青筋跟蚯蚓似的吓人。  
医生：咱们分两步走。先开七副药，用黄芪党参补元气，当归川芎通血脉，配上桃仁红花这些化瘀的药材。每日早晚把药渣装布袋，热敷膝盖到脚踝。平时忌生冷黏腻的食物，每天躺着也要抬腿做蹬自行车的动作。  

患者：要多久能见效？  
医生：血脉瘀阻不是一日形成，咱们先调半个月看看。记得保持心情舒畅，气顺了血才能活。下周复诊咱们再调整药方，您看这样安排可行？","中医疾病诊断：痿证
中医证候诊断：脉络瘀阻证
中医辨病辨证依据（含病因病机分析）：以下肢软弱无力，肌肉瘦削为主症，诊断为痿证。下肢软弱，肌肉瘦削，麻木不仁，青筋暴露，肌肉活动时隐痛不适，舌质暗淡，有瘀斑，脉细涩，辨证为脉络瘀阻证。跌仆损伤，瘀血阻络，久病体虚，气虚血瘀，阻滞经络，筋脉失养，而引发本病。
中医治法：益气养营，活血行瘀
方剂名称：圣愈汤合补阳还五汤加减
药物组成：党参、黄芪、当归、川芎、熟地黄、白芍、川牛膝、桃仁、红花、地龙",国家中医执业（助理）医师资格考试实践技能题库
33,"医生：胡女士您好，请说说最近哪里不舒服？  
患者：大夫，我这两年一直怀不上孩子，心里特别着急。之前做过人流，现在和丈夫备孕总是不成功，男方检查都正常。  

医生：先别着急，咱们慢慢梳理。月经情况怎么样？周期准吗？量多还是少？  
患者：月经特别不听话，有时候提前一周来，有时候又推后十来天，量也是时多时少。来月经前胸脯这块儿胀得碰都不敢碰，还老想发脾气。  

医生：乳房胀痛是每次月经前都会出现吗？平时情绪容易焦虑吗？  
患者：对对，每次快来事儿前十天就开始胀，跟吹气球似的。这半年工作压力大，经常唉声叹气的，晚上也睡不踏实，总做乱七八糟的梦。  

医生：大便通畅吗？睡眠质量如何？  
患者：解大手比较费劲，两三天才一次，睡得浅容易醒。不过吃饭倒是正常，就是总觉得胸口闷闷的不痛快。  

医生：舌头伸出来我看下...舌质偏暗红，边上还有几个小瘀斑。再诊个脉...脉摸着像琴弦细细的。您这是肝气郁结导致的不孕，人流手术伤及胞宫，加上长期情绪不畅，气血就像打结的毛线团，该通畅的地方堵住了。  

患者：那该怎么办呀？  
医生：咱们分两步走，先用当归、白芍这些药材疏解肝气，配合香附理气止痛，把月经周期调理规律。同时您自己要当情绪的管家——每天晨起对着镜子微笑三分钟，晚饭后散步半小时，忌食辛辣烧烤，多吃些百合、莲藕这些清心润燥的食物。  

患者：需要调理多久呢？  
医生：三个月为一个周期，下次月经干净后过来复诊调整药方。记住心情放松最重要，您这身体底子不错，气血通路理顺了，好孕自然来敲门。","中医疾病诊断：不孕症
中医证候诊断：肝气郁结证
中医辨病辨证依据（含病因病机分析）：患者人流术后2年右正常性生活且男方精液正常，至今未孕，故诊断为不孕症，且为继发性不孕。肝气郁结，气机不畅，疏泄失司，血海蓄溢失常，故月经或先或后，经量多少不一；肝失调达，气血失调，冲任不能相资，故日久不孕；肝郁气滞，血行不畅，不通则痛，故胸胁乳房胀痛，输卵管通而不畅；经前烦躁易怒，舌暗红边有瘀斑，脉弦细均肝气郁结之症。
中医治法：疏肝解郁，理血调经
方剂名称：开郁种玉汤加减
药物组成：当归、白芍、茯苓、白术、丹皮、香附、天花粉",国家中医执业（助理）医师资格考试实践技能题库
34,"患者：大夫，我这半个月一直发低烧，浑身没劲儿。生完孩子快一个月了，这几天体温老是37度多，有时候能到38度，吃了消炎药和清热的中药也不见好。  
医生：低热什么时候开始明显的？是全天都发热还是某个时段更严重？有没有怕冷或者怕热的感觉？  
患者：剖腹产两周后开始怕冷怕风，现在主要是午后身上发烫，但摸起来又不算太烫。晚上睡觉容易出虚汗，枕头都能打湿。  

医生：除了发热，还有其他不舒服吗？比如头晕头痛这些？  
患者：您这一说还真是，头整天昏沉沉的像顶着石头，太阳穴突突跳着疼。有时候心慌得厉害，喂奶时手都发抖。小肚子两边总隐隐作痛，像有根皮筋拽着似的。  

医生：胃口怎么样？最近睡眠好吗？  
患者：吃饭跟嚼蜡似的，闻着油腥味就想吐。晚上娃娃两小时醒一次，我也睡不踏实，老做梦。对了，下面还有淡粉色的恶露没干净，量不多但一直滴滴答答的。  

医生：舌头伸出来我看看。嗯，舌色偏淡，舌苔薄白。手放这里把个脉...脉摸起来细数，像琴弦轻轻颤动。最近有没有过度劳累？情绪波动大吗？  
患者：带孩子整夜睡不好，婆婆总说我奶水不足，心里堵得慌。  

医生：这是产后气血大伤引起的虚热。生孩子耗血太多，阴血不足阳气外浮所以低热不退，血不养心就会心慌，胞脉失养所以小腹痛。我给你开补气血的方子调理，用黄芪党参补气，当归熟地养血，再加柴胡升麻引导阳气归位。  

患者：那西药还要继续吃吗？平时要注意什么？  
医生：抗生素可以先停用。回家用红枣枸杞煮粥当早饭，忌食生冷瓜果。给孩子喂奶时用靠枕垫着腰，每天保证两小时以上的碎片化睡眠。药喝三天后过来复诊，记得把舌苔拍给我看。","中医疾病诊断：产后发热
中医证候诊断：血虚证
中医辨病辨证依据（含病因病机分析）：患者产后低热持续不退，且伴有头晕、头痛、心慌、食欲差，两侧少腹绵绵作痛等症状，辨病为产后发热。患者因产失血伤津，阴血骤虚，阴不敛阳，虚阳外浮，故低热持续不退；血虚胞脉失养故两侧少腹绵绵作痛；阴血亏虚，清窍失养则头晕、头痛；血不养心，则心慌，气随血耗，冲任不固，则阴道仍有少量血性分泌物，色淡质稀。舌质淡，苔薄白，脉细数均为气血不足之象。
中医治法：补血益气，和营退热
方剂名称：补中益气汤加减
药物组成：党参、陈皮、当归、白术、黄芪、升麻、柴胡、熟地、败酱草、蒲公英、甘草",国家中医执业（助理）医师资格考试实践技能题库
35,"医生：吴女士您好，请说说最近哪里不舒服？  
患者：医生，我这半年下面总是湿漉漉的，白带特别多，颜色淡黄像蛋清一样，有时候还有股腥味。最难受的是外阴总发痒，像有小蚂蚁爬似的，晚上都睡不踏实。  

医生：这种情况是从什么时候开始的？有没有什么诱因？比如着凉、劳累或者情绪波动大？  
患者：半年前突然就这样了，也说不上具体原因。不过最近工作压力大，经常加班，一累就容易犯。吃冷饮或者油腻的东西后，白带还会更多。  

医生：除了白带问题，平时容易累吗？胃口和大便怎么样？  
患者：总感觉身上没劲儿，走几步路就气喘。吃饭也不香，吃多一点就肚子胀，大便稀乎乎的，一天要跑两三趟厕所。  

医生：月经还正常吗？有没有腰酸或者小腹坠胀的感觉？  
患者：月经量倒是正常，但来的时候会觉得小肚子往下坠。平时腰偶尔酸，特别是站久了更明显。  

医生：舌头伸出来我看看……嗯，舌质偏淡，舌体胖大，苔白。再诊个脉……脉细滑。平时手脚会不会发凉？  
患者：对啊，尤其冬天手脚像冰块似的，穿再多也暖不过来。  

医生：您这是脾虚导致的带下病。中医讲脾主运化水湿，长期劳累加上饮食不注意，伤了脾气，水湿停聚往下走，就成了白带多、外阴痒。湿气夹杂点郁热，所以带色淡黄有异味。  

患者：那该怎么调理呢？  
医生：给您开个健脾化湿的方子，叫完带汤加减。白术、党参这些药能补脾气，车前子利湿，柴胡调畅气机。另外平时要特别注意：冷饮、海鲜这些生冷伤脾的东西别碰，外阴瘙痒时用温水清洗，别用肥皂刺激。保持心情舒畅，晚上十点前睡觉养阳气。  

患者：需要吃多久药？  
医生：先服两周，白带量减少、大便成形了再来复诊。如果遇到阴雨天或者工作忙，记得用艾草煮水泡脚，既能祛湿又能缓解疲劳。","中医疾病诊断：带下病
中医证候诊断：脾虚证
中医辨病辨证依据（含病因病机分析）：患者以反复白带量多伴阴痒半年余，诊断为带下病。脾气虚弱，运化失司，湿邪下注，损任带，使任脉不固，带脉失约而为带下过多；脾虚气弱，中阳不振，则面色㿠白，神疲乏力；脾虚失运，则纳少便溏；舌淡胖，苔白，脉细滑均为脾虚湿聚之象。
中医治法：健脾益气，升阳除湿
方剂名称：完带汤加减
药物组成：白术、陈皮、党参、甘草、怀山药、车前子、柴胡、白芍、黑荆芥",国家中医执业（助理）医师资格考试实践技能题库
36,"医生：李女士您好，今天主要哪里不舒服？

患者：大夫我这脖子后面疼得厉害，转头都费劲，连着右边肩膀到胳膊都发麻，手指头都木木的。这情况有五年多了，上周下雨受凉后突然加重，现在连拿水杯都使不上劲儿。

医生：平时酸痛是持续性的还是间歇性的？夜间睡眠受影响吗？

患者：以前只是伏案久了会酸，现在稍微低头十分钟就胀痛。最近总睡不踏实，多梦易醒，白天还心慌气短，爬两层楼就喘。

医生：胃口怎么样？大便成形吗？月经量如何？

患者：吃饭不香，稍微吃多点就腹胀。大便总是不成形，月经这两年量越来越少，三天就干净了。

医生：让我看看舌头…舌质偏淡，舌苔薄白。现在诊个脉…脉象细弱无力。您这是长期劳损耗伤气血，加上风寒侵袭经络，导致颈部气血运行不畅。中医称为""项痹""，属于气血虚弱兼风寒痹阻。

患者：那该怎么调理呢？最近疼得实在影响工作。

医生：治疗要分两步走。先开七剂黄芪桂枝五物汤加减，重用黄芪30克补气，配当归、鸡血藤养血通络，桂枝、羌活驱散风寒。早晚各服一次，药渣可以热敷颈部。

患者：平时要注意些什么？

医生：三个重点：第一避免冷风直吹，围巾要常备；第二每工作半小时要做""米字操""活动颈椎；第三食疗可用黄芪15克、红枣5颗、生姜3片煮粥，每周吃三次。治疗期间忌食冷饮，洗澡后及时吹干头发。

患者：明白了，我坚持配合治疗。

医生：两周后复诊调整药方，期间若出现头晕加重随时就诊。保持心情舒畅，气血调理需要过程，我们慢慢来。","中医疾病诊断：颈椎病
中医证候诊断：气血虚弱证
中医辨病辨证依据（含病因病机分析）：患者长期伏案，颈部长时间处于疲劳状态，加速颈部软组织劳损和颈椎间盘退变，从而导致颈椎病。又因受凉，风寒外邪侵犯太阳经，导致太阳经枢机不利，使得头项转动受限。平素头颈部酸痛不适，肩臂麻木不仁，少寐多梦，心悸气短，面色少华，舌质淡红，苔薄白微腻，脉弦细等均为气血虚弱之象。
中医治法：益气养血，通络行痹
方剂名称：黄芪桂枝五物汤加减
药物组成：生黄芪、桂枝、芍药、生姜、大枣、当归、威灵仙、羌活、党参、生地、白术、鸡血藤",国家中医执业（助理）医师资格考试实践技能题库
37,"医生：孙女士您好，请坐。最近哪里不舒服最明显呢？

患者：大夫，我这俩月心里老是突突跳，动不动就燥得慌。最要命的是突然浑身发热冒汗，就像蒸笼揭了盖似的，一天能发作七八回。

医生：这阵发热出汗多在什么时候明显？晚上睡觉时会盗汗吗？

患者：白天忙起来更容易发作，夜里倒是好些。不过手脚心整天火烧火燎的，被子都盖不住。腰也酸得厉害，跟干了重活似的。

医生：月经还正常来吗？最近经量有变化吗？

患者：上个月3号来的，就两天就没了，护垫都不用换几次。之前还能有四五天呢，颜色倒是挺红的。

医生：平时容易口渴吗？大小便怎么样？

患者：嗓子干得冒烟，喝水也不解渴。大便干得很，两三天才解一次，小便又少又黄。

医生：舌头让我看一下...舌质发红，舌苔很少。现在给您把把脉...脉象细数，像是琴弦轻轻弹动的感觉。最近睡眠饮食如何？有没有特别操劳或烦心的事？

患者：白天总犯困，可晚上躺下又睡不踏实。家里孩子高考的事确实让我着急上火，这半年头发都白了不少。

医生：您这是典型的肾阴不足，虚火内扰。就像油灯里的油不够了，火苗就会飘忽不定，所以出现烘热汗出、心烦失眠这些症状。腰为肾之府，阴液不足自然腰膝酸软。咱们需要滋阴补肾，把虚火收一收。

患者：那该怎么调理呢？

医生：给您开个滋养肾阴的方子，用熟地、山茱萸这些补肾填精的药，加上龟甲这类潜阳的药材。平时可以煮点银耳百合羹当甜品，忌食辛辣燥热之物。晚上十点前入睡，睡前用吴茱萸粉调醋敷脚心，能引火归元。

患者：记下了。这调理需要多久？

医生：先服两周观察症状变化，复诊时根据舌脉调整药量。保持心情舒畅很重要，可以试试八段锦里的""摇头摆尾去心火""招式。","中医疾病诊断：绝经前后诸证
中医证候诊断：肾阴虚证
中医辨病辨证依据（含病因病机分析）：本患者年近半百，时近绝经前期，月经紊乱，量少，心慌，烦躁，烘热汗出等，可诊断为绝经前后诸证。肾阴虚沖任失调，则月经提前或先后不定；肾阴日衰，阴虚不能上荣于头目脑髓，故嗜睡；虚阳上越，故烘热汗出，五心烦热；腰为肾之府，阴虚腰失所养，故见腰膝酸疼；阴虚生内热，故见口干便秘，尿少色黄。舌红少苔，脉细数均为了肾阴虚之象。
中医治法：滋养肾阴，佐以潜阳
方剂名称：左归丸合二至丸加制首乌、龟甲
药物组成：山药、熟地、山茱萸、枸杞、菟丝子、女贞子、旱莲草、制首乌、龟甲、鳖甲、炙甘草",国家中医执业（助理）医师资格考试实践技能题库
38,"医生：小朋友哪里不舒服呀？家长帮着说说情况吧。  
家长：孩子发烧三天了，身上起了好多小水泡，最开始在脸上，现在前胸后背都长满了，还有些咳嗽，吃饭也不香。  

医生：发烧是白天厉害还是晚上更重？身上痒得厉害吗？  
家长：早上烧得轻些，太阳落山后又烧起来。孩子总说痒，老想挠，水泡有些都抓破了。  

医生：最近接触过起水痘的小朋友吗？咳嗽有没有痰声？  
家长：幼儿园有个孩子上周起了水痘。咳嗽听着是干咳，偶尔有点白痰。这两天总说没力气，走路都要抱。  

医生：看看舌头——舌尖有点红，苔薄黄。摸脉滑溜溜的像珠子滚。孩子这两天大便干不干？小便黄不黄？  
家长：大便比平时干，小便颜色确实发黄，味道也重。  

医生：这是水痘初起，邪气在肺卫。起病前接触过病儿，时邪带着湿热从口鼻侵入，所以先发烧起疹，肺气不利就咳嗽。水痘分布躯干多四肢少，正是正气还能抗邪的表现。  

家长：那该怎么调理呢？  

医生：用银花连翘这些清透热毒的药，加竹叶六一散利湿。要注意保持皮肤清洁，指甲剪短防止抓破留疤。煮点芦根竹叶水当茶喝，鱼虾羊肉这些发物千万不能吃。  

家长：需要吃几天药？  

医生：先服三剂，每天两次。烧退后水痘会结痂，切记不能沾水。要是夜里突然高烧或说头痛，要马上来复诊。给孩子穿宽松棉布衣服，房间要通风但别直吹冷风。","中医疾病诊断：水痘
中医证候诊断：邪伤肺卫证
中医辨病辨证依据（含病因病机分析）：患儿身热3天，起病前有水痘接触史，颜面、躯干发现水痘，符合水痘诊断。水痘时邪从口鼻而入，藴郁于肺卫，肺卫为邪所伤，宣降失常，故见咳嗽；内蕴湿热，兼感时邪，郁闭肌表，时邪夹湿透发于肌表，致水痘布露。正盛邪轻，则水痘胸背较多，四肢散在，微现，全身症状不重。结合舌脉，辨证为邪伤肺卫证。
中医治法：疏风清热，利湿解毒
方剂名称：银翘散加减
药物组成：银翘、连翘、竹叶、牛蒡子、淡豆豉、黄连、蒲公英、板蓝根、蝉衣、赤芍、六一散",国家中医执业（助理）医师资格考试实践技能题库
39,"医生：今天主要是哪里不舒服呢？  
患者：每次来月经都痛得直不起腰，特别是第一天小肚子像被拧着似的绞痛，得抱着热水袋才稍微缓口气。这次实在扛不住才来看的。  

医生：这种情况持续多久了？平时经期规律吗？  
患者：打从十五岁第一次来月经就这样，现在三十四岁了还是疼得要吃止痛片。经期倒是准的，但一来就是七八天，前两天血特别多还带着黑血块。  

医生：除了腹痛，经期前后有没有其他变化？比如手脚发凉、拉肚子？  
患者：您这么一说还真是！我常年手脚冰凉，来月经前总觉得小肚子往下坠，像有什么东西要掉出来似的。大便总是不成形，吃凉的就拉得更厉害。  

医生：平时吃饭胃口怎么样？情绪容易紧张吗？  
患者：胃口不太好，稍微多吃点就胀气。工作压力大的时候确实疼得更厉害，上个月加班熬夜那次疼得差点晕过去。  

医生：舌头伸出来我看看…舌色偏暗，苔薄白。再把个脉…脉象沉细偏慢。经血颜色发暗有血块，遇热缓解，这都是寒气凝滞、血脉不畅的表现。您这属于典型的""宫寒血瘀""，就像冬天河水结冰流动不畅，得用温阳散寒的药把经络疏通开。  

患者：那该怎么调理呢？  
医生：给您开个温经散瘀的方子，包含小茴香、干姜这些温补药材，配合当归、川芎活血。平时要特别注意保暖，尤其是腰腹部。忌食冰淇淋、螃蟹这些寒凉食物，可以煮点生姜红枣茶当饮品。下次经前三天记得来复诊调整药量。  

患者：需要配合其他治疗吗？  
医生：每天睡前用艾叶煮水泡脚二十分钟，既能驱寒又能改善睡眠。保持心情舒畅很重要，可以试试八段锦这类温和运动。治疗需要三个月经周期，下个月疼痛应该会有所减轻，血块也会减少。","中医疾病诊断：痛经
中医证候诊断：寒凝血瘀证
中医辨病辨证依据（含病因病机分析）：患者主要表现为经行小腹疼痛，以经行第1日为甚，绞痛难忍，热敷稍舒，故诊断为痛经。患者病程较长，经行腹痛剧烈，并伴有经量多，色暗，有血块，持续7-8天，证属血瘀。舌质淡暗，苔白，脉沉细迟缓为寒象。寒凝子宫、冲任，血行不畅，“不通则痛”，故经期小腹疼痛，寒得热化，瘀滞暂通，故热敷稍舒；寒邪内盛，阻遏阳气故四肢不温；大便溏薄为阳虚之象。舌质淡暗，苔白，脉沉细迟缓均为寒凝血瘀之象。
中医治法：温经散寒，化瘀止痛
方剂名称：少腹逐瘀汤加减
药物组成：小茴香、干姜、延胡索、当归、川芎、肉桂、赤芍、白芍、五灵脂、炒白术、鸡内金、党参",国家中医执业（助理）医师资格考试实践技能题库
40,"患者：大夫，我这右脚实在疼得厉害，您快给看看！脚趾头都发黑溃烂了，还流黄水，肿得鞋子都穿不进去了。

医生：您别急，我先看看创面。溃烂是从什么时候开始的？现在疼痛是持续性的还是阵发性的？

患者：上周三突然肿起来的，刚开始只是脚趾头发紫，这两天颜色越来越黑。疼起来像火燎似的，夜里根本睡不着，还感觉全身发烫。

医生：除了足部症状，有没有口干口苦？大小便怎么样？

患者：嘴里干得跟火烧一样，老想喝水。这两天大便干得拉不出来，小便黄得跟浓茶似的，味道也冲。

医生：平时吃饭胃口如何？最近有没有特别劳累或者情绪波动？

患者：根本吃不下东西，一闻油腥味就反胃。上个月老伴住院，天天跑医院照顾，脚上这老癣病又痒又流水，可能挠破了皮...

医生：我搭个脉。您舌头伸出来我看看...舌质红，舌苔又黄又厚，脉象弦而快。您这糖尿病控制得怎么样？

患者：血糖总是不太稳，最近测空腹都到9点多了。之前医生说我眼底有问题，现在脚又成这样...

医生：您这是消渴病日久导致阴虚内热，加上湿热毒邪下注足部，形成脱疽。现在属于湿热毒盛阶段，需要清热利湿、解毒通络。给您开四妙勇安汤合四妙丸加减，里面银花、连翘能清热解毒，黄柏、薏苡仁可祛湿热，再加当归、丹参活血通络。

患者：那这溃烂的脚要怎么办？还能治好吗？

医生：除了按时服药，每天要用清热解毒的中药外洗。特别注意三点：第一严格控血糖，第二绝对禁止吸烟，第三每日检查足部防止新伤口。饮食要清淡，忌食牛羊肉、海鲜这些发物，可以适量吃些冬瓜、苦瓜利湿。

患者：需要截肢吗？我实在害怕...

医生：现在积极治疗还有逆转机会，但必须密切配合。每周来复诊调方，创面要及时清创换药。保持情绪平稳，焦虑会加重病情。记住，足部有任何变化要立即就诊。","中医疾病诊断：脱疽
中医证候诊断：湿热毒盛证
中医辨病辨证依据（含病因病机分析）：患者主症是右足溃烂，有消渴病史，故诊断为脱疽（糖尿病性坏疽）。患者消渴病史20年，现症右足趾红肿紫暗，趾色黑溃烂，足红肿胀，疼痛，伴发热，口干，便秘尿赤，纳呆，舌质红，苔黄腻脉弦数，乃湿热毒盛之征。
中医治法：清热利湿，和营解毒
方剂名称：四妙勇安汤合四妙丸加减
药物组成：银花、连翘、玄参、当归、黄柏、牛膝、薏苡仁、丹参、赤芍、甘草",国家中医执业（助理）医师资格考试实践技能题库
41,"医生：宝宝妈妈请坐，孩子现在主要是什么不舒服？  
家长：大夫，孩子这两天拉肚子特别厉害，一天要拉四五次，大便稀乎乎的还有奶块，酸臭味特别重。  

医生：这种情况出现多久了？排便时有没有特殊表现？  
家长：从前天早上开始突然加重的，每次换尿布都能看到奶瓣，放屁特别多，肚子摸着鼓鼓的。  

医生：喂奶后有没有异常表现？比如吐奶或者哭闹加重？  
家长：对对！吃完奶就扭来扭去哭得厉害，拍嗝时候能闻到酸腐味，夜里睡觉也不踏实，总要抱着才肯眯会儿。  

医生：最近喂养方式和以前有什么不同吗？比如喂奶次数增加或者妈妈饮食有变化？  
家长：上周开始试着添加了奶粉，可能冲得浓了些，这两天确实喂得比之前频繁。  

医生：舌苔我看看...嗯，舌头上这层白腻苔挺厚的。再把把脉...脉跳得有力但不够流畅。孩子这是饮食过量伤了脾胃，中医叫伤食泻。积滞在肠胃化不开，所以会腹胀、排酸臭便。  

家长：那该怎么办呀？需要吃消炎药吗？  

医生：咱们用消食导滞的方法调理。给您开炒麦芽6克、炒山楂4克，配上茯苓陈皮这些健脾的药。妈妈这两天要特别注意——每次喂奶量减三分之一，奶粉冲稀些，您自己也要暂时忌口油腻和甜食。  

家长：需要配合推拿吗？  

医生：问得好！每天喂奶前半小时，用掌心顺时针轻揉宝宝肚脐周围十分钟。如果三天后大便次数没减少，或者出现发热要及时复诊。现在去药房抓三剂药，每剂煎煮后分六次喂服，记得温着喝。","中医疾病诊断：小儿泄泻
中医证候诊断：伤食泻
中医辨病辨证依据（含病因病机分析）：患儿主要表现为大便溏稀，日行四、五次，符合小儿泄泻诊断。腹痛胀满，嗳气酸馊，矢气颇多，啼哭不安，苔厚腻，故辨证应为伤食泻。乳食不节，损伤脾胃，健运失司，食积中焦，故见以上诸症。
中医治法：运脾和胃，消食化滞
方剂名称：保和丸加减
药物组成：炒麦芽、炒山楂、葛根、莱菔子、茯苓、陈皮、木香",国家中医执业（助理）医师资格考试实践技能题库
42,"医生：张先生请坐，最近哪里不舒服？  
患者：大夫，我这半年上厕所老带血，鲜红鲜红的，血就浮在大便上头。前天喝完酒更厉害了，血点子滴滴答答的，擦纸都染红了。  

医生：出血时肛门疼不疼？有没有东西掉出来？  
患者：倒是不咋疼，但昨天发现有个小肉球从肛门里挤出来了，自己又能缩回去。现在肛门火辣辣的，总感觉有东西卡着似的。  

医生：小便颜色怎样？平时容易口渴吗？  
患者：小便跟浓茶似的发黄，这两天嗓子干得厉害，老想灌凉水。不过吃饭睡觉都还正常。  

医生：伸手给您把个脉。舌苔我看看...舌苔黄腻腻的，脉象摸着像浸水的棉线。平时爱吃辛辣油腻？  
患者：可不是嘛！我们搞销售的应酬多，三天两头喝酒吃火锅。  

医生：您这病中医叫""内痔""，是湿热邪气往下走，把肠络给灼伤了。酒是湿热之物，一喝就引动病根，血络受损就出血，湿热瘀堵就鼓出肉球。  

患者：那该怎么治啊？  
医生：给您开个清热利湿的方子，黄连、槐花这些能凉血止血，地榆炭、仙鹤草专门收涩止血。这半个月千万忌口——酒、辣椒、烧烤绝对不能碰，油腻荤腥减半。  

患者：需要抹药膏吗？  
医生：每天温水坐浴十分钟，水里加一把食盐，能消肿止痛。要是再便血，暂时别做剧烈运动。给您开七剂药，三天后复诊看效果。  

患者：记住了，我这就去抓药。","中医疾病诊断：内痔
中医证候诊断：湿热下注证
中医辨病辨证依据（含病因病机分析）：患者排便出血，血液与大便不相混，无明显疼痛，且肛门镜示“齿线上黏膜呈半球状隆起”，故诊断为内痔。湿热下迫大肠，迫血妄行，则大便下血，湿热蕴结，经络阻塞，气血瘀滞，则痔核肿物脱出；湿性重浊，则肿胀疼痛；口干渴、小便黄、苔黄腻、脉濡数为湿热之象。
中医治法：清热利湿止血
方剂名称：脏连丸加减
药物组成：黄连、黄芩、生地黄、赤芍、当归、槐角、槐花、荆芥穗、地榆炭、仙鹤草",国家中医执业（助理）医师资格考试实践技能题库
43,"医生：张女士您好，请说说哪里不舒服？

患者：大夫，我月经都半年没来了。最近腰酸得厉害，手脚总是冰凉，脸上还长了好多暗斑，这情况要孩子会不会受影响啊？

医生：先别急，咱们慢慢理清楚。您最早月经是几岁来的？以前周期规律吗？

患者：十六岁才来第一次，以前就不太准时，经常三十多天才来一次，每次也就两三天就干净了。去年六月最后一次来过之后，到现在都没动静。

医生：平时容易累吗？腰酸是持续性的还是时轻时重？手脚凉到什么程度？

患者：特别容易乏，站久了腰就跟断了似的。这半年手脚就没暖和过，冬天睡觉都得穿厚袜子。您看我脸上这些斑，同事都说像老了十岁。

医生：让我看看舌头...舌质偏淡，舌苔薄白。平时睡眠怎么样？大便成形吗？

患者：睡不踏实总做梦，有时候起夜两三次。大便倒是正常，就是小便次数多，喝点水就得跑厕所。

医生：工作压力大吗？最近有没有特别劳累或者受寒？

患者：公司这半年在赶项目，经常加班到半夜。有时候忙得连饭都顾不上吃，天冷时还总穿裙子见客户。

医生：脉象沉细，结合症状来看，这是肾气不足导致的问题。您先天体质偏弱，加上过度劳累损耗肾阳，寒气入侵使得气血运行不畅，胞宫得不到滋养才闭经。腰为肾之府，肾阳不足所以腰酸畏冷；肾色外现就形成面斑。

患者：那还能调理好吗？我们急着要孩子...

医生：别担心，咱们用补肾温阳的法子调理。给您开个苁蓉菟丝子丸加减的方子，里面加了紫河车、淫羊藿这些温补的药。平时要特别注意保暖，尤其腰腹别受凉。每天睡前用艾草泡脚，晚上十一点前必须睡觉。生冷瓜果、冰饮这些千万不能碰，多吃点羊肉、黑豆、核桃这些温补的食物。

患者：需要调理多久呢？要经常来复诊吗？

医生：先服两周看看，月经来潮后要及时复诊调整药方。备孕的事等月经规律三个月后再考虑，气血充盈了才能给胎儿打好基础。这段时间注意劳逸结合，别给自己太大压力。","中医疾病诊断：闭经
中医证候诊断：肾气亏虚证
中医辨病辨证依据（含病因病机分析）：患者近6个月来，月经未行，妇科B超检查子宫未见异常，故诊断为闭经。先天禀赋不足，肾气未盛，精气未充，天癸匮乏，故见月经初潮偏迟，身材瘦小；肾气亏虚，冲任损伤，血海空虚而致月经周期延后，经量少，渐至停闭；肾阳不足，无以温煦，故见畏寒肢冷；肾阳虚，不足以温肾之外府，故见腰酸腿软；肾在色为黑，肾阳虚，故面有暗斑。舌淡，脉沉为肾阳虚之象。
中医治法：补肾益气，调理冲任
方剂名称：加减苁蓉菟丝子丸加淫羊藿、紫河车
药物组成：肉苁蓉、淫羊藿、菟丝子、紫河车、覆盆子、枸杞子、当归、熟地、桑寄生、焦艾叶、巴戟天、仙茅",国家中医执业（助理）医师资格考试实践技能题库
44,"医生：王大爷，今天来看诊主要哪里不舒服？

患者：大夫啊，我这小便的事儿可把我折腾坏了！最近三个月上厕所越来越费劲，尿得特别细，半天解不完，解完了还滴滴答答的。昨儿喝了点酒，这下更厉害了，一个小时就得跑趟厕所，尿的时候火辣辣的疼，小肚子这块还老觉得发烫。

医生：这夜尿频繁的情况有多久了？每天晚上大概起夜几次？

患者：这两年就开始起夜多了，一晚上得折腾两三回。最近三个月突然加重，现在一晚上得起来四五次，根本睡不了囫囵觉。

医生：小便颜色怎么样？有没有浑浊或者血丝？平时喝水多吗？

患者：颜色倒是正常的，就是尿的时候像针扎似的疼。我平时喝茶挺多的，不过这两天疼得厉害都不敢多喝了。

医生：平时饮食口味重不重？最近有没有特别操劳或者着急上火的事？

患者：就爱喝两口小酒，每天晚饭都得来二两。前阵子儿子结婚的事确实忙活了一阵，那会儿就感觉小便更费劲了。

医生：舌头伸出来我看看。嗯，舌头发红，舌苔又黄又厚。来，我把个脉...脉象绷得紧，跳得也快。平时大便怎么样？会不会黏马桶？

患者：您说这舌头黄啊？怪不得嘴里老发苦。大便倒是每天一次，就是冲水的时候总有点黏糊糊的挂壁。

医生：您这个情况在中医里叫""精癃""，主要是肾气不足加上湿热下注。年纪大了肾气本来就不足，加上长期饮酒生湿，最近着急上火又添了热，湿热堵在下焦，就像水管子被淤泥堵住了，所以小便不畅还灼痛。

患者：那该怎么治啊？这酒是不是真得戒了？

医生：咱们分两步走，先清湿热通水道，再慢慢补养肾气。给您开个清热利湿的方子，用八正散加减，里面车前子、滑石这些能通利小便，大黄、栀子清热，再加些活血通络的药。这酒可得暂时戒了，辛辣油腻的也少吃，小肚子发烫的时候可以试试用冷毛巾敷一敷。

患者：药要喝多久能见效？平时饮食还要注意啥？

医生：先服七剂，小便灼痛应该能缓解，排尿不畅需要慢慢调理。多吃些冬瓜、薏米这些利湿的，保持心情舒畅，晚上九点后少喝水。要是症状有变化随时来复诊，咱们再调整方子。","中医疾病诊断：精癃
中医证候诊断：湿热蕴结证
中医辨病辨证依据（含病因病机分析）：患者以尿频、排尿困难、尿线细为主症，诊断为精癃。患者为64岁老年男性，肾之气阴已衰，无力鼓舞膀胱气化，故见夜尿频，排尿困难，尿线细，尿后余沥不尽；复因饮酒，聚湿生热，致湿热下注，蕴结不散而出现尿道灼热刺痛，时感小腹灼热等症。舌红苔黄腻，脉弦数为湿热藴结之象。
中医治法：清热利湿，消癃通闭
方剂名称：八正散加减
药物组成：车前子、夏枯草、篇蓄、大黄、川牛膝、滑石、瞿麦、灯芯草、甘草、栀子、王不留行、蒲黄",国家中医执业（助理）医师资格考试实践技能题库
45,"医生：孙先生您好，请说说哪里不舒服？  
患者：大夫，我浑身起红疹子快十天了，痒得钻心。最开始吃了海鲜就这样，现在连脖子后背都起水泡了，挠破了还流黄水。  

医生：这痒的感觉白天晚上有差别吗？有没有觉得哪里特别燥热或者刺痛的？  
患者：夜里痒得更厉害，像蚂蚁在爬，根本睡不安稳。有些水泡摸着发烫，抓破了火辣辣的疼。  

医生：最近胃口怎么样？大小便还正常吗？  
患者：胸口老是发闷，看见饭菜都没食欲。大便干得像羊粪球，小便特别黄，一天都去不了几趟厕所。  

医生：让我看看舌头...舌质偏红，苔薄黄。再诊个脉...脉象滑数有力。起疹子前有没有熬夜劳累？平时压力大吗？  
患者：当班主任确实操心，这学期开学后经常熬夜备课。不过最明显还是吃了螃蟹第二天就发作，之前也有过类似情况。  

医生：您这是湿热内蕴兼感风邪引发的湿疮。海鲜这类发物会引动体内湿热，加上平时思虑伤脾，湿邪郁久化热，外发于皮肤就起疹流水。  

患者：那要怎么调理呢？现在痒得实在受不了。  
医生：给您开清热利湿的汤药，龙胆草、金银花这些能解毒止痒，配合苦参、地肤子外洗。最近要忌口鱼虾牛羊肉，辛辣油炸也别碰，薏仁冬瓜这类利湿的可以多吃。  

患者：需要特别注意什么吗？  
医生：保持皮肤干燥，别用热水烫洗。棉质衣物透气好，抓破的地方可以涂点甘草油防止感染。调节情绪别焦虑，晚上十点前尽量入睡。  

患者：明白了，我按时吃药调理。  
医生：先服七剂，复诊时根据渗液情况调整药方。若出现发烧或皮损化脓要及时来诊。","中医疾病诊断：湿疮
中医证候诊断：湿热证
中医辨病辨证依据（含病因病机分析）：患者以食用过敏食物后出现全身泛发丘疼水疱，搔抓渗液，伴有剧烈瘙痒等为主症，故诊为湿疮。患者禀赋不耐，又因食用荤腥动风之品，致脾失健运，湿热内生，复感风邪，郁于肌腠而发病。湿阻气机，气失条达，故见胸闷纳呆；湿热肉蕴，故见口苦，大便干，小便赤少；舌红苔薄黄，脉滑数为湿热之象。
中医治法：清热利湿止痒
方剂名称：龙胆泻肝汤合萆薢渗湿汤加减
药物组成：金银花、连翘、龙胆草、黄岑、生山桅、生甘草、生地、当归、车前子、黄柏、丹皮、苦参、徐长卿、白藓皮、地肤子",国家中医执业（助理）医师资格考试实践技能题库
46,"医生：周女士，请先说说您最不舒服的情况是什么？  
患者：大夫，我这肚子下面总摸到个硬块，按着就疼得厉害，有五年多了。每次来月经更是遭罪，血多得吓人，十天半月才干净，还带着暗紫色血块。  

医生：这硬块疼起来是胀痛还是刺痛？受凉或者生气时会不会加重？  
患者：像针扎似的疼，天冷时疼得更凶。这几年工作压力大，跟家里人怄气后，下面出血就特别多。  

医生：平时会觉得口干吗？想不想喝水？  
患者：嘴巴老是干巴巴的，但喝水又喝不下几口，温水润润喉咙就够了。  

医生：手脚发凉吗？夜里睡得踏实吗？  
患者：手脚倒不凉，就是半夜经常醒，醒了就再难入睡。对了，这几个月皮肤摸着特别糙，脸色也发暗，抹多少护肤品都不管用。  

医生：我看看舌头……嗯，舌头上这些小红点以前就有吗？舌色确实发暗。现在搭个脉……脉摸着不太顺畅，像砂纸刮过似的。最近三个月月经情况如何？  
患者：上个月8号来的，量多得要用加长卫生巾，血块哗啦啦往下掉，小肚子抽着疼，得用暖水袋捂着才好些。  

医生：平时爱吃冷饮或辛辣食物吗？  
患者：年轻时候贪凉，冰镇饮料没少喝。这两年胃受不了，改喝温水了，但炒菜还是喜欢放点辣椒。  

医生：您这是气血运行不畅，瘀血结在胞宫形成了包块。就像河道里泥沙淤积，水流受阻就会泛滥成灾，所以月经量多夹块。治疗需要疏通瘀堵，用活血散结的方子。桂枝茯苓丸加减比较对症，里面桃仁、三棱这些药就像给河道清淤。  

患者：那要吃多久才能见效？  
医生：先服两周，月经期停药。期间忌口生冷辛辣，大闸蟹、冰啤酒这些千万别碰。每天睡前用掌心顺时针揉小腹二十分钟，保持心情舒畅最重要。下周五再来复诊，记得带这次的舌苔照片。","中医疾病诊断：癥瘕
中医证候诊断：血瘀证
中医辨病辨证依据（含病因病机分析）：血瘀不行，气机被阻积结成癥瘕，故包块坚硬不移，痛而拒按；脉络不通，血上不荣面，外不荣肌肤，故面色晦暗，肌肤不润；瘀血内阻，沖任失调，故月经量多且夹有血块，瘀血内阻，不通则痛，故见痛经；津液不能上承，故见口干不欲饮。舌暗红边有瘀点，苔薄白，脉沉涩为血瘀之象。
中医治法：活血化瘀，破积消癥
方剂名称：桂枝茯苓丸加减
药物组成：牡丹皮、桂枝、茯苓、赤芍、桃仁、醋三棱、醋莪术",国家中医执业（助理）医师资格考试实践技能题库
47,"医生：钱先生您好，请说说最近哪里不舒服最明显？  
患者：大夫，我这一个多月老是喘气费劲，喉咙里像有呼呼的声音，稍微动动就上不来气。前些天着凉后更厉害了，现在虽然好点了，但总感觉嗓子里有痰堵着。  

医生：这痰是什么样子的？是黄稠的还是清稀的？  
患者：就跟清水似的，白花花的一吐一大口。有时候吃饭都没胃口，稍微吃点就肚子胀，大便也稀软不成形。  

医生：平时容易出汗吗？吹风会不会难受？  
患者：哎您说到点子上了！我这一动就哗哗冒冷汗，特别是后背这块。开个窗户吹点风，立马起鸡皮疙瘩，比旁人都怕冷。  

医生：睡眠怎么样？最近操劳多吗？  
患者：晚上倒是能睡着，就是白天总提不起劲儿，干农活都比以前慢半拍。前阵子秋收割稻子累着了，之后就犯这毛病。  

医生：舌头伸出来我看看...舌质淡，苔薄白。再给您把个脉...脉象细软无力。这是肺脾气虚的表现，肺气不足所以气短怕风，脾虚不运化就痰多食少。  

患者：那要怎么调理呢？  
医生：咱们用健脾补肺的法子，给您开个方子：党参、黄芪补气，白术山药健脾胃，再加点化痰止咳的陈皮半夏。平时用山药小米熬粥喝，忌食西瓜、冷饮这些伤阳气的东西。  

患者：需要特别注意什么吗？  
医生：三件事记牢：一是随身带件薄外套避风，二是干农活要量力而行别累着，三是每天按揉肚脐周围二十分钟。调理两个月左右，这喘憋痰多的情况会慢慢改善的。","中医疾病诊断：哮病
中医证候诊断：恢复期-肺脾气虚证
中医辨病辨证依据（含病因病机分析）：以发作性喉中哮鸣，呼吸困难为主症，诊断为哮病。1个月前发作，经治已有好转，故属于缓解期，喉中时有轻度哮鸣，气短声低，痰多质稀，色白，倦怠无力，自汗，怕风，食少便溏，舌质淡，苔白，脉细弱，辨证为肺脾气虚证。幼年起病，哮病日久，肺虚不能主气，脾虚健运无权，气不化津，痰饮蕴肺，肺气上逆，而引发本病。
中医治法：健脾益气，补土生金
方剂名称：玉屏风散合六君子汤加减
药物组成：党参、黄芪、白术、半夏、橘皮、山药、薏苡仁、五味子、浮小麦、桂枝、白芍",国家中医执业（助理）医师资格考试实践技能题库
48,"医生：李阿姨，您哪儿不舒服？慢慢说。

患者：大夫啊，我这喘病又犯了，这两个月天儿一凉就上不来气儿，胸口像压了块大石头似的。稍微走两步就呼哧带喘的，接不上气儿，浑身冒冷汗手脚冰凉。

医生：这情况是从什么时候开始加重的？平时躺着喘还是坐着喘更厉害些？

患者：立冬后越来越严重了，现在连去院里喂鸡都费劲。躺着坐着都憋闷，不过起来活动喘得更凶，有时候得扶着墙缓半天。

医生：夜里睡觉能平躺吗？有没有被憋醒的情况？咳嗽有痰吗？

患者：枕头得垫高些才能睡，倒是不怎么咳嗽了。就是老觉得气儿吸不到底儿，像破风箱似的呼哧呼哧响。

医生：平时怕冷吗？手脚心发不发热？大小便怎么样？

患者：特别怕冷，棉袄比往年早穿了一个月。小便清长的很，夜里得起三四回，大便倒是成型的。

医生：伸舌头我看看。舌质偏淡，苔薄白。脉象沉细无力。您这病根儿在肾气不足，就像油灯快熬干了火苗就弱。年轻时落下的咳喘拖久了伤肾，现在肾不纳气，所以动辄气喘。加上天寒消耗阳气，症状就加重了。

患者：那还能调好吗？这些年中药西药没断过。

医生：咱们用补肾固本的法子慢慢调理。给您开金匮肾气丸加减，配上人参蛤蚧粉补肺肾之气。平时用核桃仁当零嘴儿，睡前热水泡脚到膝盖。切记避风寒，少吃生冷瓜果，天好时在屋里慢慢走百步。调理得当，开春就能见好。","中医疾病诊断：喘证
中医证候诊断：虚喘-肾虚不纳证
中医辨病辨证依据（含病因病机分析）：以气喘为主症，诊断为喘证。气喘胸闷，呼多吸少，动则喘息，气不得续，形瘦神惫，汗出肢冷，面青唇紫，舌淡苔白，脉微细，辨证为虚喘肾虚不纳证。久病咳喘，肺病及肾，肺肾俱虚，气失摄纳，而引发本病。
中医治法：补肾纳气
方剂名称：金匮肾气丸合参蛤散加减
药物组成：制附子、肉桂、熟地黄、山药、山萸肉、丹皮、茯苓、泽泻、人参、蛤蚧粉、胡桃肉、五味子",国家中医执业（助理）医师资格考试实践技能题库
49,"医生：小李同学哪里不舒服？这两天天气转凉得厉害，是着凉了吗？  
患者：大夫，我这两天冻坏了。前天从图书馆回来路上淋了雨，昨天开始冷得直打哆嗦，盖两床被子都不管用，还流清鼻涕止不住。  

医生：先量个体温。发热吗？是觉得骨头缝里发冷，还是单纯怕风吹？  
患者：量过38度，但自己感觉冷得更厉害。特别怕窗户漏风，一吹风就打喷嚏，鼻塞得说话都嗡嗡的。  

医生：咳嗽有痰吗？喉咙感觉怎么样？  
患者：咳嗽带着白痰，像水沫似的。喉咙又痒又痛，像有小毛刷在挠，吞口水都难受。  

医生：这几天出汗吗？吃饭喝水还正常吗？  
患者：一点汗都没出，身上紧绷绷的。胃口差得很，昨天就喝了点粥。小便挺清的，大便有点稀。  

医生：舌头伸出来看看...舌苔薄白，舌质不红。来，搭个脉——脉跳得紧，像琴弦绷着。最近考试压力大吗？睡眠怎么样？  
患者：期末复习总熬夜，睡不踏实，这两天头疼得更睡不着了。  

医生：这是典型的风寒束表。寒邪把毛孔都封住了，阳气发不出来才会恶寒无汗。肺气被寒气困住，所以鼻塞咳嗽白痰。我给你开荆防败毒散加减，用荆芥防风驱散寒邪，杏仁桔梗帮你宣肺止咳。  

患者：那我现在要注意什么呀？能喝冰奶茶吗？  
医生：千万忌生冷！这两天用葱白三段、生姜五片煮水喝。盖薄被发发汗，但别捂得太厚反耗正气。咳嗽时含片梨膏糖润喉，油腻的暂时别碰。  

患者：需要吃退烧药吗？  
医生：咱先用中药把寒气透出去，体温自然就下来了。回去把药趁热喝，喝完躺会儿，感觉后背微微发潮就是见效了。三天后要是还有鼻塞再过来调方。","中医疾病诊断：感冒
中医证候诊断：风寒感冒
中医辨病辨证依据（含病因病机分析）：以恶寒发热，鼻塞声重、流清涕为主症，辨病为感冒。恶寒重，发热轻，无汗，鼻塞声重，流清涕，打喷嚏，咽痒，咽痛，咳嗽，痰吐稀薄色白。舌苔薄白，脉浮紧，辨证为风寒感冒。外出受凉，感受寒邪，风寒外束，卫阳被郁，腠理闭塞，肺气不宣。病位在肺卫，病性属实寒。
中医治法：辛温解表
方剂名称：荆防败毒散加减
药物组成：荆芥、防风、羌活、柴胡、前胡、桔梗、甘草、川芎、枳壳、杏仁",国家中医执业（助理）医师资格考试实践技能题库
50,"医生：张先生您好，请说说哪里不舒服？

患者：唉...这一个月来下面总是不行，根本起不来。还老觉得裤裆里黏糊糊的，特别难受。

医生：具体是哪些部位不舒服？潮湿感主要在阴囊吗？

患者：就是蛋蛋那块总是湿漉漉的，还特别痒，味道很难闻。有时候小肚子两边还会抽着疼，撒尿时火辣辣的疼。

医生：这种状况什么时候开始的？和喝酒有没有关系？

患者：得有一个月了。您这么一问...确实每次应酬喝完酒第二天就更严重，连大腿根都开始发酸发沉。

医生：平时胃口怎么样？有没有反酸或者恶心的感觉？

患者：最近看见油腻的就犯恶心，早上刷牙干呕得厉害，嘴里老是发苦。

医生：伸手让我看看舌象...舌质偏红，舌苔又黄又厚。现在诊个脉...脉象滑而快。最近大便正常吗？有没有黏马桶的情况？

患者：还真是！大便老擦不干净，特别粘。

医生：平时工作压力大不大？熬夜多吗？

患者：应酬多经常熬夜，最近因为这事焦虑得睡不好。

医生：综合来看，您这个情况属于湿热下注。长期饮酒导致体内湿热蕴结，湿热顺着肝经下注阴器，就像机器被油泥糊住了运转不灵。需要清利湿热，疏通经络。

患者：那该怎么治啊？

医生：给您开龙胆泻肝汤加减，用龙胆草、黄芩这些清肝火，配合泽泻、土茯苓祛湿。这段时间必须戒酒，少吃肥肉火锅，内裤要穿宽松透气的。每天可以用苦参30克煮水晾温后坐浴。

患者：需要喝多久药？

医生：先服一周观察，复诊时根据舌苔变化调整方子。平时多吃冬瓜、薏米这些利湿的食物，保持会阴部干燥。工作上尽量调整应酬频率，湿热退了功能自然就恢复了。","中医疾病诊断：阳痿
中医证候诊断：湿热下注证
中医辨病辨证依据（含病因病机分析）：以阴茎萎而不举为主症，诊断为阳痿。阴茎痿软，阴囊潮湿，瘙痒腥臭，睾丸坠胀作痛，小便赤涩灼痛，胁胀腹闷，肢体困倦，泛恶口苦，舌红苔黄腻，脉滑数，辨证为湿热下注证。饮酒过度，湿热内生，湿热下注肝经，宗筋经络失畅，而引发本病。
中医治法：清利湿热
方剂名称：龙胆泻肝汤加减
药物组成：龙胆草、栀子、黄芩、泽泻、柴胡、当归、生地黄、车前子、土茯苓、甘草",国家中医执业（助理）医师资格考试实践技能题库
