location_code,country,Plant_ID
ir,Iran,NPO12181
ir,Iran,NPO12933
ir,Iran,NPO22234
ir,Iran,NPO16145
ir,Iran,NPO25340
ir,Iran,NPO22071
ir,Iran,NPO3808
ir,Iran,NPO20984
ir,Iran,NPO10742
ir,Iran,NPO29169
ir,Iran,NPO13986
ir,Iran,NPO5067
ir,Iran,NPO1398
ir,Iran,NPO25583
ir,Iran,NPO11043
ir,Iran,NPO12011
ir,Iran,NPO25532
ir,Iran,NPO12477
ir,Iran,NPO28669
ir,Iran,NPO28387
ir,Iran,NPO18498
ir,Iran,NPO7925
ir,Iran,NPO163
ir,Iran,NPO26699
ir,Iran,NPO26215
ir,Iran,NPO6241
ir,Iran,NPO15520
ir,Iran,NPO5731
ir,Iran,NPO6495
ir,Iran,NPO4204
ir,Iran,NPO11421
ir,Iran,NPO28293
ir,Iran,NPO8934
ir,Iran,NPO13450
ir,Iran,NPO28111
ir,Iran,NPO28257
ir,Iran,NPO15612
ir,Iran,NPO6964
ir,Iran,NPO9973
ir,Iran,NPO25779
ir,Iran,NPO9124
ir,Iran,NPO9865
ir,Iran,NPO9047
ir,Iran,NPO22132
ir,Iran,NPO14178
ir,Iran,NPO28219
ir,Iran,NPO25037
ir,Iran,NPO20295
ir,Iran,NPO18333
ir,Iran,NPO7960
