head,rel,tail,shared_compounds,jaccard
ingredient::adobo,has_compound,compound::1130,,
ingredient::adobo,has_compound,compound::644104,,
ingredient::agar,has_compound,compound::10393,,
ingredient::agar,has_compound,compound::10448,,
ingredient::agar,has_compound,compound::107,,
ingredient::agar,has_compound,compound::107971,,
ingredient::agar,has_compound,compound::1110,,
ingredient::agar,has_compound,compound::11128,,
ingredient::agar,has_compound,compound::1130,,
ingredient::agar,has_compound,compound::11509,,
ingredient::agar,has_compound,compound::11552,,
ingredient::agar,has_compound,compound::1183,,
ingredient::agar,has_compound,compound::126,,
ingredient::agar,has_compound,compound::13144,,
ingredient::agar,has_compound,compound::15394,,
ingredient::agar,has_compound,compound::1549026,,
ingredient::agar,has_compound,compound::180,,
ingredient::agar,has_compound,compound::18635,,
ingredient::agar,has_compound,compound::1889,,
ingredient::agar,has_compound,compound::2345,,
ingredient::agar,has_compound,compound::240,,
ingredient::agar,has_compound,compound::244,,
ingredient::agar,has_compound,compound::247,,
ingredient::agar,has_compound,compound::26447,,
ingredient::agar,has_compound,compound::31260,,
ingredient::agar,has_compound,compound::323,,
ingredient::agar,has_compound,compound::338,,
ingredient::agar,has_compound,compound::33931,,
ingredient::agar,has_compound,compound::439246,,
ingredient::agar,has_compound,compound::439263,,
ingredient::agar,has_compound,compound::439341,,
ingredient::agar,has_compound,compound::439533,,
ingredient::agar,has_compound,compound::441005,,
ingredient::agar,has_compound,compound::441484,,
ingredient::agar,has_compound,compound::444539,,
ingredient::agar,has_compound,compound::445070,,
ingredient::agar,has_compound,compound::454,,
ingredient::agar,has_compound,compound::4788,,
ingredient::agar,has_compound,compound::527,,
ingredient::agar,has_compound,compound::5280443,,
ingredient::agar,has_compound,compound::5280445,,
ingredient::agar,has_compound,compound::5280511,,
ingredient::agar,has_compound,compound::5280598,,
ingredient::agar,has_compound,compound::5280863,,
ingredient::agar,has_compound,compound::5281708,,
ingredient::agar,has_compound,compound::5284503,,
ingredient::agar,has_compound,compound::5284639,,
ingredient::agar,has_compound,compound::5315892,,
ingredient::agar,has_compound,compound::5318042,,
ingredient::agar,has_compound,compound::5363388,,
