head,rel,tail,attributes_json
recipe::0,from_region,region::North India,"{""in_primary_axis"": false, ""scope"": ""indian""}"
ingredient::mutton,pairs_with,ingredient::star anise,"{""cooccur"": 122, ""npmi"": 0.253, ""pmi"": 2.7279}"
ingredient::mutton,pairs_with,ingredient::peppercorn,"{""cooccur"": 171, ""npmi"": 0.2032, ""pmi"": 2.0915}"
ingredient::mutton,pairs_with,ingredient::poppy,"{""cooccur"": 67, ""npmi"": 0.1776, ""pmi"": 2.0679}"
ingredient::mutton,pairs_with,ingredient::shallot,"{""cooccur"": 76, ""npmi"": 0.1487, ""pmi"": 1.7044}"
ingredient::mutton,pairs_with,ingredient::yogurt,"{""also_shares_flavor"": true, ""cooccur"": 315, ""jaccard"": 0.1471, ""npmi"": 0.1743, ""pmi"": 1.6403, ""shared_compounds"": 10}"
ingredient::mutton,pairs_with,ingredient::onion,"{""cooccur"": 1115, ""npmi"": 0.1632, ""pmi"": 1.2388}"
ingredient::mutton,shares_flavor,ingredient::tea,"{""jaccard"": 0.0631, ""shared_compounds"": 26}"
ingredient::mutton,shares_flavor,ingredient::pork,"{""jaccard"": 0.1397, ""shared_compounds"": 25}"
ingredient::mutton,shares_flavor,ingredient::rice,"{""jaccard"": 0.1081, ""shared_compounds"": 24}"
ingredient::mutton,shares_flavor,ingredient::soybean,"{""jaccard"": 0.0837, ""shared_compounds"": 21}"
ingredient::mutton,shares_flavor,ingredient::tomato,"{""jaccard"": 0.0707, ""shared_compounds"": 21}"
ingredient::mutton,shares_flavor,ingredient::peanut,"{""jaccard"": 0.0826, ""shared_compounds"": 20}"
ingredient::mutton,shares_flavor,ingredient::papaya,"{""jaccard"": 0.0602, ""shared_compounds"": 18}"
ingredient::mutton,shares_flavor,ingredient::strawberry,"{""jaccard"": 0.0629, ""shared_compounds"": 18}"
ingredient::mutton,shares_flavor,ingredient::potato,"{""jaccard"": 0.0599, ""shared_compounds"": 17}"
ingredient::mutton,shares_flavor,ingredient::sherry,"{""jaccard"": 0.0794, ""shared_compounds"": 17}"
ingredient::mutton,shares_flavor,ingredient::orange,"{""jaccard"": 0.0535, ""shared_compounds"": 16}"
ingredient::mutton,shares_flavor,ingredient::wine,"{""jaccard"": 0.086, ""shared_compounds"": 16}"
ingredient::mutton,shares_flavor,ingredient::oats,"{""jaccard"": 0.069, ""shared_compounds"": 14}"
ingredient::mutton,shares_flavor,ingredient::raspberry,"{""jaccard"": 0.0636, ""shared_compounds"": 14}"
ingredient::mutton,shares_flavor,ingredient::pineapple,"{""jaccard"": 0.0512, ""shared_compounds"": 13}"
ingredient::mutton,shares_flavor,ingredient::rajma,"{""jaccard"": 0.0952, ""shared_compounds"": 12}"
ingredient::mutton,shares_flavor,ingredient::sake,"{""jaccard"": 0.1714, ""shared_compounds"": 12}"
ingredient::mutton,shares_flavor,ingredient::peach,"{""jaccard"": 0.0468, ""shared_compounds"": 11}"
ingredient::mutton,shares_flavor,ingredient::sesame,"{""jaccard"": 0.0663, ""shared_compounds"": 11}"
ingredient::mutton,shares_flavor,ingredient::olive,"{""jaccard"": 0.0521, ""shared_compounds"": 10}"
ingredient::mutton,shares_flavor,ingredient::plum,"{""jaccard"": 0.0442, ""shared_compounds"": 10}"
ingredient::mutton,shares_flavor,ingredient::shrimp,"{""jaccard"": 0.0885, ""shared_compounds"": 10}"
ingredient::mutton,shares_flavor,ingredient::tamarind,"{""jaccard"": 0.0498, ""shared_compounds"": 10}"
ingredient::ghee,derived_from,ingredient::butter,"{""parent_is_allergen"": false}"
ingredient::ghee,pairs_with,ingredient::silver leaf,"{""cooccur"": 119, ""npmi"": 0.2013, ""pmi"": 2.1771}"
ingredient::ghee,pairs_with,ingredient::khoya,"{""cooccur"": 824, ""npmi"": 0.2591, ""pmi"": 2.0792}"
ingredient::ghee,pairs_with,ingredient::raisin,"{""cooccur"": 2672, ""npmi"": 0.3066, ""pmi"": 1.9401}"
ingredient::ghee,pairs_with,ingredient::kewra,"{""cooccur"": 177, ""npmi"": 0.1885, ""pmi"": 1.9316}"
ingredient::ghee,pairs_with,ingredient::semiya,"{""cooccur"": 63, ""npmi"": 0.1526, ""pmi"": 1.7908}"
ingredient::ghee,pairs_with,ingredient::saffron,"{""cooccur"": 1672, ""npmi"": 0.2399, ""pmi"": 1.6807}"
ingredient::ghee,pairs_with,ingredient::vermicelli,"{""cooccur"": 337, ""npmi"": 0.1801, ""pmi"": 1.6773}"
ingredient::ghee,pairs_with,ingredient::rasam,"{""cooccur"": 117, ""npmi"": 0.1515, ""pmi"": 1.6426}"
ingredient::ghee,pairs_with,ingredient::melon seed,"{""cooccur"": 197, ""npmi"": 0.1604, ""pmi"": 1.619}"
ingredient::ghee,pairs_with,ingredient::lotus,"{""cooccur"": 65, ""npmi"": 0.1352, ""pmi"": 1.5807}"
ingredient::ghee,pairs_with,ingredient::moong-dal,"{""cooccur"": 1321, ""npmi"": 0.2074, ""pmi"": 1.5234}"
ingredient::ghee,pairs_with,ingredient::kishmish,"{""cooccur"": 58, ""npmi"": 0.1201, ""pmi"": 1.4241}"
ingredient::ghee,pairs_with,ingredient::rose,"{""cooccur"": 464, ""npmi"": 0.1597, ""pmi"": 1.4143}"
ingredient::ghee,pairs_with,ingredient::rava,"{""cooccur"": 559, ""npmi"": 0.1617, ""pmi"": 1.3882}"
ingredient::ghee,pairs_with,ingredient::semolina,"{""cooccur"": 1595, ""npmi"": 0.1892, ""pmi"": 1.338}"
ingredient::ghee,pairs_with,ingredient::masoor dal,"{""cooccur"": 220, ""npmi"": 0.1295, ""pmi"": 1.2861}"
ingredient::ghee,pairs_with,ingredient::sago,"{""cooccur"": 318, ""npmi"": 0.1256, ""pmi"": 1.181}"
ingredient::ghee,pairs_with,ingredient::wheat,"{""cooccur"": 256, ""npmi"": 0.1178, ""pmi"": 1.1442}"
ingredient::ghee,pairs_with,ingredient::millet,"{""cooccur"": 273, ""npmi"": 0.1006, ""pmi"": 0.9681}"
