_key,value
French protectorate in Morocco,Africa
Jamaica,North America
Gaza Empire,Africa
Dominica,North America
United States of the Ionian Islands,Europe
Kingdom of Galicia and Lodomeria,Europe
Principality of Chernigov,Europe
British North Borneo,Asia
Grenada,North America
Haiti,North America
Canada,North America
Zaporozhye State,Europe
Dominican Republic,North America
The Bahamas,North America
Alashiya,Asia
El Salvador,North America
Norway,Europe
Japan,Asia
Guatemala,North America
Costa Rica,North America
Iran,Asia
England,Europe
Scotland,Europe
Yemen,Asia
Iraq,Asia
Nicaragua,North America
Republic of Ireland,Europe
Israel,Asia
Laos,Asia
Kyrgyzstan,Asia
Antigua and Barbuda,North America
Wales,Europe
Lebanon,Asia
Hungary,Europe
Honduras,North America
United States of America,North America
Spain,Europe
Belgium,Europe
Northern Ireland,Europe
Finland,Europe
Jordan,Asia
Myanmar,Asia
Maldives,Asia
Denmark,Europe
Nepal,Asia
Malaysia,Asia
Oman,Asia
Sweden,Europe
Pakistan,Asia
Poland,Europe
