id,name,flavor_group,category,created_at,updated_at,creator_id,updater_id
1,celery,vegetable,odor,2011-10-02 06:10:04 UTC,2011-10-02 06:10:04 UTC,,
2,corn,vegetable,odor,2011-10-02 06:10:04 UTC,2011-10-02 06:10:04 UTC,,
3,cucumber,vegetable,odor,2011-10-02 06:10:04 UTC,2011-10-02 06:10:04 UTC,,
4,horseradish,vegetable,odor,2011-10-02 06:10:05 UTC,2011-10-02 06:10:05 UTC,,
5,vegetable,vegetable,odor,2011-10-02 06:10:05 UTC,2011-10-02 06:10:05 UTC,,
6,potato,vegetable,odor,2011-10-02 06:10:05 UTC,2011-10-02 06:10:05 UTC,,
7,tomato,vegetable,odor,2011-10-02 06:10:05 UTC,2011-10-02 06:10:05 UTC,,
8,caraway,herbaceous,odor,2011-10-02 06:10:05 UTC,2011-10-02 06:10:05 UTC,,
9,clove,herbaceous,odor,2011-10-02 06:10:05 UTC,2011-10-02 06:10:05 UTC,,
10,fennel,herbaceous,odor,2011-10-02 06:10:05 UTC,2011-10-02 06:10:05 UTC,,
11,herbaceous,herbaceous,odor,2011-10-02 06:10:05 UTC,2011-10-02 06:10:05 UTC,,
12,sage,herbaceous,odor,2011-10-02 06:10:05 UTC,2011-10-02 06:10:05 UTC,,
13,butter,fatty,odor,2011-10-02 06:10:05 UTC,2011-10-02 06:10:05 UTC,,
14,cheese,fatty,odor,2011-10-02 06:10:06 UTC,2011-10-02 06:10:06 UTC,,
15,creamy,fatty,odor,2011-10-02 06:10:06 UTC,2011-10-02 06:10:06 UTC,,
16,hop_oil,fatty,odor,2011-10-02 06:10:06 UTC,2011-10-02 06:10:06 UTC,,
17,oily,fatty,odor,2011-10-02 06:10:06 UTC,2011-10-02 06:10:06 UTC,,
18,fatty,fatty,odor,2011-10-02 06:10:06 UTC,2011-10-02 06:10:06 UTC,,
19,sour,fatty,odor,2011-10-02 06:10:06 UTC,2011-10-02 06:10:06 UTC,,
20,coumarin,spicy,odor,2011-10-02 06:10:06 UTC,2011-10-02 06:10:06 UTC,,
21,spicy,spicy,odor,2011-10-02 06:10:06 UTC,2011-10-02 06:10:06 UTC,,
22,blossom,floral,odor,2011-10-02 06:10:06 UTC,2011-10-02 06:10:06 UTC,,
23,carnation,floral,odor,2011-10-02 06:10:07 UTC,2011-10-02 06:10:07 UTC,,
24,gardenia,floral,odor,2011-10-02 06:10:07 UTC,2011-10-02 06:10:07 UTC,,
25,geranium,floral,odor,2011-10-02 06:10:07 UTC,2011-10-02 06:10:07 UTC,,
26,hawthorne,floral,odor,2011-10-02 06:10:07 UTC,2011-10-02 06:10:07 UTC,,
27,hyacinth,floral,odor,2011-10-02 06:10:08 UTC,2011-10-02 06:10:08 UTC,,
28,iris,floral,odor,2011-10-02 06:10:09 UTC,2011-10-02 06:10:09 UTC,,
29,jasmine,floral,odor,2011-10-02 06:10:09 UTC,2011-10-02 06:10:09 UTC,,
30,lavender,floral,odor,2011-10-02 06:10:09 UTC,2011-10-02 06:10:09 UTC,,
31,lily,floral,odor,2011-10-02 06:10:09 UTC,2011-10-02 06:10:09 UTC,,
32,marigold,floral,odor,2011-10-02 06:10:09 UTC,2011-10-02 06:10:09 UTC,,
33,floral,floral,odor,2011-10-02 06:10:09 UTC,2011-10-02 06:10:09 UTC,,
34,rose,floral,odor,2011-10-02 06:10:10 UTC,2011-10-02 06:10:10 UTC,,
35,violet,floral,odor,2011-10-02 06:10:10 UTC,2011-10-02 06:10:10 UTC,,
36,anise,balsamic,odor,2011-10-02 06:10:10 UTC,2011-10-02 06:10:10 UTC,,
37,balsam,balsamic,odor,2011-10-02 06:10:10 UTC,2011-10-02 06:10:10 UTC,,
38,butterscotch,balsamic,odor,2011-10-02 06:10:10 UTC,2011-10-02 06:10:10 UTC,,
39,caramel,balsamic,odor,2011-10-02 06:10:10 UTC,2011-10-02 06:10:10 UTC,,
40,chocolate,balsamic,odor,2011-10-02 06:10:10 UTC,2011-10-02 06:10:10 UTC,,
41,cinnamon,balsamic,odor,2011-10-02 06:10:10 UTC,2011-10-02 06:10:10 UTC,,
42,honey,balsamic,odor,2011-10-02 06:10:10 UTC,2011-10-02 06:10:10 UTC,,
43,others,balsamic,odor,2011-10-02 06:10:11 UTC,2011-10-02 06:10:11 UTC,,
44,sweet,balsamic,odor,2011-10-02 06:10:11 UTC,2011-10-02 06:10:11 UTC,,
45,vanilla,balsamic,odor,2011-10-02 06:10:11 UTC,2011-10-02 06:10:11 UTC,,
46,lemon,citrus,odor,2011-10-02 06:10:11 UTC,2011-10-02 06:10:11 UTC,,
47,lime,citrus,odor,2011-10-02 06:10:11 UTC,2011-10-02 06:10:11 UTC,,
48,melon,citrus,odor,2011-10-02 06:10:11 UTC,2011-10-02 06:10:11 UTC,,
49,orange,citrus,odor,2011-10-02 06:10:11 UTC,2011-10-02 06:10:11 UTC,,
50,citrus,citrus,odor,2011-10-02 06:10:11 UTC,2011-10-02 06:10:11 UTC,,
