food_code,food_name,primarysource,energy_kj,energy_kcal,carb_g,protein_g,fat_g,freesugar_g,fibre_g,sfa_mg,mufa_mg,pufa_mg,cholesterol_mg,calcium_mg,phosphorus_mg,magnesium_mg,sodium_mg,potassium_mg,iron_mg,copper_mg,selenium_ug,chromium_mg,manganese_mg,molybdenum_mg,zinc_mg,vita_ug,vite_mg,vitd2_ug,vitd3_ug,vitk1_ug,vitk2_ug,folate_ug,vitb1_mg,vitb2_mg,vitb3_mg,vitb5_mg,vitb6_mg,vitb7_ug,vitb9_ug,vitc_mg,carotenoids_ug,servings_unit,unit_serving_energy_kj,unit_serving_energy_kcal,unit_serving_carb_g,unit_serving_protein_g,unit_serving_fat_g,unit_serving_freesugar_g,unit_serving_fibre_g,unit_serving_sfa_mg,unit_serving_mufa_mg,unit_serving_pufa_mg,unit_serving_cholesterol_mg,unit_serving_calcium_mg,unit_serving_phosphorus_mg,unit_serving_magnesium_mg,unit_serving_sodium_mg,unit_serving_potassium_mg,unit_serving_iron_mg,unit_serving_copper_mg,unit_serving_selenium_ug,unit_serving_chromium_mg,unit_serving_manganese_mg,unit_serving_molybdenum_mg,unit_serving_zinc_mg,unit_serving_vita_ug,unit_serving_vite_mg,unit_serving_vitd2_ug,unit_serving_vitd3_ug,unit_serving_vitk1_ug,unit_serving_vitk2_ug,unit_serving_folate_ug,unit_serving_vitb1_mg,unit_serving_vitb2_mg,unit_serving_vitb3_mg,unit_serving_vitb5_mg,unit_serving_vitb6_mg,unit_serving_vitb7_ug,unit_serving_vitb9_ug,unit_serving_vitc_mg,unit_serving_carotenoids_ug
ASC001,Hot tea (Garam Chai),asc_manual,68.1615219116211,16.144298553466797,2.5819475650787354,0.3878859877586365,0.5320665240287781,2.576009511947632,0.0,321.4964294433594,144.18052673339844,16.389549255371094,0.0,14.204275131225586,11.501187324523926,1.035629391670227,3.118764638900757,13.945367813110352,0.021615203469991684,0.005914489272981882,0.11282660067081451,0.00047505940892733634,0.0022565319668501616,0.0,0.0410926379263401,0.0,0.026128266006708145,0.0,0.0,0.0019239905523136258,0.0,0.856294572353363,0.0035629451740533113,0.013206650502979755,0.00950118713080883,0.04066508263349533,0.004750593565404415,0.2422802895307541,0.856294572353363,0.23871733248233795,23.75296974182129,tea cup,143.47999572753906,33.98374938964844,5.434999942779541,0.8165000081062317,1.1200000047683716,5.422499656677246,0.0,676.75,303.5,34.5,0.0,29.899999618530273,24.209999084472656,2.179999828338623,6.564999580383301,29.354999542236328,0.045500002801418304,0.012450000271201134,0.23749999701976776,0.0010000000474974513,0.004749999847263098,0.0,0.08650000393390656,0.0,0.054999999701976776,0.0,0.0,0.004050000105053186,0.0,1.8025000095367432,0.007499999832361937,0.027799999341368675,0.019999999552965164,0.08560000360012054,0.009999999776482582,0.5099999904632568,1.8025000095367432,0.5024999976158142,50.0
ASC002,Instant coffee,asc_manual,97.76667022705078,23.155832290649414,3.6533334255218506,0.640666663646698,0.746666669845581,3.615000009536743,0.0,451.1666564941406,202.3333282470703,23.0,0.0,20.866666793823242,18.18666648864746,3.633333206176758,4.916666507720947,44.5,0.060999996960163116,0.012333333492279053,0.21833333373069763,0.0006666666595265269,0.015666667371988297,0.0,0.06499999761581421,0.0,0.03666666895151138,0.0,0.0,0.02866666577756405,0.0,1.2450000047683716,0.005266666878014803,0.019733333960175514,0.17866666615009308,0.05666666477918625,0.006799999624490738,0.7766666412353516,1.2450000047683716,0.33500000834465027,33.33333206176758,tea cup,439.95001220703125,104.20124816894531,16.440000534057617,2.882999897003174,3.359999895095825,16.267499923706055,0.0,2030.25,910.5,103.5,0.0,93.9000015258789,81.83999633789062,16.350000381469727,22.125,200.25,0.2744999825954437,0.05550000071525574,0.9824999570846558,0.003000000026077032,0.07050000131130219,0.0,0.29249998927116394,0.0,0.16500000655651093,0.0,0.0,0.1289999932050705,0.0,5.602499961853027,0.02370000071823597,0.08880000561475754,0.8040000200271606,0.2549999952316284,0.03060000017285347,3.494999885559082,5.602499961853027,1.5075000524520874,150.0
ASC003,Espreso coffee,asc_manual,216.99684143066406,51.543373107910156,6.620504856109619,1.7470030784606934,2.1381702423095703,6.533753871917725,0.0,1291.671875,580.15771484375,66.21450805664062,0.0,58.10409927368164,50.249210357666016,8.574132919311523,13.977917671203613,103.86434936523438,0.14763407409191132,0.038201894611120224,0.5630914568901062,0.0018927444471046329,0.03438485786318779,0.0,0.19148264825344086,0.0,0.10539432615041733,0.0,0.0,0.05425867810845375,0.0,3.48738169670105,0.014763407409191132,0.05488959327340126,0.35268136858940125,0.1618296504020691,0.019211355596780777,1.8107255697250366,3.48738169670105,0.9511041045188904,94.63722229003906,tea cup,343.94000244140625,81.69625091552734,10.493499755859375,2.7689998149871826,3.3889999389648438,10.355999946594238,0.0,2047.300048828125,919.5499877929688,104.94999694824219,0.0,92.09500122070312,79.6449966430664,13.59000015258789,22.154998779296875,164.625,0.23399999737739563,0.06055000051856041,0.8924999833106995,0.003000000026077032,0.054499998688697815,0.0,0.3034999966621399,0.0,0.16705000400543213,0.0,0.0,0.0860000029206276,0.0,5.527500152587891,0.023400001227855682,0.08700000494718552,0.5590000152587891,0.2565000057220459,0.03044999949634075,2.870000123977661,5.527500152587891,1.5075000524520874,150.0
ASC004,Iced tea,asc_manual,44.09062194824219,10.342187881469727,2.7015624046325684,0.027968749403953552,0.010937499813735485,2.7015624046325684,0.0,5.46875,0.0,5.46875,0.0,1.1796875,0.5843750238418579,0.3906249701976776,0.234375,5.215624809265137,0.021406250074505806,0.0030625001527369022,0.0546875,0.0,0.000937500037252903,0.0,0.007968749850988388,0.0,0.0,0.0,0.0,0.001687500043772161,0.0,0.40156251192092896,0.0016406249487772584,0.0006718750228174031,0.0054687499068677425,0.006812499836087227,0.0027343749534338713,0.00624999962747097,0.40156251192092896,1.859375,0.21875,tall glass,141.08999633789062,33.095001220703125,8.644999504089355,0.08949999511241913,0.03500000014901161,8.644999504089355,0.0,17.5,0.0,17.5,0.0,3.7749998569488525,1.8700000047683716,1.25,0.75,16.690000534057617,0.06849999725818634,0.009800000116229057,0.17499999701976776,0.0,0.003000000026077032,0.0,0.025499999523162842,0.0,0.0,0.0,0.0,0.005400000140070915,0.0,1.284999966621399,0.005249999929219484,0.00215000007301569,0.017500000074505806,0.021800000220537186,0.008750000037252903,0.019999999552965164,1.284999966621399,5.949999809265137,0.699999988079071
ASC005,Raw mango drink (Aam panna),asc_manual,152.39479064941406,35.91822052001953,9.047467231750488,0.15703445672988892,0.026340782642364502,7.490847110748291,0.6120251417160034,6.13826847076416,5.888193607330322,9.430632591247559,0.0,7.077746868133545,3.335195541381836,4.248603343963623,79.8249740600586,31.452980041503906,0.13546089828014374,0.025819366797804832,0.047700185328722,0.002187150763347745,0.05222998186945915,0.010614525526762009,0.02901769056916237,0.0,0.17245811223983765,1.460307240486145,0.0,3.4436686038970947,0.0,5.233556747436523,0.0040689012967050076,0.004534450359642506,0.05290502682328224,0.02571694552898407,0.025148974731564522,0.27298417687416077,5.233556747436523,16.87210464477539,167.18621826171875,tall glass,409.17999267578125,96.44041442871094,24.292449951171875,0.42163750529289246,0.07072500139474869,20.112924575805664,1.6432875394821167,16.481250762939453,15.809800148010254,25.32124900817871,0.0,19.00374984741211,8.954999923706055,11.407500267028809,214.33004760742188,84.45124816894531,0.36371248960494995,0.06932500004768372,0.1280750036239624,0.005872500129044056,0.140237495303154,0.02850000001490116,0.07791250199079514,0.0,0.4630500078201294,3.9209249019622803,0.0,9.24625015258789,0.0,14.05210018157959,0.010924999602138996,0.012174999341368675,0.14204999804496765,0.06904999911785126,0.0675249993801117,0.7329624891281128,14.05210018157959,45.301597595214844,448.8949890136719
ASC006,Fruit Punch (with fresh juices),asc_manual,153.8872833251953,36.116844177246094,9.38059139251709,0.13934893906116486,0.03250204399228096,9.245637893676758,0.06005493178963661,6.206655979156494,1.3017351627349854,10.082026481628418,0.0,5.068009376525879,10.242497444152832,3.1966712474823,2.632138252258301,33.43281173706055,0.10197856277227402,0.009800950065255165,0.030541853979229927,0.00026270587113685906,0.12604370713233948,0.002847511088475585,0.022566067054867744,0.0,0.046497099101543427,0.04913334548473358,0.0,0.5612720251083374,0.0,4.5140767097473145,0.016708552837371826,0.004304977599531412,0.04073502495884895,0.043319281190633774,0.014121359214186668,0.15240615606307983,4.5140767097473145,7.612774848937988,45.53494644165039,tall glass,837.6622924804688,196.59661865234375,51.06184005737305,0.758525013923645,0.17691999673843384,50.327239990234375,0.32690000534057617,33.78499984741211,7.0858001708984375,54.880001068115234,0.0,27.586950302124023,55.75349807739258,17.40060043334961,14.32765007019043,181.9864959716797,0.5551050305366516,0.053349997848272324,0.16625000536441803,0.0014300000621005893,0.6861000061035156,0.01549999974668026,0.12283499538898468,0.0,0.2531000077724457,0.2674500048160553,0.0,3.0552000999450684,0.0,24.571699142456055,0.09095049649477005,0.0234335009008646,0.22173500061035156,0.23580199480056763,0.0768674984574318,0.8296000361442566,24.571699142456055,41.43899917602539,247.86264038085938
ASC007,Fruit Punch (with squashes),asc_manual,98.22452545166016,23.12828254699707,5.989855766296387,0.0723448097705841,0.016838526353240013,5.883439064025879,0.16822615265846252,5.230045795440674,1.6314098834991455,7.0736918449401855,0.0,3.3008739948272705,9.265067100524902,1.8843357563018799,2.2574801445007324,16.64989471435547,0.06147245317697525,0.007000308018177748,0.03544900566339493,0.0004932035808451474,0.0818558782339096,0.0021875964011996984,0.011899529956281185,0.0,0.027961459010839462,0.05363588407635689,0.0,0.6523412466049194,0.0,1.8158937692642212,0.004663656931370497,0.0024229618720710278,0.017945250496268272,0.016467032954096794,0.008435669355094433,0.07817673683166504,1.8158937692642212,2.999492883682251,55.68623733520508,tall glass,493.9073181152344,116.2970962524414,30.119091033935547,0.36377501487731934,0.08466999977827072,29.5839900970459,0.8458999991416931,26.298500061035156,8.203300476074219,35.569000244140625,0.0,16.597949981689453,46.5880012512207,9.475099563598633,11.351400375366211,83.72150421142578,0.3091050088405609,0.03519999980926514,0.1782499998807907,0.0024800000246614218,0.4115999937057495,0.010999999940395355,0.059835001826286316,0.0,0.14059999585151672,0.26969999074935913,0.0,3.2802000045776367,0.0,9.130949974060059,0.023450499400496483,0.01218349952250719,0.09023499488830566,0.08280199766159058,0.0424175001680851,0.39309999346733093,9.130949974060059,15.082500457763672,280.0098876953125
ASC008,Lemonade,asc_manual,88.66141510009766,20.798982620239258,5.478568077087402,0.034817468374967575,0.010450966656208038,5.471953868865967,0.016864709556102753,4.652827262878418,0.03788117691874504,5.302791595458984,0.0,1.8396563529968262,0.6685755252838135,0.7301360368728638,28.52360725402832,5.730135917663574,0.047916967421770096,0.007301360368728638,0.07384395599365234,0.00018038654525298625,0.003035075031220913,0.002863278379663825,0.011667859740555286,0.0,0.0013171081664040685,0.009649248793721199,0.0,0.4695776700973511,0.0,0.604151725769043,0.0013457408640533686,0.0009735146886669099,0.006413743831217289,0.00612741569057107,0.0026342160999774933,0.0063278451561927795,0.604151725769043,1.5094058513641357,53.6950569152832,glass,309.6499938964844,72.64044952392578,19.133899688720703,0.12160000205039978,0.0364999994635582,19.11079978942871,0.05889999866485596,16.25,0.13230000436306,18.520000457763672,0.0,6.424999713897705,2.3350000381469727,2.549999952316284,99.61869812011719,20.012500762939453,0.16735000908374786,0.02550000138580799,0.2578999996185303,0.0006300000241026282,0.010599999688565731,0.009999999776482582,0.04074999690055847,0.0,0.004600000102072954,0.03370000049471855,0.0,1.6399999856948853,0.0,2.109999895095825,0.004699999932199717,0.0034000000450760126,0.02239999920129776,0.021399999037384987,0.009200000204145908,0.022099999710917473,2.109999895095825,5.271599769592285,187.52999877929688
ASC009,Lem-o-gin,asc_manual,91.63279724121094,21.517364501953125,5.551969051361084,0.08075683563947678,0.028100909665226936,5.384456634521484,0.12919411063194275,9.41135311126709,1.4660266637802124,13.20112133026123,0.0,2.1978976726531982,1.5871057510375977,1.8639103174209595,28.134815216064453,14.166082382202148,0.08685354143381119,0.009880868718028069,0.07229152321815491,0.0004498948692344129,0.08391030132770538,0.0030833918135613203,0.019621582701802254,0.0,0.008016818203032017,0.09543097764253616,0.0,0.9968464970588684,0.0,0.8189207911491394,0.002158374059945345,0.0017939733806997538,0.015108619816601276,0.011044148355722427,0.0067834616638720036,0.028689559549093246,0.8189207911491394,1.5918289422988892,59.48283004760742,glass,326.8999938964844,76.76319885253906,19.806650161743164,0.288100004196167,0.1002499982714653,19.209049224853516,0.4609000086784363,33.57500076293945,5.230050086975098,47.095001220703125,0.0,7.841000080108643,5.661999702453613,6.649500370025635,100.3709487915039,50.537498474121094,0.3098500072956085,0.03525000065565109,0.2578999996185303,0.0016049999976530671,0.29934999346733093,0.010999999940395355,0.07000000029802322,0.0,0.028599999845027924,0.3404499888420105,0.0,3.5562500953674316,0.0,2.9214999675750732,0.007699999958276749,0.006400000303983688,0.05389999970793724,0.039400000125169754,0.02419999986886978,0.10235000401735306,2.9214999675750732,5.678849697113037,212.20498657226562
ASC010,Cumin infused water (Jeere/Zeere ka pani),asc_manual,38.22722244262695,9.08980655670166,1.8643821477890015,0.16951678693294525,0.1104905903339386,1.46160089969635,0.46353375911712646,14.501070022583008,40.03645706176758,33.52784729003906,0.0,10.84382152557373,4.472076892852783,5.280117988586426,189.59512329101562,32.15123748779297,0.31502029299736023,0.017484324052929878,0.12945038080215454,0.0019173736218363047,0.2334120273590088,0.016967909410595894,0.042736995965242386,0.0,0.01349317654967308,0.5718849301338196,0.0,1.768720030784607,0.0,0.9267207384109497,0.009664330631494522,0.0032976760994642973,0.04900774732232094,0.010947990231215954,0.006595352198928595,0.03479896858334541,0.9267207384109497,1.066278100013733,64.09368896484375,glass,129.54249572753906,30.803081512451172,6.317924976348877,0.5744500160217285,0.3744249939918518,4.953000068664551,1.5708000659942627,49.140499114990234,135.67355346679688,113.61750030517578,0.0,36.74699783325195,15.154749870300293,17.89299964904785,642.490478515625,108.95249938964844,1.067525029182434,0.05925000086426735,0.4386749863624573,0.0064974999986588955,0.790975034236908,0.057500001043081284,0.14482499659061432,0.0,0.04572499915957451,1.9379750490188599,0.0,5.993750095367432,0.0,3.140424966812134,0.032749999314546585,0.011175000108778477,0.16607500612735748,0.03710000216960907,0.022350000217556953,0.1179250031709671,3.140424966812134,3.6133499145507812,217.19749450683594
ASC011,Coco pine cooler,asc_manual,138.47293090820312,32.74876022338867,5.717686176300049,0.5550532341003418,0.9999814629554749,5.52344274520874,0.25724664330482483,627.3115234375,248.96104431152344,41.49863815307617,3.401203155517578,17.810401916503906,13.468815803527832,6.591314315795898,23.19581413269043,66.64993286132812,0.1257658451795578,0.014227209612727165,0.30512726306915283,0.000475705717690289,0.13448865711688995,0.004627487156540155,0.06911152601242065,10.527533531188965,0.06752660870552063,0.06713789701461792,0.0,0.8437760472297668,0.0,2.9245188236236572,0.02539333514869213,0.04306108504533768,0.05477556586265564,0.14250577986240387,0.018373439088463783,0.2913118898868561,2.9245188236236572,2.4687390327453613,96.5533218383789,tall glass,598.47998046875,141.54014587402344,24.71183967590332,2.398940086364746,4.321919918060303,23.8723201751709,1.1118199825286865,2711.240234375,1076.0096435546875,179.35711669921875,14.699999809265137,76.9765625,58.21221923828125,28.487659454345703,100.25231170654297,288.0610046386719,0.5435599684715271,0.061489999294281006,1.3187600374221802,0.002056000055745244,0.5812599658966064,0.019999999552965164,0.2987000048160553,45.5,0.2918500006198883,0.29017001390457153,0.0,3.6468000411987305,0.0,12.6397705078125,0.10974999517202377,0.1861100047826767,0.23673999309539795,0.615909993648529,0.07941000163555145,1.2590500116348267,12.6397705078125,10.669890403747559,417.303466796875
ASC012,Summer cooler,asc_manual,95.21651458740234,22.428831100463867,5.431630611419678,0.37390369176864624,0.03540007397532463,5.212235927581787,0.19671612977981567,10.713338851928711,1.873307228088379,16.846843719482422,0.0,8.129868507385254,11.456046104431152,7.623409271240234,1.573464274406433,93.06315612792969,0.2767638564109802,0.008280030451714993,0.16870173811912537,0.0009695144253782928,0.15695831179618835,0.004447499290108681,0.042933329939842224,0.0,0.1543508619070053,0.13874055445194244,0.0,2.3116140365600586,0.0,12.916914939880371,0.03463267534971237,0.012597339227795601,0.10748231410980225,0.12299033999443054,0.02882181666791439,0.45404157042503357,12.916914939880371,20.92254066467285,219.74717712402344,tall glass,470.99798583984375,110.94645690917969,26.86810302734375,1.849552035331726,0.17510999739170074,25.782846450805664,0.9730759859085083,52.994598388671875,9.266501426696777,83.33460235595703,0.0,40.215206146240234,56.66847610473633,37.709957122802734,7.783298015594482,460.34619140625,1.3690400123596191,0.04095799848437309,0.8345000147819519,0.0047957999631762505,0.7764099836349487,0.02199999988079071,0.2123740017414093,0.0,0.7635120153427124,0.6862940192222595,0.0,11.434629440307617,0.0,63.894813537597656,0.17131400108337402,0.062313999980688095,0.5316720008850098,0.6083840131759644,0.14257000386714935,2.245961904525757,63.894813537597656,103.49543762207031,1087.00146484375
ASC014,Hot cocoa,asc_manual,378.235595703125,90.0999984741211,9.234031677246094,3.3628273010253906,4.562827110290527,9.006282806396484,0.0,2752.146728515625,1257.1727294921875,139.4764404296875,0.0,113.6649169921875,101.4073257446289,16.05445098876953,24.203140258789062,132.14659118652344,0.3146596848964691,0.09455497562885284,0.8952879905700684,0.003769633360207081,0.009424082934856415,0.0,0.4235602021217346,0.0,0.21801047027111053,0.0,0.0,0.023560211062431335,0.0,7.221989631652832,0.030785340815782547,0.10460732877254486,0.10209424048662186,0.3204188346862793,0.03879581019282341,1.8659685850143433,7.221989631652832,1.8942408561706543,189.10995483398438,cup,722.4299926757812,172.09100341796875,17.636999130249023,6.422999858856201,8.71500015258789,17.20199966430664,0.0,5256.60009765625,2401.199951171875,266.3999938964844,0.0,217.09999084472656,193.68800354003906,30.66400146484375,46.22800064086914,252.39999389648438,0.6010000109672546,0.18060000240802765,1.7100000381469727,0.007199999876320362,0.017999999225139618,0.0,0.8089999556541443,0.0,0.4163999855518341,0.0,0.0,0.04500000178813934,0.0,13.794000625610352,0.058800000697374344,0.19979999959468842,0.19499999284744263,0.6119999885559082,0.07409999519586563,3.563999891281128,13.794000625610352,3.618000030517578,361.20001220703125
ASC015,Cold coffee with ice cream,asc_manual,286.6069641113281,67.8487548828125,11.244776725769043,1.5701491832733154,2.109452724456787,11.180099487304688,0.007960199378430843,1283.9801025390625,567.960205078125,67.66169738769531,1.170149326324463,53.29353332519531,44.97910690307617,7.255721092224121,13.844776153564453,90.2686538696289,0.12378109246492386,0.02845771051943302,0.5074626803398132,0.00159203982912004,0.024875622242689133,0.0,0.1621890515089035,3.6218905448913574,0.10706467926502228,0.0,0.0,0.042786069214344025,0.0,3.146268606185913,0.01631840690970421,0.05701492354273796,0.28656718134880066,0.17711442708969116,0.017711443826556206,1.5422885417938232,3.146268606185913,0.8398009538650513,81.39303588867188,tall glass,864.1199951171875,204.56399536132812,33.90299987792969,4.733999729156494,6.360000133514404,33.70800018310547,0.024000000208616257,3871.199951171875,1712.4000244140625,204.0,3.5280001163482666,160.6800079345703,135.61199951171875,21.875999450683594,41.742000579833984,272.1600036621094,0.373199999332428,0.08579999953508377,1.5299999713897705,0.004800000227987766,0.07500000298023224,0.0,0.48899999260902405,10.920000076293945,0.32280001044273376,0.0,0.0,0.1289999932050705,0.0,9.486000061035156,0.04919999837875366,0.17190000414848328,0.8640000224113464,0.5339999794960022,0.05340000241994858,4.650000095367432,9.486000061035156,2.5319998264312744,245.39999389648438
ASC016,Banana milkshake (Kele milkshake),asc_manual,274.3270568847656,65.30644989013672,9.145586013793945,1.8432996273040771,2.371230125427246,7.956006050109863,0.2558610737323761,1423.0679931640625,634.16845703125,87.1895751953125,0.0,62.63907241821289,52.772212982177734,7.916642665863037,13.608682632446289,102.42546844482422,0.13175109028816223,0.033898696303367615,0.49493488669395447,0.004052098374813795,0.04755426570773125,0.0,0.19308248162269592,0.0,0.12503618001937866,0.0231548473238945,0.0,0.2547033131122589,0.0,5.7383503913879395,0.016819102689623833,0.06221418082714081,0.0984804630279541,0.21775686740875244,0.07995947450399399,1.2098407745361328,5.7383503913879395,1.9803184270858765,134.29812622070312,tall glass,947.7999877929688,225.6337890625,31.597999572753906,6.368599891662598,8.19260025024414,27.488000869750977,0.8840000033378601,4916.7001953125,2191.052001953125,301.239990234375,0.0,216.41799926757812,182.3280029296875,27.352001190185547,47.01799774169922,353.8800048828125,0.4552000164985657,0.11712000519037247,1.7100000381469727,0.014000000432133675,0.16429999470710754,0.0,0.6670999526977539,0.0,0.43199998140335083,0.07999999821186066,0.0,0.8799999952316284,0.0,19.826000213623047,0.05811000242829323,0.21494999527931213,0.3402499854564667,0.7523499727249146,0.27625998854637146,4.179999828338623,19.826000213623047,6.8420000076293945,464.0
ASC017,Mango milkshake (Aam milkshake),asc_manual,239.12799072265625,56.901123046875,7.231504917144775,1.7267510890960693,2.345879077911377,7.148523330688477,0.26441630721092224,1394.571044921875,633.558349609375,88.45006561279297,0.0,62.33333206176758,50.49873352050781,6.1713080406188965,13.273698806762695,79.06610107421875,0.1547679305076599,0.033507734537124634,0.74964839220047,0.004838255699723959,0.03665260225534439,0.0,0.18765118718147278,0.0,0.1507735550403595,0.5218002796173096,0.0,0.6708860993385315,0.0,15.099578857421875,0.01944022625684738,0.0615893118083477,0.07827004045248032,0.18912798166275024,0.03720393776893616,1.2275668382644653,15.099578857421875,5.654852390289307,301.547119140625,tall glass,850.0999755859375,202.2834930419922,25.70800018310547,6.138599872589111,8.339600563049316,25.413000106811523,0.9399999976158142,4957.7001953125,2252.300048828125,314.44000244140625,0.0,221.59500122070312,179.5229949951172,21.939001083374023,47.1879997253418,281.0799865722656,0.5501999855041504,0.11912000179290771,2.6649999618530273,0.01720000058412552,0.13030000030994415,0.0,0.6670999526977539,0.0,0.5360000133514404,1.8550000190734863,0.0,2.384999990463257,0.0,53.67900085449219,0.06910999864339828,0.21895000338554382,0.27824997901916504,0.6723499894142151,0.13225999474525452,4.363999843597412,53.67900085449219,20.10300064086914,1072.0
ASC018,Pineapple milkshake (Ananas milkshake),asc_manual,235.0617218017578,55.71769332885742,7.624691486358643,1.65925931930542,2.228806734085083,7.600000381469727,0.0,1336.7901611328125,599.5061645507812,68.14814758300781,0.0,59.917694091796875,47.8814811706543,5.1423869132995605,14.054320335388184,65.67900848388672,0.11358024924993515,0.022057613357901573,0.4691358208656311,0.0019753086380660534,0.12016460299491882,0.0,0.18271604180335999,0.0,0.11358024924993515,0.0,0.0,0.0,0.0,4.788477420806885,0.02469135820865631,0.05596707761287689,0.05596707761287689,0.17942386865615845,0.027983538806438446,0.9777777194976807,4.788477420806885,2.8032922744750977,100.08230590820312,tall glass,856.7999877929688,203.09100341796875,27.79199981689453,6.047999858856201,8.124000549316406,27.70199966430664,0.0,4872.60009765625,2185.199951171875,248.39999389648438,0.0,218.39999389648438,174.5279998779297,18.743999481201172,51.22800064086914,239.39999389648438,0.414000004529953,0.0804000049829483,1.7100000381469727,0.007199999876320362,0.43799999356269836,0.0,0.6660000085830688,0.0,0.414000004529953,0.0,0.0,0.0,0.0,17.45400047302246,0.09000000357627869,0.20399999618530273,0.20399999618530273,0.6539999842643738,0.10199999809265137,3.563999891281128,17.45400047302246,10.218000411987305,364.79998779296875
ASC019,Orange milkshake (Narangi milkshake),asc_manual,241.50234985351562,57.41502380371094,7.10704231262207,1.8647887706756592,2.5239436626434326,7.078873157501221,0.0,1525.0704345703125,683.9436645507812,77.74647521972656,0.0,67.41783905029297,55.470420837402344,5.303286552429199,14.625351905822754,73.42723083496094,0.10610329359769821,0.021408451721072197,0.5352112650871277,0.0022535210009664297,0.01032863836735487,0.0,0.1896713525056839,0.0,0.14037558436393738,0.0,0.0,0.0,0.0,5.27511739730835,0.02065727673470974,0.06291079521179199,0.05446009337902069,0.2042253464460373,0.02488262765109539,1.1624412536621094,5.27511739730835,3.385915517807007,115.25821685791016,tall glass,771.5999755859375,183.4409942626953,22.707000732421875,5.958000183105469,8.064000129699707,22.617000579833984,0.0,4872.60009765625,2185.199951171875,248.39999389648438,0.0,215.39999389648438,177.22799682617188,16.944000244140625,46.72800064086914,234.60000610351562,0.33900001645088196,0.06840000301599503,1.7100000381469727,0.007199999876320362,0.032999999821186066,0.0,0.6060000061988831,0.0,0.44850000739097595,0.0,0.0,0.0,0.0,16.854000091552734,0.06599999964237213,0.20100000500679016,0.17399999499320984,0.6524999737739563,0.0794999971985817,3.7139999866485596,16.854000091552734,10.817999839782715,368.25
ASC020,Egg nog,asc_manual,407.6770935058594,97.14144897460938,8.145041465759277,4.776309490203857,5.11044454574585,8.061746597290039,0.019752884283661842,2633.50732421875,1536.2059326171875,299.5502624511719,60.296539306640625,102.13179779052734,107.23526000976562,8.99406909942627,40.64762878417969,115.14002990722656,0.4305931031703949,0.04221416637301445,7.42558479309082,0.003172982018440962,0.017594728618860245,0.0023064250126481056,0.4702965319156647,32.61943817138672,0.4247281551361084,0.07688632607460022,0.13838550448417664,0.10036243498325348,2.406919240951538,13.807544708251953,0.0337100476026535,0.11868204176425934,0.08362438529729843,0.5116968750953674,0.05824052542448044,4.573294639587402,13.807544708251953,1.58945631980896,180.5286865234375,tall glass,1237.300048828125,294.8243103027344,24.720199584960938,14.496099472045898,15.510199546813965,24.46739959716797,0.059950001537799835,7992.69482421875,4662.38525390625,909.135009765625,183.0,309.9700012207031,325.4590148925781,27.296998977661133,123.36554718017578,349.45001220703125,1.3068500757217407,0.12811999022960663,22.536649703979492,0.009630000218749046,0.05340000241994858,0.007000000216066837,1.4273500442504883,99.0,1.2890499830245972,0.2333499938249588,0.41999998688697815,0.3046000003814697,7.304999828338623,41.90589904785156,0.10230999439954758,0.3601999878883362,0.25380000472068787,1.5529999732971191,0.1767600029706955,13.879949569702148,41.90589904785156,4.823999881744385,547.904541015625
ASC021,Sweet Lassi (Meethi lassi),asc_manual,151.1864471435547,35.66101837158203,6.508474826812744,1.2881355285644531,0.6779661178588867,6.508474826812744,0.0,431.638427734375,178.53106689453125,22.59886932373047,2.4858756065368652,45.64971923828125,38.46327590942383,4.384181022644043,18.305084228515625,63.50282669067383,0.03163841739296913,0.005423728842288256,0.451977401971817,0.0,0.0,0.0,0.16271185874938965,6.327683448791504,0.011299435049295425,0.0,0.0,0.0,0.0,4.06779670715332,0.013559321872889996,0.06101695075631142,0.0451977401971817,0.11299435049295425,0.02259887009859085,0.5875706076622009,4.06779670715332,0.2259887009859085,4.745762825012207,tall glass,669.0,157.8000030517578,28.799999237060547,5.699999809265137,3.0,28.799999237060547,0.0,1910.0,790.0,100.0,11.0,202.0,170.1999969482422,19.399999618530273,81.0,281.0,0.14000000059604645,0.024000000208616257,2.0,0.0,0.0,0.0,0.7199999690055847,28.0,0.05000000074505806,0.0,0.0,0.0,0.0,18.0,0.05999999865889549,0.27000001072883606,0.20000000298023224,0.5,0.10000000149011612,2.5999999046325684,18.0,1.0,21.0
ASC022,Lassi (salted),asc_manual,79.42941284179688,18.844942092895508,1.856243371963501,1.3549379110336304,0.7186296582221985,1.8436976671218872,0.017926756292581558,451.63555908203125,191.60011291503906,26.17424774169922,2.5989367961883545,47.783817291259766,40.39220428466797,4.839929103851318,65.40165710449219,67.37389373779297,0.03613703325390816,0.0007678677211515605,0.47490254044532776,7.442410424118862e-05,0.0024867099709808826,0.0035440046340227127,0.1680389791727066,6.615475654602051,0.012693443335592747,0.007147076074033976,0.0,0.08623745292425156,0.0,4.269220352172852,0.014483165927231312,0.06386887282133102,0.048948612064123154,0.11826343834400177,0.023857058957219124,0.6150029301643372,4.269220352172852,0.24099232256412506,5.288245677947998,tall glass,336.18499755859375,79.76121520996094,7.856550216674805,5.734774589538574,3.041599988937378,7.803450107574463,0.07587499916553497,1911.5474853515625,810.947509765625,110.78250122070312,11.0,202.2449951171875,170.9600067138672,20.485000610351562,276.8125,285.1600036621094,0.1529500037431717,0.0032500000670552254,2.0100250244140625,0.0003150000120513141,0.010525000281631947,0.014999999664723873,0.7112249732017517,28.0,0.053725000470876694,0.030249999836087227,0.0,0.36500000953674316,0.0,18.069475173950195,0.06129999831318855,0.2703250050544739,0.20717500150203705,0.5005499720573425,0.10097499936819077,2.6029999256134033,18.069475173950195,1.0199999809265137,22.38249969482422
ASC023,Cheese and chilli sandwich ,asc_manual,916.6547241210938,218.1146697998047,27.40143394470215,6.795605182647705,9.780448913574219,2.3799102306365967,2.078744411468506,5276.39111328125,2277.001708984375,351.3721923828125,23.049325942993164,113.78923797607422,89.97757720947266,18.85919189453125,437.50079345703125,142.31390380859375,0.9906277656555176,0.09614349901676178,4.570986270904541,0.0033542602322995663,0.3228699564933777,0.02062780223786831,0.5553362965583801,97.39910888671875,0.25233185291290283,0.24071748554706573,0.0,5.853811740875244,0.0,28.950178146362305,0.13659192621707916,0.09278026968240738,1.0011210441589355,0.0973094180226326,0.07475335896015167,1.7717039585113525,28.950178146362305,22.062780380249023,518.1121215820312,triangle,511.0350036621094,121.59893035888672,15.276299476623535,3.7885499000549316,5.452600002288818,1.326799988746643,1.1589000225067139,2941.587890625,1269.428466796875,195.88999938964844,12.84999942779541,63.4375,50.162498474121094,10.513999938964844,243.9066925048828,79.34000396728516,0.5522750020027161,0.053599998354911804,2.5483248233795166,0.0018700000364333391,0.18000000715255737,0.011500000022351742,0.30959999561309814,54.30000305175781,0.14067500829696655,0.13420000672340393,0.0,3.263500213623047,0.0,16.139724731445312,0.07615000009536743,0.05172500014305115,0.5581250190734863,0.054249998182058334,0.04167499765753746,0.9877249598503113,16.139724731445312,12.300000190734863,288.8475036621094
ASC024,Egg sandwich (Ande ka sandwich),asc_manual,1198.246337890625,285.95709228515625,29.15723991394043,8.694679260253906,15.797734260559082,1.863645315170288,1.8776354789733887,8437.2119140625,4047.354736328125,733.8719482421875,121.62561798095703,110.13300323486328,107.31526947021484,18.879310607910156,461.67034912109375,129.58621215820312,1.4419211149215698,0.11152709275484085,14.158275604248047,0.0003349753678776324,0.33990147709846497,0.021674877032637596,0.7701478004455566,190.34481811523438,0.6988670229911804,0.12650245428085327,0.20689654350280762,1.9359606504440308,3.598522186279297,29.39847183227539,0.14512315392494202,0.09896551817655563,0.9770935773849487,0.37093597650527954,0.08211822807788849,4.5393595695495605,29.39847183227539,0.0,134.03448486328125,triangle,608.1099853515625,145.12322998046875,14.7972993850708,4.41254997253418,8.017350196838379,0.9458000063896179,0.9528999924659729,4281.884765625,2054.032470703125,372.44000244140625,61.724998474121094,55.89249801635742,54.46249771118164,9.581250190734863,234.29769897460938,65.76499938964844,0.7317749857902527,0.05660000070929527,7.185324668884277,0.00016999999934341758,0.17249999940395355,0.010999999940395355,0.3908500075340271,96.5999984741211,0.3546749949455261,0.06419999897480011,0.10499999672174454,0.9825000166893005,1.8262499570846558,14.919724464416504,0.07365000247955322,0.05022500082850456,0.4958750009536743,0.18825000524520874,0.04167499765753746,2.303725004196167,14.919724464416504,0.0,68.02249908447266
ASC025,Cucumber sandwich (Kheere ka sandwich),asc_manual,792.8148193359375,188.597900390625,25.76510238647461,4.798436164855957,7.997695446014404,1.6432921886444092,2.449218273162842,4322.51416015625,1808.7242431640625,287.5267639160156,17.53086280822754,87.83538818359375,62.300411224365234,21.604938507080078,362.6423034667969,154.0576171875,1.0193827152252197,0.09481481462717056,3.5766665935516357,0.0027489711064845324,0.3127571940422058,0.01975308731198311,0.4561316668987274,78.84774017333984,0.2052263468503952,0.6241975426673889,0.0,4.68724250793457,0.0,21.341110229492188,0.11711934208869934,0.0448148138821125,0.9376543164253235,0.19053497910499573,0.060370370745658875,1.191316843032837,21.341110229492188,2.5144033432006836,129.543212890625,triangle,481.635009765625,114.57322692871094,15.652299880981445,2.9150497913360596,4.85860013961792,0.9982999563217163,1.4879000186920166,2625.927490234375,1098.800048828125,174.67250061035156,10.649999618530273,53.36000061035156,37.84749984741211,13.125,220.30520629882812,93.59000396728516,0.6192749738693237,0.0575999990105629,2.1728248596191406,0.0016700000269338489,0.1899999976158142,0.012000000104308128,0.27709999680519104,47.900001525878906,0.12467499822378159,0.3791999816894531,0.0,2.8474998474121094,0.0,12.96472454071045,0.07114999741315842,0.02722499892115593,0.5696249604225159,0.11574999988079071,0.036674998700618744,0.7237249612808228,12.96472454071045,1.527500033378601,78.69750213623047
ASC026,Cheese and pineapple sandwich (Cheese aur ananas ka sandwich),asc_manual,1080.7802734375,257.7143249511719,29.101882934570312,8.196501731872559,12.797489166259766,4.101883411407471,2.3298654556274414,7259.18212890625,3109.009033203125,440.2977600097656,34.34977340698242,199.73184204101562,195.3695068359375,21.521076202392578,571.9564208984375,143.39013671875,1.044439435005188,0.0979372188448906,4.732421398162842,0.001739910221658647,0.5417040586471558,0.0197309423238039,0.905112087726593,134.3497772216797,0.39403587579727173,0.15282511711120605,0.0,2.147982120513916,0.0,21.660491943359375,0.13838565349578857,0.0945739895105362,0.9042600989341736,0.1367712914943695,0.07475336641073227,1.2264125347137451,21.660491943359375,6.523766994476318,97.00179290771484,triangle,602.5350341796875,143.6757354736328,16.224300384521484,4.569550037384033,7.1346001625061035,2.286799907684326,1.2989000082015991,4046.993896484375,1733.2724609375,245.46600341796875,19.149999618530273,111.35050201416016,108.91850280761719,11.998000144958496,318.8656921386719,79.94000244140625,0.5822749733924866,0.05460000038146973,2.6383249759674072,0.0009699999936856329,0.3020000159740448,0.010999999940395355,0.5045999884605408,74.9000015258789,0.2196750044822693,0.0851999968290329,0.0,1.1974999904632568,0.0,12.075724601745605,0.07715000212192535,0.05272499844431877,0.5041249990463257,0.07625000178813934,0.04167500138282776,0.6837249994277954,12.075724601745605,3.63700008392334,54.07849884033203
ASC027,Cheese and tomato sandwich (Cheese aur tamatar ke sandwich),asc_manual,1020.4463500976562,243.31991577148438,26.92240333557129,7.9185404777526855,12.274420738220215,2.8468668460845947,1.9749356508255005,6949.08349609375,2976.7724609375,438.7381896972656,32.87553405761719,191.20172119140625,187.97210693359375,20.965665817260742,549.70849609375,148.5236053466797,0.9987553358078003,0.09030042588710785,4.5155792236328125,0.0009356223163194954,0.31802576780319214,0.02575107291340828,0.8727038502693176,128.5836944580078,0.3470815420150757,2.648841142654419,0.0,6.819742679595947,0.0,20.911544799804688,0.13244634866714478,0.08965665102005005,0.954291820526123,0.14721029996871948,0.0663948506116867,1.2274248600006104,20.911544799804688,5.422746658325195,1328.236083984375,triangle,594.4100341796875,141.73385620117188,15.682299613952637,4.612549781799316,7.149849891662598,1.6582999229431152,1.1504000425338745,4047.84130859375,1733.969970703125,255.56500244140625,19.149999618530273,111.375,109.4937515258789,12.212499618530273,320.2052001953125,86.51499938964844,0.5817750096321106,0.05260000005364418,2.6303248405456543,0.0005450000171549618,0.18524999916553497,0.014999999664723873,0.5083499550819397,74.9000015258789,0.20217500627040863,1.5429500341415405,0.0,3.9725000858306885,0.0,12.180974960327148,0.07715000212192535,0.05222500115633011,0.5558750033378601,0.08574999868869781,0.03867499902844429,0.7149749994277954,12.180974960327148,3.158750057220459,773.697509765625
ASC028,Chicken sandwich,asc_manual,1063.579345703125,253.27267456054688,25.377338409423828,13.124119758605957,11.748669624328613,1.5979398488998413,1.6358798742294312,4795.6826171875,2264.605224609375,412.47210693359375,42.05793762207031,89.55751037597656,121.56652069091797,21.587982177734375,389.66558837890625,196.07725524902344,1.1863089799880981,0.18600858747959137,10.826309204101562,0.00029184549930505455,0.29957082867622375,0.018884120509028435,0.7040343284606934,84.92017364501953,0.3174678087234497,0.11021459102630615,0.5330471992492676,1.3690987825393677,10.738197326660156,19.06218910217285,0.15218883752822876,0.06562231481075287,3.9409871101379395,0.44978538155555725,0.24193133413791656,1.619699478149414,19.06218910217285,0.0,61.71244430541992,triangle,619.5349731445312,147.5313262939453,14.782299995422363,7.644799709320068,6.843600273132324,0.9307999610900879,0.9528999924659729,2793.485107421875,1319.1324462890625,240.26499938964844,24.498748779296875,52.16725158691406,70.8125,12.574999809265137,226.98019409179688,114.21500396728516,0.6910249590873718,0.1083500012755394,6.3063249588012695,0.00016999999934341758,0.1745000034570694,0.010999999940395355,0.4101000130176544,49.46600341796875,0.18492500483989716,0.06419999897480011,0.31049999594688416,0.7975000143051147,6.255000114440918,11.103724479675293,0.08865000307559967,0.038224998861551285,2.2956249713897705,0.2619999945163727,0.14092500507831573,0.9434749484062195,11.103724479675293,0.0,35.9474983215332
ASC029,Peanut and tomato sandwich (Moongfali aur tamatar ka sandwich),asc_manual,1223.061767578125,291.4269104003906,28.544937133789062,9.528888702392578,16.13761329650879,2.816131591796875,4.029465198516846,5981.6318359375,5583.6953125,2667.5966796875,17.53086280822754,94.03292083740234,134.26954650878906,56.193416595458984,364.99005126953125,252.8230438232422,1.5831687450408936,0.2758847773075104,4.2083539962768555,0.0023374485317617655,0.6316872239112854,0.11358024924993515,1.0631275177001953,78.84774017333984,1.1229218244552612,4.0007405281066895,0.0,6.790123462677002,0.0,36.27938461303711,0.23440329730510712,0.06950616836547852,3.233950614929199,0.25020575523376465,0.0994650200009346,0.5863786339759827,36.27938461303711,5.199588775634766,1274.975341796875,triangle,743.010009765625,177.04185485839844,17.341049194335938,5.78879976272583,9.803600311279297,1.7107999324798584,2.4479000568389893,3633.84130859375,3392.094970703125,1620.56494140625,10.649999618530273,57.125,81.5687484741211,34.13750076293945,221.7314453125,153.58999633789062,0.961775004863739,0.16760000586509705,2.556574821472168,0.0014199999859556556,0.38374999165534973,0.0689999982714653,0.6458500027656555,47.900001525878906,0.6821750402450562,2.430449962615967,0.0,4.125,0.0,22.039724349975586,0.14239999651908875,0.04222499951720238,1.9646250009536743,0.15199999511241913,0.06042499840259552,0.35622501373291016,22.039724349975586,3.158750057220459,774.5474853515625
ASC030,Rainbow sandwich,asc_manual,1145.565673828125,272.75140380859375,34.263946533203125,7.746617794036865,12.539576530456543,4.045274257659912,2.10280179977417,7021.9560546875,2934.2099609375,411.2226867675781,31.15525245666504,172.0380859375,149.85064697265625,20.42751121520996,612.4857788085938,143.97438049316406,1.2038421630859375,0.10135912150144577,4.998483657836914,0.000533193931914866,0.36175641417503357,0.023000523447990417,0.762603223323822,128.38473510742188,0.3615054786205292,0.12957657873630524,0.0,2.147381067276001,0.0,21.693910598754883,0.20014114677906036,0.09071092307567596,1.155943512916565,0.0823105052113533,0.05982226878404617,0.6838943958282471,21.693910598754883,2.117412567138672,188.08729553222656,triangle,547.8668212890625,130.443359375,16.38673210144043,3.704819917678833,5.9970526695251465,1.9346524477005005,1.0056650638580322,3358.25048828125,1403.285888671875,196.66725158691406,14.899999618530273,82.27721405029297,71.66606903076172,9.769457817077637,292.92132568359375,68.85575103759766,0.575737476348877,0.0484750010073185,2.3905248641967773,0.00025499999173916876,0.17301000654697418,0.010999999940395355,0.36471498012542725,61.400001525878906,0.17289000749588013,0.061969999223947525,0.0,1.0269850492477417,0.0,10.375112533569336,0.09571749716997147,0.04338249936699867,0.5528299808502197,0.039365001022815704,0.028610000386834145,0.32707250118255615,10.375112533569336,1.0126525163650513,89.95275115966797
ASC031,Club sandwich ,asc_manual,982.352783203125,235.3241729736328,18.508420944213867,7.3101277351379395,15.121536254882812,2.0132575035095215,1.8081934452056885,6110.900390625,5725.70751953125,1625.37548828125,31.260313034057617,115.67852020263672,128.02488708496094,18.599573135375977,461.66015625,168.9985809326172,0.8620341420173645,0.07843527942895889,3.731337070465088,0.001661450951360166,0.22674253582954407,0.009672830812633038,0.8745945692062378,80.8819351196289,1.1882930994033813,1.913485050201416,0.0,13.561593055725098,0.0,19.82203483581543,0.1592603176832199,0.08761024475097656,1.3326457738876343,0.3564722537994385,0.10422474890947342,1.9772261381149292,19.82203483581543,6.828591823577881,918.3342895507812,triangle,863.2424926757812,206.79112243652344,16.26427459716797,6.423774719238281,13.288050651550293,1.7691500186920166,1.5889500379562378,5369.95361328125,5031.4658203125,1428.2987060546875,27.469999313354492,101.65249633789062,112.50186920166016,16.344375610351562,405.683837890625,148.50750732421875,0.7575125098228455,0.06892500072717667,3.278912305831909,0.0014600000577047467,0.1992499977350235,0.008500000461935997,0.7685499787330627,71.07500457763672,1.0442124605178833,1.681475043296814,0.0,11.91724967956543,0.0,17.418611526489258,0.1399499922990799,0.07698749750852585,1.1710624694824219,0.31325000524520874,0.09158749878406525,1.7374874353408813,17.418611526489258,6.000625133514404,806.9862670898438
ASC032,Vegetarian club sandwich,asc_manual,829.6741943359375,198.32925415039062,19.684192657470703,5.451312065124512,11.329170227050781,2.0804224014282227,2.0566515922546387,4721.68701171875,3935.81494140625,1208.3846435546875,23.131221771240234,122.43921661376953,120.4915542602539,18.653846740722656,305.3633117675781,159.76773071289062,0.774675726890564,0.07411764562129974,3.111809730529785,0.0023650075308978558,0.24464555084705353,0.010859728790819645,0.5756258964538574,85.76168823242188,1.2328356504440308,3.2681446075439453,0.0,15.0,0.0,21.15549087524414,0.09707390516996384,0.06695324182510376,0.7783559560775757,0.20361991226673126,0.07431372255086899,1.8087329864501953,21.15549087524414,7.240573406219482,973.7390747070312,triangle,687.592529296875,164.36537170410156,16.313274383544922,4.517775058746338,9.389050483703613,1.7241499423980713,1.704450011253357,3913.09814453125,3261.806640625,1001.44873046875,19.170000076293945,101.47149658203125,99.85737609863281,15.45937442779541,253.06985473632812,132.40750122070312,0.6420124769210815,0.06142500042915344,2.5789124965667725,0.0019600000232458115,0.20274999737739563,0.008999999612569809,0.47704997658729553,71.07500457763672,1.0217125415802002,2.70847487449646,0.0,12.431249618530273,0.0,17.532611846923828,0.08044999837875366,0.0554874986410141,0.6450625061988831,0.16875000298023224,0.06158749759197235,1.4989874362945557,17.532611846923828,6.000625133514404,806.9862670898438
ASC033,Pin wheel sandwich,asc_manual,1295.399169921875,311.5205993652344,14.004125595092773,8.766905784606934,24.934709548950195,1.4543497562408447,0.928968608379364,2856.2958984375,13907.45703125,5907.96435546875,179.5157012939453,67.75336456298828,111.59192657470703,13.690583229064941,374.3905029296875,110.29596710205078,1.360134482383728,0.07820627838373184,20.072330474853516,0.0003049327351618558,0.1820627748966217,0.0197309423238039,0.8019731044769287,109.77578735351562,6.650538444519043,0.11515694856643677,0.3766815960407257,0.7668161392211914,6.55156946182251,32.438968658447266,0.08636771142482758,0.13134528696537018,0.48363226652145386,0.7008968591690063,0.11600896716117859,8.383362770080566,32.438968658447266,0.0,70.4887924194336,triangle,361.0924987792969,86.83636474609375,3.9036498069763184,2.443774938583374,6.950550079345703,0.40540000796318054,0.25894999504089355,796.1925048828125,3876.703857421875,1646.844970703125,50.040000915527344,18.886249542236328,31.106250762939453,3.8162500858306885,104.3613510131836,30.7450008392334,0.3791375160217285,0.021800000220537186,5.595162391662598,8.499999967170879e-05,0.0507500022649765,0.005499999970197678,0.2235500067472458,30.600000381469727,1.853837490081787,0.032099999487400055,0.10499999672174454,0.21375000476837158,1.8262499570846558,9.042362213134766,0.02407499961555004,0.03661249950528145,0.13481250405311584,0.1953750103712082,0.0323374979197979,2.336862564086914,9.042362213134766,0.0,19.64875030517578
ASC034,Carrot apple sandwich (Gajar aur seb ka sandwich),asc_manual,899.8164672851562,214.11184692382812,29.04496192932129,5.297377586364746,9.123984336853027,5.295166969299316,3.656041145324707,5161.19580078125,2211.029296875,628.9768676757812,21.053985595703125,118.0475082397461,97.76477813720703,31.488842010498047,302.8827209472656,228.81747436523438,1.7975449562072754,0.13814909756183624,3.5990874767303467,0.004586118273437023,0.6318508982658386,0.4539845883846283,0.7803341746330261,89.305908203125,0.24733933806419373,0.4530591368675232,0.0,14.89881706237793,0.0,22.316362380981445,0.12655526399612427,0.06803341954946518,1.4392930269241333,0.20907455682754517,0.09607969224452972,1.712712049484253,22.316362380981445,2.7806684970855713,2220.142578125,triangle,875.0714721679688,208.22377014160156,28.246225357055664,5.151700019836426,8.873074531555176,5.149549961090088,3.555500030517578,5019.26318359375,2150.225830078125,611.6799926757812,20.475000381469727,114.80120086669922,95.07624816894531,30.622900009155273,294.5534362792969,222.52499389648438,1.7481125593185425,0.1343500018119812,3.500112533569336,0.004459999967366457,0.6144750118255615,0.4415000081062317,0.7588750123977661,86.8499984741211,0.24053749442100525,0.4406000077724457,0.0,14.489099502563477,0.0,21.702661514282227,0.12307499349117279,0.06616249680519104,1.3997124433517456,0.20332500338554382,0.09343750029802322,1.6656124591827393,21.702661514282227,2.704200029373169,2159.0888671875
ASC035,Salami sandwich,asc_manual,1068.3502197265625,255.5937042236328,21.538450241088867,8.695690155029297,15.509899139404297,1.996363639831543,1.969562292098999,6875.04248046875,5531.6787109375,1238.0821533203125,33.3468017578125,73.54276275634766,88.61346435546875,20.80942726135254,662.7457275390625,194.06060791015625,1.1067676544189453,0.10336700081825256,4.517609596252441,0.0018451178912073374,0.26168349385261536,0.016161616891622543,1.0506397485733032,64.51178741455078,0.21922558546066284,0.42585858702659607,0.0,3.5369696617126465,0.0,17.033973693847656,0.2520538568496704,0.09047137945890427,2.0681817531585693,0.5056565999984741,0.1283838450908661,2.3875083923339844,17.033973693847656,1.6861952543258667,104.03030395507812,triangle,793.25,189.7783203125,15.992300033569336,6.456549644470215,11.51609992980957,1.4822999238967896,1.462399959564209,5104.71923828125,4107.271484375,919.2760009765625,24.759998321533203,54.605499267578125,65.79550170898438,15.451000213623047,492.0887145996094,144.08999633789062,0.821774959564209,0.0767500028014183,3.35432505607605,0.0013700000708922744,0.19429999589920044,0.012000000104308128,0.7800999879837036,47.900001525878906,0.16277499496936798,0.31620001792907715,0.0,2.626199960708618,0.0,12.647725105285645,0.1871500015258789,0.0671750009059906,1.5356249809265137,0.3754500150680542,0.09532500058412552,1.7727251052856445,12.647725105285645,1.2519999742507935,77.24250030517578
ASC036,Vegetable and mayonnaise sandwich,asc_manual,1020.2283935546875,244.2624969482422,23.201412200927734,4.473674774169922,15.398404121398926,2.348879814147949,2.351200580596924,4467.59814453125,6614.59716796875,2487.48095703125,21.87408447265625,79.52751159667969,55.55429458618164,16.69971466064453,342.6957702636719,143.1024932861328,0.9148243069648743,0.09169838577508926,3.1679720878601074,0.0031830163206905127,0.3002488911151886,0.02415812574326992,0.41681551933288574,78.6969223022461,2.6631405353546143,1.7921156883239746,0.0,9.374605178833008,0.0,24.968191146850586,0.1127452403306961,0.05696193128824234,0.8636017441749573,0.10558565706014633,0.08318448066711426,0.9820717573165894,24.968191146850586,18.88713836669922,2218.252685546875,triangle,696.8160400390625,166.83128356933594,15.846564292907715,3.0555198192596436,10.517109870910645,1.6042850017547607,1.605870008468628,3051.36962890625,4517.77001953125,1698.949462890625,14.9399995803833,54.317291259765625,37.94358444213867,11.405904769897461,234.0612030029297,97.73900604248047,0.6248250007629395,0.06262999773025513,2.163724899291992,0.002174000022932887,0.20507000386714935,0.016499999910593033,0.2846849858760834,53.75,1.8189250230789185,1.2240151166915894,0.0,6.402855396270752,0.0,17.05327606201172,0.07700499892234802,0.03890499845147133,0.5898399949073792,0.07211500406265259,0.056815002113580704,0.6707550287246704,17.05327606201172,12.89991569519043,1515.0665283203125
ASC037,Egg and tomato sandwich (Ande aur tamatar ka sandwich),asc_manual,933.2310791015625,222.1063690185547,25.903024673461914,7.655546188354492,10.509202003479004,2.0916805267333984,1.7674790620803833,5164.0556640625,2761.661865234375,611.97900390625,95.6302490234375,95.7121810913086,95.46743774414062,18.10504150390625,423.25872802734375,150.4663848876953,1.303403377532959,0.1014285683631897,12.160209655761719,0.0006008403142914176,0.3077731132507324,0.02521008439362049,0.6894537806510925,124.28571319580078,0.6650000214576721,1.3505462408065796,0.1764705777168274,3.8739497661590576,3.0693275928497314,27.450166702270508,0.1372268944978714,0.08525209873914719,0.9878150820732117,0.3516806662082672,0.09021008014678955,4.078739643096924,27.450166702270508,3.3266806602478027,790.6680908203125,triangle,555.2725219726562,132.15328979492188,15.412300109863281,4.555049896240234,6.252974987030029,1.2445499897003174,1.051650047302246,3072.613037109375,1643.188720703125,364.12750244140625,56.900001525878906,56.94874954223633,56.803123474121094,10.772500038146973,251.8389434814453,89.52750396728516,0.7755249738693237,0.060350000858306885,7.235324859619141,0.00035749998642131686,0.18312500417232513,0.014999999664723873,0.4102250039577484,73.95000457763672,0.39567500352859497,0.8035749793052673,0.10499999672174454,2.305000066757202,1.8262499570846558,16.332849502563477,0.08164999634027481,0.050724998116493225,0.5877499580383301,0.20925000309944153,0.05367499962449074,2.4268500804901123,16.332849502563477,1.9793750047683716,470.447509765625
ASC038,Sweet open sandwich,asc_manual,1026.9322509765625,244.2458038330078,39.24372863769531,4.985423564910889,8.153898239135742,12.230847358703613,2.3566102981567383,4453.8125,1778.4857177734375,289.9660949707031,18.050846099853516,85.18441009521484,60.49559020996094,22.744407653808594,205.27084350585938,230.9661102294922,1.146101713180542,0.13033898174762726,3.622372627258301,0.006576271262019873,0.3888135552406311,0.013559321872889996,0.4261016845703125,81.18643951416016,0.22864407300949097,0.1274576187133789,0.0,1.428135633468628,0.0,22.122034072875977,0.11830508708953857,0.056440677493810654,0.9925423860549927,0.12999999523162842,0.2142372876405716,0.5637288093566895,22.122034072875977,2.801694869995117,146.67796325683594,triangle,605.8900146484375,144.1050262451172,23.153799057006836,2.9413998126983643,4.810800075531006,7.21619987487793,1.3904000520706177,2627.74951171875,1049.306640625,171.0800018310547,10.649999618530273,50.2588005065918,35.69239807128906,13.41919994354248,121.10980224609375,136.27000427246094,0.6761999726295471,0.07689999788999557,2.137199878692627,0.0038799999747425318,0.22939999401569366,0.00800000037997961,0.2513999938964844,47.900001525878906,0.13490000367164612,0.07519999891519547,0.0,0.8425999879837036,0.0,13.052000045776367,0.0697999969124794,0.0333000011742115,0.5856000185012817,0.07670000195503235,0.12639999389648438,0.3325999975204468,13.052000045776367,1.652999997138977,86.54000091552734
ASC039,Mushroom and cheese sandwich (toasted),asc_manual,951.3003540039062,227.4191131591797,21.012937545776367,7.785544395446777,13.008052825927734,2.1066665649414062,2.2843563556671143,7548.32666015625,3185.626953125,525.3333129882812,35.11551284790039,172.35313415527344,196.8514862060547,21.16171646118164,456.57122802734375,198.36964416503906,0.8439273834228516,0.0928712859749794,3.637392520904541,0.0035247523337602615,0.28052806854248047,0.015841584652662277,0.7981517910957336,139.40594482421875,0.3131023049354553,6.863630771636963,0.0,5.686468601226807,0.0,16.76531410217285,0.1005280539393425,0.08610560745000839,0.8773927092552185,0.2468646913766861,0.07976897805929184,4.001616954803467,16.76531410217285,0.0,83.1980209350586,triangle,720.6099853515625,172.2699737548828,15.917299270629883,5.897549629211426,9.853599548339844,1.5957999229431152,1.7303999662399292,5717.857421875,2413.112548828125,397.94000244140625,26.600000381469727,130.5574951171875,149.11500549316406,16.029998779296875,345.8526916503906,150.26499938964844,0.6392750144004822,0.07034999877214432,2.7553248405456543,0.0026699998416006565,0.21250000596046448,0.012000000104308128,0.6045999526977539,105.5999984741211,0.23717500269412994,5.19920015335083,0.0,4.307499885559082,0.0,12.699725151062012,0.07615000009536743,0.06522499769926071,0.6646249890327454,0.18700000643730164,0.06042499840259552,3.0312249660491943,12.699725151062012,0.0,63.022499084472656
ASC040,Cheese and tomato sandwich (toasted) (Cheese aur tamatar ke sandwich (toasted)),asc_manual,939.419189453125,224.5795135498047,21.415576934814453,6.821847915649414,12.951947212219238,2.674323320388794,1.779405951499939,7543.296875,3193.442138671875,477.80859375,35.11551284790039,169.22442626953125,173.20132446289062,19.03630256652832,457.93756103515625,148.53465270996094,0.8208250403404236,0.07636963576078415,3.637392520904541,0.0012145214714109898,0.26072606444358826,0.019801979884505272,0.7783498167991638,139.40594482421875,0.3824092447757721,3.9890427589416504,0.0,9.521452903747559,0.0,19.11844825744629,0.11042904108762741,0.08280528336763382,0.8212870955467224,0.16435644030570984,0.06656765937805176,1.3151484727859497,19.11844825744629,8.339934349060059,2005.9703369140625,triangle,711.6099853515625,170.1189727783203,16.222299575805664,5.1675496101379395,9.811100006103516,2.0257999897003174,1.3479000329971313,5714.04736328125,2419.032470703125,361.94000244140625,26.600000381469727,128.1875,131.1999969482422,14.420000076293945,346.8876953125,112.51499938964844,0.6217749714851379,0.05784999951720238,2.7553248405456543,0.0009200000204145908,0.19750000536441803,0.014999999664723873,0.5895999670028687,105.5999984741211,0.2896749973297119,3.021699905395508,0.0,7.212500095367432,0.0,14.482224464416504,0.08365000039339066,0.0627250000834465,0.622124969959259,0.12450000643730164,0.05042500048875809,0.9962249994277954,14.482224464416504,6.317500114440918,1519.5224609375
ASC041,Pea potato sandwich (toasted) (Matar aloo ka sandwich),asc_manual,692.5997924804688,164.90065002441406,25.16836166381836,4.604915618896484,5.42716121673584,1.332777500152588,2.8859055042266846,576.4678344726562,962.906494140625,2954.178466796875,0.0,64.15314483642578,61.79981994628906,26.66289520263672,262.6282043457031,342.7329406738281,1.1071504354476929,0.12384472042322159,2.8951053619384766,0.001989535754546523,0.43413838744163513,0.02306610345840454,0.5197727084159851,0.0,2.311007022857666,1.747023344039917,0.0,7.862656116485596,0.0,23.63707733154297,0.13572995364665985,0.03565063327550888,1.1998869180679321,0.2600230574607849,0.10381771624088287,1.1095651388168335,23.63707733154297,15.874649047851562,289.2605285644531,toasted triangle,615.5480346679688,146.55545043945312,22.36838150024414,4.092618942260742,4.823389530181885,1.1845059394836426,2.5648486614227295,512.3358154296875,855.7831420898438,2625.526123046875,0.0,57.016109466552734,54.924591064453125,23.69664764404297,233.41082763671875,304.6038818359375,0.9839800000190735,0.11006699502468109,2.5730249881744385,0.001768199959769845,0.385840505361557,0.020500000566244125,0.4619480073451996,0.0,2.0539073944091797,1.5526670217514038,0.0,6.987935543060303,0.0,21.00745391845703,0.12063000351190567,0.031684499233961105,1.0663994550704956,0.23109549283981323,0.09226799756288528,0.9861260652542114,21.00745391845703,14.108593940734863,257.0802917480469
ASC042,Paneer pea sandwich (toasted) (Paneer matar ka sandwich),asc_manual,1046.80517578125,249.55572509765625,24.052186965942383,12.400134086608887,11.975685119628906,6.396068572998047,2.1162853240966797,4540.43505859375,2891.98876953125,3093.700439453125,0.0,274.1019592285156,190.78097534179688,27.81057357788086,268.897705078125,127.83786010742188,1.2556737661361694,0.12834542989730835,12.972179412841797,0.05059713125228882,0.42963770031929016,0.021940927952528,1.6269456148147583,0.0,2.293004274368286,1.7200191020965576,0.0,6.908506870269775,0.0,58.652549743652344,0.11772714555263519,0.07615695893764496,0.7903228998184204,0.3095307946205139,0.07681350409984589,9.971449851989746,58.652549743652344,5.4555206298828125,282.9595642089844,toasted triangle,930.3480834960938,221.7926483154297,21.376380920410156,11.02061939239502,10.643389701843262,5.684505939483643,1.8808485269546509,4035.311767578125,2570.255126953125,2749.526123046875,0.0,243.6081085205078,169.5565948486328,24.71664810180664,238.98281860351562,113.61589813232422,1.1159800291061401,0.11406699568033218,11.529024124145508,0.044968198984861374,0.3818404972553253,0.019500000402331352,1.4459480047225952,0.0,2.037907361984253,1.5286669731140137,0.0,6.139935493469238,0.0,52.1274528503418,0.1046300008893013,0.06768450140953064,0.702399492263794,0.27509549260139465,0.06826800107955933,8.862126350402832,52.1274528503418,4.848593711853027,251.4803009033203
ASC043,Chicken sandwich (toasted),asc_manual,705.5847778320312,167.36798095703125,18.81935691833496,12.081052780151367,5.315614223480225,2.1342689990997314,1.6419882774353027,1141.776611328125,725.9234008789062,213.0877227783203,26.567251205444336,99.9865493774414,147.94912719726562,20.66666603088379,327.54876708984375,203.55555725097656,0.988918125629425,0.16912280023097992,9.358274459838867,0.0025380116421729326,0.24298246204853058,0.013450291939079762,0.7337426543235779,18.231578826904297,0.17973683774471283,0.24233917891979218,0.4842105209827423,4.004093647003174,9.754385948181152,24.221900939941406,0.1264912337064743,0.06517543643712997,3.503070116043091,0.4991227984428406,0.24464911222457886,2.6219005584716797,24.221900939941406,15.168421745300293,316.1491394042969,toasted triangle,603.2750244140625,143.09962463378906,16.09054946899414,10.329299926757812,4.544849872589111,1.8248000144958496,1.4039000272750854,976.218994140625,620.6644897460938,182.19000244140625,22.71500015258789,85.4885025024414,126.49650573730469,17.670000076293945,280.05419921875,174.0399932861328,0.8455249667167664,0.1446000039577484,8.001324653625488,0.0021699999924749136,0.20775000751018524,0.011500000022351742,0.6273499727249146,15.588000297546387,0.15367500483989716,0.20719999074935913,0.414000004529953,3.4235000610351562,8.34000015258789,20.70972442626953,0.10814999788999557,0.05572500079870224,2.9951250553131104,0.4267500042915344,0.2091749906539917,2.241724967956543,20.70972442626953,12.968999862670898,270.3074951171875
ASC044,Pea keema sandwich (toasted) (Matar aur keema ka sandwich),asc_manual,723.4983520507812,171.77516174316406,20.25550651550293,11.055025100708008,5.611410140991211,1.9430606365203857,2.4534075260162354,2222.367919921875,1918.946044921875,274.91510009765625,27.29206085205078,70.78671264648438,115.54611206054688,26.192195892333984,290.0722961425781,234.35142517089844,1.5065690279006958,0.1284138709306717,3.4357571601867676,0.0014992320211604238,0.4216475784778595,0.023038752377033234,1.6954022645950317,1.7722116708755493,0.1419517993927002,1.831443190574646,0.0,7.4915080070495605,0.0,21.614694595336914,0.16144080460071564,0.09770911931991577,2.5100815296173096,0.4479306638240814,0.14450614154338837,1.544447660446167,21.614694595336914,6.500123500823975,216.20079040527344,toasted triangle,612.3690185546875,145.39048767089844,17.14426040649414,9.356972694396973,4.749497413635254,1.6446064710617065,2.076564073562622,1881.01220703125,1624.1959228515625,232.6881561279297,23.100000381469727,59.913875579833984,97.79822540283203,22.16907501220703,245.51719665527344,198.3550567626953,1.2751599550247192,0.10868950188159943,2.908025026321411,0.0012689500581473112,0.3568825125694275,0.019500000402331352,1.4349884986877441,1.5,0.12014800310134888,1.550133466720581,0.0,6.3408122062683105,0.0,18.294677734375,0.13664349913597107,0.08270099759101868,2.12453293800354,0.37912851572036743,0.12230999767780304,1.3072205781936646,18.294677734375,5.501704216003418,182.9923553466797
ASC045,Classic club sandwich,asc_manual,840.3042602539062,200.83099365234375,18.491588592529297,6.73637580871582,11.56259536743164,1.8572258949279785,1.6238478422164917,4632.53271484375,4002.400146484375,1496.107177734375,62.87472152709961,107.72648620605469,127.97785186767578,20.015838623046875,277.4922180175781,167.5682373046875,1.093780755996704,0.08042505383491516,7.878165245056152,0.0021923938766121864,0.24445189535617828,0.00357941840775311,0.7267113924026489,97.1633071899414,1.4327740669250488,1.172035813331604,0.09395972639322281,20.78818702697754,1.6342281103134155,25.45897102355957,0.11413870006799698,0.08411633223295212,0.8755704760551453,0.3563087284564972,0.10098434239625931,3.5418343544006348,25.45897102355957,7.2448320388793945,1056.79638671875,triangle,1878.080078125,448.8572998046875,41.328697204589844,15.05579948425293,25.84239959716797,4.150899887084961,3.629300117492676,10353.7109375,8945.3642578125,3343.799560546875,140.52499389648438,240.76869201660156,286.0304870605469,44.73540115356445,620.1951293945312,374.5150146484375,2.4446001052856445,0.179749995470047,17.60770034790039,0.004900000058114529,0.5463500022888184,0.00800000037997961,1.6241999864578247,217.16000366210938,3.2022500038146973,2.619499921798706,0.20999999344348907,46.46160125732422,3.6524999141693115,56.90079879760742,0.2551000118255615,0.18799999356269836,1.9569000005722046,0.7963500022888184,0.2256999909877777,7.915999889373779,56.90079879760742,16.19219970703125,2361.93994140625
ASC046,Sesame toast,asc_manual,2042.69482421875,495.18634033203125,11.146966934204102,1.8990991115570068,49.378177642822266,1.4626426696777344,1.318979024887085,5926.63232421875,10168.2275390625,30988.806640625,0.0,43.44484329223633,36.667266845703125,15.336736679077148,128.7751922607422,172.9849853515625,0.7188788652420044,0.07278278470039368,1.3891490697860718,0.0015315315686166286,0.1444844901561737,0.0262262262403965,0.29507508873939514,0.0,23.90890884399414,1.0269869565963745,0.0,7.051651477813721,0.0,14.200600624084473,0.0741741731762886,0.01824824884533882,0.5643243193626404,0.11291291564702988,0.05615615472197533,0.5966366529464722,14.200600624084473,11.075275421142578,744.635498046875,toasted triangle,1275.4075927734375,309.1819763183594,6.959887504577637,1.1857500076293945,30.83049964904785,0.9132375121116638,0.8235374689102173,3700.441162109375,6348.787109375,19348.63671875,0.0,27.12587547302246,22.89412498474121,9.575875282287598,80.40401458740234,108.00749969482422,0.44885000586509705,0.04544375091791153,0.8673499822616577,0.0009562500054016709,0.09021250158548355,0.016374999657273293,0.1842374950647354,0.0,14.92812442779541,0.6412249803543091,0.0,4.402874946594238,0.0,8.866499900817871,0.04631249979138374,0.011393750086426735,0.35234999656677246,0.07050000131130219,0.03506249934434891,0.37252500653266907,8.866499900817871,6.915124893188477,464.9317932128906
ASC047,Cracked wheat porridge (Meetha daliya),asc_manual,341.08685302734375,81.56513977050781,8.870967864990234,2.6426796913146973,4.0806450843811035,5.117866039276123,0.6203473806381226,1828.163818359375,1007.4441528320312,870.9677124023438,0.0,75.88088989257812,59.92059326171875,5.176178932189941,15.893301010131836,71.439208984375,0.32158806920051575,0.021116625517606735,0.5893300175666809,0.002481389557942748,0.006203474011272192,0.0,0.20669974386692047,0.0,0.7471463680267334,0.0,0.0,0.07816377282142639,0.0,4.361042499542236,0.018610423430800438,0.06823821365833282,0.049627792090177536,0.2109181135892868,0.024813896045088768,1.2282878160476685,4.361042499542236,1.2468982934951782,124.0694808959961,bowl,1374.5799560546875,328.70751953125,35.75,10.649999618530273,16.44499969482422,20.625,2.5,7367.5,4060.0,3510.0,0.0,305.79998779296875,241.47999572753906,20.860000610351562,64.05000305175781,287.8999938964844,1.2960000038146973,0.08510000258684158,2.375,0.009999999776482582,0.02500000037252903,0.0,0.8330000042915344,0.0,3.010999917984009,0.0,0.0,0.3149999976158142,0.0,17.575000762939453,0.07500000298023224,0.2750000059604645,0.20000000298023224,0.8500000238418579,0.10000000149011612,4.949999809265137,17.575000762939453,5.025000095367432,500.0
ASC048,Semolina porridge (Suji/Rava daliya),asc_manual,423.05755615234375,100.89435577392578,12.38705062866211,3.750359535217285,4.082014083862305,7.537769794464111,0.6992805600166321,2440.74609375,1096.5711669921875,147.4820098876953,0.0,108.51654815673828,95.4244613647461,10.229496955871582,23.20575523376465,123.99280548095703,0.3550359904766083,0.06352517753839493,1.640647530555725,0.004028777126222849,0.1514388471841812,0.006474819965660572,0.4528777003288269,0.0,0.21223022043704987,0.5892086625099182,0.0,0.08633093535900116,0.0,8.169425010681152,0.04784172773361206,0.10179856419563293,0.15323740243911743,0.35971224308013916,0.043884892016649246,1.812230110168457,8.169425010681152,1.807554006576538,199.7122344970703,bowl,1176.0999755859375,280.4862976074219,34.43600082397461,10.425999641418457,11.347999572753906,20.954999923706055,1.944000005722046,6785.27392578125,3048.468017578125,410.0,0.0,301.6759948730469,265.2799987792969,28.43800163269043,64.51200103759766,344.70001220703125,0.9869999885559082,0.17660000920295715,4.560999870300293,0.01119999960064888,0.42100000381469727,0.017999999225139618,1.2589999437332153,0.0,0.5900000333786011,1.6380000114440918,0.0,0.23999999463558197,0.0,22.711000442504883,0.13300000131130219,0.28299999237060547,0.4259999990463257,1.0,0.12200000137090683,5.037999629974365,22.711000442504883,5.025000095367432,555.2000122070312
ASC050,Oatmeal Porridge,asc_manual,306.457275390625,72.85364532470703,8.766331672668457,2.595477342605591,3.2211055755615234,5.197236061096191,0.3919597864151001,1764.698486328125,918.84423828125,246.98492431640625,0.015075376257300377,76.83416748046875,80.12060546875,10.969849586486816,16.143217086791992,91.0301513671875,0.2811557650566101,0.03984924778342247,0.7474874258041382,0.0025125627871602774,0.19020099937915802,0.0,0.3248743712902069,0.0,0.1678391993045807,0.0,0.0,0.0,0.0,6.023869514465332,0.0716080367565155,0.0716080442070961,0.09045226126909256,0.2512562870979309,0.042211055755615234,2.1984922885894775,6.023869514465332,1.262562870979309,125.62814331054688,bowl,1219.699951171875,289.9574890136719,34.88999938964844,10.329999923706055,12.819999694824219,20.684999465942383,1.559999942779541,7023.5,3657.0,983.0,0.05999999865889549,305.79998779296875,318.8800048828125,43.65999984741211,64.25,362.29998779296875,1.11899995803833,0.15860000252723694,2.9749999046325684,0.009999999776482582,0.7569999694824219,0.0,1.2929999828338623,0.0,0.6679999828338623,0.0,0.0,0.0,0.0,23.975000381469727,0.2849999964237213,0.2849999964237213,0.36000001430511475,1.0,0.1680000126361847,8.75,23.975000381469727,5.025000095367432,500.0
ASC051,Cornflakes with milk,asc_manual,493.7050476074219,117.32661437988281,14.948201179504395,3.59136700630188,5.119424343109131,9.973381042480469,0.7769784331321716,2784.820068359375,1530.431640625,370.5755310058594,0.0,106.47482299804688,108.4259033203125,14.975539207458496,26.548200607299805,132.87770080566406,0.42446044087409973,0.06172661855816841,1.4676258563995361,0.003453237470239401,0.23633094131946564,0.0,0.46043163537979126,0.0,0.33884891867637634,0.0,0.0,0.0,0.0,15.781294822692871,0.13597121834754944,0.209352508187294,0.500719428062439,0.32805755734443665,0.052877698093652725,2.6697840690612793,15.781294822692871,1.735251784324646,172.661865234375,bowl,1372.5,326.1679992675781,41.555999755859375,9.984000205993652,14.232000350952148,27.72599983215332,2.1600000858306885,7741.7998046875,4254.60009765625,1030.199951171875,0.0,296.0,301.42401123046875,41.63199996948242,73.80400085449219,369.3999938964844,1.1800000667572021,0.17159999907016754,4.079999923706055,0.009600000455975533,0.6570000052452087,0.0,1.2799999713897705,0.0,0.9420000314712524,0.0,0.0,0.0,0.0,43.87200164794922,0.3779999911785126,0.5820000171661377,1.3920000791549683,0.9120000004768372,0.1469999998807907,7.421999931335449,43.87200164794922,4.823999881744385,480.0
ASC052,Rice flakes (Chiwda/Aval),asc_manual,471.3669128417969,112.4402847290039,15.568704605102539,3.6172661781311035,3.990647315979004,7.279856204986572,0.37338128685951233,2367.625732421875,1093.9208984375,181.4028778076172,0.0,103.1500015258789,104.43309783935547,15.614388465881348,22.402158737182617,115.39568328857422,0.6165468096733093,0.05741007253527641,0.8201438784599304,0.008848920464515686,0.104676254093647,0.017625899985432625,0.4485611617565155,0.0,0.19532373547554016,0.0,0.0,0.10791367292404175,0.0,6.982014179229736,0.03884891793131828,0.09928057342767715,0.24172662198543549,0.34532374143600464,0.03669064864516258,1.7514387369155884,6.982014179229736,1.735251784324646,176.28884887695312,bowl,1310.4000244140625,312.583984375,43.28099822998047,10.055999755859375,11.093999862670898,20.237998962402344,1.0379999876022339,6582.0,3041.10009765625,504.3000183105469,0.0,286.75701904296875,290.3240051269531,43.40800094604492,62.27799987792969,320.79998779296875,1.7140001058578491,0.15960000455379486,2.2799999713897705,0.02459999918937683,0.29099997878074646,0.04899999871850014,1.246999979019165,0.0,0.5429999828338623,0.0,0.0,0.30000001192092896,0.0,19.40999984741211,0.10799999535083771,0.2759999930858612,0.671999990940094,0.9599999785423279,0.10199999809265137,4.86899995803833,19.40999984741211,4.823999881744385,490.0830078125
