table,category,code,english_name,arabic_name,source,Vitamin C ascorbic acid (mg/100g),Thiamin (mg/100g),Riboflavin (mg/100g),Niacin (mg/100g),B6 (mg/100g),Folate (mcg/100g),B12 (mcg/100g),Vitamin A retinol (mg/100g as printed),Vitamin E (mg/100g),Vitamin D (IU)
vitamins,Cereal-based dishes,1.1,KHUBZ TANOOR,خبز تنور,Direct chemical analysis (MOH Bahrain),<2.00,1.52,<0.50,47.40,<0.20,98.00,0.54,<40.00,<0.45,<1.00
vitamins,Cereal-based dishes,1.2,KHUBZ REGAG,خبز رقاق,FCT Kuwait,T,0.31,0.04,2.54,0.21,22.51,0.12,T,0.18,T
vitamins,Cereal-based dishes,1.3,KHUBZ MAHYAWA,خبز مهياوة,Direct chemical analysis (MOH Bahrain),<2.00,1.19,0.50,12.40,0.20,10.00,0.63,40.00,0.50,12.50
vitamins,Cereal-based dishes,1.4,CHAPATI,جباتي,FCT Jordan,0.90,0.00,0.00,0.00,0.00,ND,ND,0.00,ND,ND
vitamins,Milk-based dishes,2.1,KARAK TEA,شاي كرك,Direct chemical analysis (MOH Bahrain),<2.00,0.50,0.55,2.00,0.20,10.00,0.80,T,2.01,12.50
vitamins,Milk-based dishes,2.2,HALOOMI CHEESE,جبن حلوم,FCT Kuwait,T,0.02,0.19,0.08,0.07,T,0.72,T,0.40,T
vitamins,Milk-based dishes,2.3,MAHALABIA,مهلبية,FCT Kuwait,0.64,0.04,0.13,0.16,0.07,0.01,0.08,T,T,10.47
vitamins,Chicken-based dishes,3.1,MACHBOOS DAJAJ,مجبوس دجاج,Direct chemical analysis (MOH Bahrain),<2.00,0.50,0.70,29.30,0.20,2.00,1.00,40.00,1.16,1.00
vitamins,Chicken-based dishes,3.2,BIRIYANI DAJAJ,برياني دجاج,FCT Kuwait,0.70,0.06,0.06,2.55,0.11,7.27,0.14,96.50,0.65,T
vitamins,Chicken-based dishes,3.3,DAJAJ BELFREN,دجاج بالفرن,FCT Kuwait,6.30,0.09,0.09,5.34,0.17,13.64,0.32,117.50,0.20,T
vitamins,Chicken-based dishes,3.4,SALOONA DAJAJ,صالونة دجاج,FCT Kuwait,11.22,0.06,0.08,3.50,0.17,4.79,0.23,T,T,ND
vitamins,Chicken-based dishes,3.5,MADROOBAH DAJAJ,مضروبة دجاج,Direct chemical analysis (MOH Bahrain),<2.00,<0.50,<0.50,7.60,<0.20,2.00,<1.00,<40,0.79,1.30
vitamins,Chicken-based dishes,3.6,HAREES CHICKEN,هريس دجاج,FCT Oman,ND,ND,ND,ND,ND,ND,ND,ND,ND,ND
vitamins,Chicken-based dishes,3.7,MASLI DAJAJ,,Direct chemical analysis (MOH Bahrain),<2.00,<0.50,<0.50,15.10,<0.20,2.00,<1,<40,1.01,<1.00
vitamins,Chicken-based dishes,3.8,) SHISH TAWOOQ,شيش طاووق,FCT Lebanon,ND,ND,ND,ND,ND,ND,ND,ND,ND,ND
vitamins,Meat-based dishes,4.1,BIRYANI MEAT,برياني لحم,FCT Kuwait,5.17,0.04,0.04,1.16,0.05,T,0.22,T,T,ND
vitamins,Meat-based dishes,4.2,MACHBOOS MEAT,مجبوس لحم,Direct chemical analysis (MOH Bahrain),<2.00,<0.50,0.51,9.00,2.41,2.00,<1.00,<40,202.00,<1.00
vitamins,Meat-based dishes,4.3,QOUZI,غوزي,FCT Kuwait,T,0.03,0.13,2.14,0.05,8.63,0.64,T,T,T
vitamins,Meat-based dishes,4.4,SALOONA MEAT,صالونة لحم,Direct chemical analysis (MOH Bahrain),<2.00,<0.50,0.75,9.80,<0.20,2.00,<1.00,<40,0.81,2.00
vitamins,Meat-based dishes,4.5,MARAG BAMIAH,مرق بامية,FCT Kuwait,17.44,0.08,0.11,1.68,0.10,32.79,0.30,16.00,0.23,ND
vitamins,Meat-based dishes,4.6,MARAG SHABZI,مرق شبزي,FCT Kuwait,2.72,0.06,0.13,1.61,0.13,61.69,0.37,95.30,0.18,T
vitamins,Meat-based dishes,4.7,MACARONA BACHAMEL MEAT,مكرونة بشاميل باللحم,FCT Kuwait,T,0.05,0.06,1.19,0.07,7.47,0.21,39.45,0.30,T
vitamins,Meat-based dishes,4.8,HAREES MEAT,هريس لحم,FCT Kuwait,2.83,0.03,0.01,0.66,0.03,1.34,0.06,T,T,ND
vitamins,Meat-based dishes,4.9,KOFTA,كفتة,FCT Kuwait,1.59,0.06,0.19,4.53,0.11,15.45,1.32,14.17,T,T
vitamins,Meat-based dishes,4.1,WARAK ENAB WITH MEAT,ورق عنب باللحم,FCT Lebanon,T,ND,ND,ND,ND,ND,ND,T,T,T
vitamins,Meat-based dishes,4.11,MAHSHI KOOSA,محشي كوسا,FCT Kuwait,2.91,0.04,0.07,1.44,0.07,23.13,0.31,14.20,0.13,T
vitamins,Meat-based dishes,4.12,TIKKA MEAT,تكة لحم,Direct chemical analysis (MOH Bahrain),<2.00,0.53,0.66,38.80,<0.20,2.00,<1.00,<40,0.59,<1.00
vitamins,Seafood-based dishes,5.1,MACHBOOS HAMOUR,مجبوس هامور,Direct chemical analysis (MOH Bahrain),3.74,0.04,T,0.44,0.06,ND,0.08,T,0.21,ND
vitamins,Seafood-based dishes,5.2,MOMAWASH RUBYAN,اموش ربيان,FCT Kuwait,3.74,0.04,T,0.44,0.06,ND,0.08,T,0.21,ND
vitamins,Seafood-based dishes,5.3,FRIED SAFI,صافي مقلي,Direct chemical analysis (MOH Bahrain),<3.00,0.81,0.69,47.30,<0.20,2.00,<1.00,83.00,4.10,6.00
vitamins,Seafood-based dishes,5.4,GRILLED SUPREME,سوبريم مشوي,Direct chemical analysis (MOH Bahrain),<2.00,0.79,0.58,54.60,0.94,2.00,<1.00,<40,3.40,8.50
vitamins,Seafood-based dishes,5.5,RUBYAN MASHWI,ربيان مشوي,FCT Kuwait,0.37,0.04,0.03,2.48,0.41,0.02,1.29,T,2.17,T
vitamins,Seafood-based dishes,5.6,FISH SANEYA,صينية سمك,FCT Kuwait,1.10,0.09,0.13,3.26,0.18,0.01,0.98,17.20,0.39,174.74
vitamins,Seafood-based dishes,5.7,SALOONA SHURI,صالونة سمك شعري,Direct chemical analysis (MOH Bahrain),<2.00,<0.50,<0.50,13.30,<0.20,2.00,<1.00,<40,1.75,5.40
vitamins,Seafood-based dishes,5.8,HAMMSAT RUBYAN,حمصة ربيان,FCT Kuwait,2.84,0.05,0.17,0.57,0.12,32.34,0.53,44.30,2.11,T
vitamins,Seafood-based dishes,5.9,DRIED FISH,سمك مجفف,FCT UAE,ND,ND,ND,ND,ND,ND,ND,ND,ND,ND
vitamins,Seafood-based dishes,5.1,STEAMED CEABS (FROZEN),قباقب بالبخار مجمدة,Direct chemical analysis (MOH Bahrain),ND,ND,ND,ND,ND,ND,ND,ND,ND,ND
vitamins,Vegetables & legumes-based dishes,6.1,TABOULA,تبولة,FCT Lebanon,21.00,ND,ND,ND,ND,ND,ND,T,0.10,T
vitamins,Vegetables & legumes-based dishes,6.2,FATOUSH,فتوش,FCT Lebanon,7.20,ND,ND,ND,ND,ND,ND,T,0.10,T
vitamins,Vegetables & legumes-based dishes,6.3,MAHSHI WARAQ ENAB BI ZAIT,ورق عنب بالزيت,FCT Jordan,ND,ND,ND,ND,ND,ND,ND,ND,ND,ND
vitamins,Vegetables & legumes-based dishes,6.4,MALFOUF MAHCHI,ملفوف محشي,FCT Jordan,T,ND,ND,ND,ND,ND,ND,T,T,T
vitamins,Vegetables & legumes-based dishes,6.5,ACHAR BAHRAINI (MIXED PICKLES),آجار بحريني,Direct chemical analysis (MOH Bahrain),ND,ND,ND,ND,ND,ND,ND,ND,ND,ND
vitamins,Vegetables & legumes-based dishes,6.6,HOMMOS,حمص,FCT Lebanon,T,ND,ND,ND,ND,ND,ND,T,T,T
vitamins,Vegetables & legumes-based dishes,6.7,FALAFEL,فالفل,FCT Lebanon,T,ND,ND,ND,ND,ND,ND,T,0.10,T
vitamins,Vegetables & legumes-based dishes,6.8,FOUL MOUDAMAS,فول مدمس,FCT Jordan,10.00,ND,ND,ND,ND,ND,ND,T,0.20,T
vitamins,Vegetables & legumes-based dishes,6.9,EGG WITH TAMATO,بيض وطماط,Direct chemical analysis (MOH Bahrain),<0.20,<0.50,0.92,<2.0,<0.20,22.00,0.65,<40,2.12,<1.00
vitamins,Vegetables & legumes-based dishes,6.1,MOTHBAL,متبل,FCT Lebanon,ND,ND,ND,ND,ND,ND,ND,ND,ND,ND
vitamins,Vegetables & legumes-based dishes,6.11,BABA GHANOUJ,بابا غنوج,FCT Lebanon,T,ND,ND,ND,ND,ND,ND,T,0.10,T
vitamins,Vegetables & legumes-based dishes,6.12,SWEET CORN,ذرة حلوة,FCT Oman,13.70,0.40,0.10,2.70,0.10,76.50,ND,ND,ND,ND
vitamins,Vegetables & legumes-based dishes,6.13,MATHAI,متاي,Direct chemical analysis (MOH Bahrain),ND,ND,ND,ND,ND,ND,ND,ND,ND,ND
