id,fdc_id
16365,167512
16366,167513
11672,167518
16367,167524
16368,167526
16369,167529
11673,167532
16370,167532
16371,167535
16372,167536
11674,167537
16373,167537
11675,167538
16374,167538
11676,167539
16375,167539
11677,167540
16376,167540
11678,167541
16377,167541
11679,167542
16378,167542
11680,167543
16379,167543
11681,167544
16380,167544
11682,167545
16381,167545
11683,167546
16382,167546
11684,167547
16383,167547
11685,167548
16384,167548
11686,167549
16385,167549
11687,167550
16386,167550
11688,167551
16387,167551
11689,167552
16388,167552
11690,167553
16389,167553
11691,167554
16390,167554
11692,167555
16391,167555
11693,167556
16392,167556
