table,RecordCount,column,attributes,required,type,size,format,definition/notes,Unnamed: 9,Unnamed: 10,Unnamed: 11,Unnamed: 12,Unnamed: 13,Unnamed: 14
ACTIVITIES,2432.0,,,,,,,Biological activity/property of a chemical,,,,,,
ACTIVITIES,,ID,"Variable Length, Auto-Increment",False,Long Integer,4.0,,"Row number, excluding column header",,,,,,
ACTIVITIES,,ACTIVITY,Variable Length,False,Short Text,255.0,,Bioactivity ,,,,,,
ACTIVITIES,,ACTUPPER,Variable Length,False,Short Text,255.0,,"Bioactivity, normalized, all UPPERCASE",,,,,,
ACTIVITIES,,DEFINITION,Variable Length,False,Short Text,255.0,,Definition of Activity (currently duplicates Activity),,,,,,
ACTIVITIES,,REFERENCE,Variable Length,False,Short Text,255.0,,Abbreviated form of reference,,,,,,
ACTIVITIES,,USERID,Variable Length,False,Short Text,255.0,,User ID,,,,,,
ACTIVITIES,,CREATED,Variable Length,False,Date With Time,8.0,m/d/yyyy,Date record created,,,,,,
ACTIVITIES,,MODIFIED,Variable Length,False,Short Text,255.0,,Date record modified,,,,,,
AGGREGAC,28929.0,,,,,,,Aggregation of a phytochemical and a bioactivity,,,,,,
AGGREGAC,,ID,"Variable Length, Auto-Increment",False,Long Integer,4.0,,"Row number, excluding column header",,,,,,
AGGREGAC,,AGGNO,Variable Length,False,Double,8.0,General Number,Aggregation number,,,,,,
AGGREGAC,,CHEM,Variable Length,False,Short Text,255.0,,Phytochemical name,,,,,,
AGGREGAC,,ACTIVITY,Variable Length,False,Short Text,255.0,,Bioactivity,,,,,,
AGGREGAC,,DOSAGE,Variable Length,False,Short Text,255.0,,"Dosage amounts as LD50, Ldlo, PTD, RDA, ADI, etc.",,,,,,
AGGREGAC,,REFERENCE,Variable Length,False,Short Text,255.0,,Abbreviated form of reference,,,,,,
AGGREGAC,,MAJORACT,Variable Length,False,Short Text,255.0,,Major activity of phytochemical (currently not used),,,,,,
AGGREGAC,,USERID,Variable Length,False,Short Text,255.0,,User ID,,,,,,
AGGREGAC,,CREATED,Variable Length,False,Date With Time,8.0,m/d/yyyy,Date record created,,,,,,
AGGREGAC,,MODIFIED,Variable Length,False,Short Text,255.0,,Date record modified,,,,,,
ASSAY,2630.0,,,,,,,,,,,,,
ASSAY,,ID,"Variable Length, Auto-Increment",False,Long Integer,4.0,,"Row number, excluding column header",,,,,,
ASSAY,,FNFNUM,Variable Length,False,Double,8.0,General Number,'FNF' plant ID number,,,,,,
ASSAY,,INDIVIDUAL,Variable Length,False,Double,8.0,General Number,Number of individual assays?,,,,,,
ASSAY,,NAME,Variable Length,False,Short Text,255.0,,Author name associated with assay; also contains Aggregated/Unaggregated information,,,,,,
ASSAY,,COMMENTS,Variable Length,False,Short Text,255.0,,"Comments, especially Aggregated/Unaggregated information",,,,,,
ASSAY,,REFERENCE,Variable Length,False,Short Text,255.0,,Abbreviated form of reference,,,,,,
CHEM_MEANS,3832.0,,,,,,,,,,,,,
CHEM_MEANS,,ID,"Variable Length, Auto-Increment",False,Long Integer,4.0,,"Row number, excluding column header",,,,,,
CHEM_MEANS,,chem_id,Variable Length,False,Double,8.0,General Number,"Chemical ID number, = ID value in CHEMICALS table",,,,,,
CHEM_MEANS,,part_id,Variable Length,False,Double,8.0,General Number,Referenced plant part ID number,,,,,,
CHEM_MEANS,,cnt,Variable Length,False,Double,8.0,General Number,Number of plant species containg that chemical/part combination,,,,,,
CHEM_MEANS,,avg,Variable Length,False,Double,8.0,General Number,Average PPM for plants with,,,,,,
CHEM_MEANS,,std,Variable Length,False,Double,8.0,General Number,Standard Deviation,,,,,,
CHEMICALS,29585.0,,,,,,,,,,,,,
CHEMICALS,,ID,"Variable Length, Auto-Increment",False,Long Integer,4.0,,"Row number, excluding column header",,,,,,
CHEMICALS,,CHEM,Variable Length,False,Short Text,255.0,,"Phytochemical name, UPPERCASE",,,,,,
CHEMICALS,,CHEMID,Variable Length,False,Short Text,255.0,,"Chemical unique identifier name (packed UPPERCASE, no spaces, punctuation characters e.g. parentheses, hyphens, prime (apostrophe), & periods removed)",,,,,,
CHEMICALS,,CASNUM,Variable Length,False,Double,8.0,General Number,CAS Registry Number,,,,,,
CHEMICALS,,TODAY,Variable Length,False,Short Text,255.0,,[not used],,,,,,
CHEMICALS,,INITIALS,Variable Length,False,Short Text,255.0,,[not used],,,,,,
CHEMICALS,,USERID,Variable Length,False,Short Text,255.0,,User ID,,,,,,
CHEMICALS,,CREATED,Variable Length,False,Date With Time,8.0,m/d/yyyy,Date record created,,,,,,
CHEMICALS,,MODIFIED,Variable Length,False,Short Text,255.0,,Date record modified,,,,,,
CODES,8926.0,,,,,,,,,,,,,
CODES,,ID,"Variable Length, Auto-Increment",False,Long Integer,4.0,,"Row number, excluding column header",,,,,,
CODES,,PLNA,Variable Length,False,Short Text,255.0,,Plant name (Genus species),,,,,,
CODES,,PLCO,Variable Length,False,Double,8.0,General Number,Plant code (ID number),,,,,,
CODES,,AUTHOR ,Variable Length,False,Short Text,255.0,,"Taxonomic authority name, abbrev.",,,,,,
CODES,,VALID,Variable Length,False,Short Text,255.0,,?,,,,,,
