FNFNUM,CHEM,PPCO,INDIVIDUAL,REFERENCE,ASSAY,AMT_PLUS,AMT_LO,AMT_OR_HI,WEIGHTED,COMPARISON,TRACE,LESSTHAN,EOPCT_LO,EOPCT_OR_HI,REFYR,NAPREF,USERID,CREATED,MODIFIED
1,"12,13-EPOXYOLEIC-ACID",SD,0,,#1,,,,,,,,,,,,DUKE,10-DEC-97,
1,9-HEXADECENOIC-ACID,SD,0,,#1,,,,,,,,,,,,DUKE,10-DEC-97,
1,ALANINE,FR,0,,#1,7300.0,730.0,7300.0,,,,,,,,,DUKE,10-DEC-97,
1,ALPHA-TOCOPHEROL,OL,0,,#1,310.0,,310.0,620.0,,,,,,,,DUKE,10-DEC-97,
1,ARGININE,FR,0,,#1,8450.0,840.0,8450.0,,,,,,,,,DUKE,10-DEC-97,
1,ASCORBIC-ACID,PL,0,,#1,2340.0,190.0,2340.0,,,,,,,,,DUKE,10-DEC-97,
1,ASH,FR,0,,#1,70000.0,7000.0,70000.0,,,,,,,,,DUKE,10-DEC-97,
1,ASH,SD,0,,#1,47400.0,,47400.0,,,,,,,,,DUKE,10-DEC-97,
1,ASPARTIC-ACID,FR,0,,#1,14820.0,1450.0,14820.0,,,,,,,,,DUKE,10-DEC-97,
1,CALCIUM,FR,0,,#1,8100.0,810.0,8100.0,,,,,,,,,DUKE,10-DEC-97,
1,CALCIUM,SD,0,,#1,2100.0,,2100.0,,,,,,,,,DUKE,10-DEC-97,
1,CARBOHYDRATES,FR,0,,#1,760000.0,76300.0,760000.0,,,,,,,,,DUKE,10-DEC-97,
1,COPPER,FR,0,,#1,9.0,1.0,9.0,,,,,,,,,DUKE,10-DEC-97,
1,CYANIDIN-3-GLUCOSIDE-4'-GLUCOSIDE,FL,0,,#1,,,,,,,,,,,,DUKE,10-DEC-97,
1,CYANIDIN-4'-GLUCOSIDE,FL,0,,#1,,,,,,,,,,,,DUKE,10-DEC-97,
1,CYSTINE,FR,0,,#1,1900.0,180.0,1900.0,,,,,,,,,DUKE,10-DEC-97,
1,FAT,FR,0,,#1,10000.0,1000.0,10000.0,,,,,,,,,DUKE,10-DEC-97,
1,FAT,SD,0,,#1,220000.0,160000.0,220000.0,,,,,,,,,DUKE,10-DEC-97,
1,FIBER,FR,0,,#1,94000.0,9400.0,94000.0,,,,,,,,,DUKE,10-DEC-97,
1,FIBER,SD,0,,#1,210200.0,,210200.0,,,,,,,,,DUKE,10-DEC-97,
1,FOLACIN,FR,0,,#1,10.0,0.7,10.0,,,,,,,,,DUKE,10-DEC-97,
1,GAMMA-TOCOPHEROL,OL,0,,#1,430.0,,430.0,,,,,,,,,DUKE,10-DEC-97,
1,GLUTAMIC-ACID,FR,0,,#1,27100.0,2710.0,27100.0,,,,,,,,,DUKE,10-DEC-97,
1,GLYCINE,FR,0,,#1,4400.0,440.0,4400.0,,,,,,,,,DUKE,10-DEC-97,
1,GOSSYPETIN,FL,0,,#1,,,,,,,,,,,,DUKE,10-DEC-97,
1,GOSSYPOL,SD,0,,#1,70.0,,70.0,,,,,,,,,DUKE,10-DEC-97,
1,HISTIDINE,FR,0,,#1,3100.0,310.0,3100.0,,,,,,,,,DUKE,10-DEC-97,
1,IRON,FR,0,,#1,150.0,8.0,150.0,,,,,,,,,DUKE,10-DEC-97,
1,ISOLEUCINE,FR,0,,#1,6900.0,550.0,6900.0,,,,,,,,,DUKE,10-DEC-97,
1,KILOCALORIES,FR,0,,#1,3800.0,180.0,3800.0,,,,,,,,,DUKE,10-DEC-97,
1,LEUCINE,FR,0,,#1,10500.0,1050.0,10500.0,,,,,,,,,DUKE,10-DEC-97,
1,LINOLEIC-ACID,SD,0,,#1,44790.0,32575.0,44790.0,,,,,,,,,DUKE,10-DEC-97,
1,LYSINE,FR,0,,#1,8100.0,810.0,8100.0,,,,,,,,,DUKE,10-DEC-97,
1,MAGNESIUM,FR,0,,#1,6000.0,380.0,6000.0,,,,,,,,,DUKE,10-DEC-97,
1,MANGANESE,FR,0,,#1,100.0,10.0,100.0,,,,,,,,,DUKE,10-DEC-97,
1,METHIONINE,FR,0,,#1,2100.0,210.0,2100.0,,,,,,,,,DUKE,10-DEC-97,
1,MUFA,FR,0,,#1,1700.0,170.0,1700.0,,,,,,,,,DUKE,10-DEC-97,
1,MYRISTIC-ACID,SD,0,,#1,1540.0,1120.0,1540.0,,,,,,,,,DUKE,10-DEC-97,
1,NIACIN,FR,0,,#1,100.0,10.0,100.0,,,,,,,,,DUKE,10-DEC-97,
1,OLEIC-ACID,SD,0,,#1,100190.0,72864.0,100190.0,,,,,,,,,DUKE,10-DEC-97,
1,OXALIC-ACID,FR,0,,#1,103.0,,103.0,,,,,,,,,DUKE,10-DEC-97,
1,PALMITIC-ACID,SD,0,,#1,46640.0,33920.0,46640.0,,,,,,,,,DUKE,10-DEC-97,
1,PANTOTHENIC-ACID,FR,0,,#1,24.0,2.0,24.0,,,,,,,,,DUKE,10-DEC-97,
1,PECTIN,FR,0,,#1,,,,,,,,,,,,DUKE,10-DEC-97,
1,PECTIN,SD,0,,#1,21500.0,,21500.0,,,,,,,,,DUKE,10-DEC-97,
1,PENTOSANS,SD,0,,#1,142700.0,,142700.0,,,,,,,,,DUKE,10-DEC-97,
1,PHENYALANINE,FR,0,,#1,6500.0,650.0,6500.0,,,,,,,,,DUKE,10-DEC-97,
1,PHOSPHORUS,FR,0,,#1,6300.0,630.0,6300.0,,,,,,,,,DUKE,10-DEC-97,
1,PHOSPHORUS,SD,0,,#1,7900.0,,7900.0,,,,,,,,,DUKE,10-DEC-97,
1,PHYTOSTEROLS,FR,0,,#1,2400.0,240.0,2400.0,,,,,,,,,DUKE,10-DEC-97,
